"Gene","HR","p.value"
"PITX3",1.602,5.74083299939597e-10
"FAM117A",0.537,1.17152762815056e-09
"GNPNAT1",1.724,2.45724077142837e-08
"VAX1",1.259,2.77340360883865e-08
"DKK1",1.143,3.58133827491767e-08
"ESYT3",0.795,8.23910284400814e-08
"BZRAP1",0.757,8.28618616956213e-08
"INPP5J",0.752,1.30605460205985e-07
"PLEKHB1",0.761,1.38961120822603e-07
"MYLIP",0.609,1.44584156445932e-07
"LOC441869",0.793,2.37792295075696e-07
"ANLN",1.32,2.50572127904714e-07
"IRX5",0.836,2.85311792138758e-07
"SFTA3",0.879,3.0613355999234e-07
"RGS20",1.195,3.15145060393699e-07
"SLC47A1",0.799,3.60856726900046e-07
"LASS4",0.744,3.83964874322557e-07
"TLE1",1.761,3.88059643984146e-07
"LDHA",1.69,4.60722846865032e-07
"CMAH",0.753,5.3136264755315e-07
"LINGO2",1.255,5.42740369995421e-07
"SLC25A42",0.636,5.66596644826454e-07
"ENPP5",0.75,5.92763556030585e-07
"ERO1L",1.41,6.38285649537288e-07
"C1QTNF6",1.416,6.92811052011043e-07
"ZNF709",0.592,7.04719497598072e-07
"RHOV",1.208,7.3876158323314e-07
"KRT6C",1.123,8.79602664970944e-07
"ABCC6P2",0.771,9.78482829967657e-07
"NKX2.1",0.874,1.10373874112625e-06
"DENND1C",0.603,1.1702797871661e-06
"CREG2",1.204,1.26676586403566e-06
"GLS2",0.798,1.33528562693217e-06
"ZNF540",0.742,1.34319947561968e-06
"DTNBP1",0.426,1.35313793204423e-06
"GALNT2",1.787,1.42266930154921e-06
"IGFBP1",1.146,1.56514572738286e-06
"KRT6A",1.097,1.61285907212545e-06
"GNMT",0.768,1.63995166284231e-06
"SPATA6",0.738,1.72300889073533e-06
"AHSG",1.282,1.82585957837702e-06
"CIDEC",1.176,1.92104986814875e-06
"LOC100131726",1.234,1.94245780078202e-06
"CXCL17",0.875,2.32778587098047e-06
"FAM83A",1.221,2.35594220864477e-06
"MGC34034",1.457,2.39080541026462e-06
"CCT6A",1.532,2.58298892551616e-06
"LYPD3",1.185,2.74035434351221e-06
"FUT4",1.543,2.9264351536466e-06
"PRKCD",0.594,2.92843547079017e-06
"KLHDC8B",0.651,2.97849874293061e-06
"TMEM125",0.764,2.98945552148064e-06
"PLK1",1.317,3.02922823882342e-06
"GNG7",0.776,3.1057987498002e-06
"FKBP4",1.514,3.12729655970713e-06
"C11orf92",0.844,3.27848312653073e-06
"KRT6B",1.107,3.4896556402056e-06
"ABAT",0.764,3.58487601432485e-06
"GGA2",0.508,3.79885819478399e-06
"FAM189A2",0.827,3.80035148060244e-06
"BTN2A2",0.634,3.82980684215943e-06
"LDLRAD3",1.357,3.85180737722557e-06
"IVD",0.675,4.01810609810703e-06
"VDAC1",1.828,4.26924935738565e-06
"FUT1",0.68,4.44093039590327e-06
"ZFP3",0.723,4.53151719855702e-06
"PLEK2",1.351,4.53288560233925e-06
"GAPDH",1.517,4.70250729381917e-06
"SETDB2",0.556,5.07429850099802e-06
"CYP17A1",0.776,5.42291390578937e-06
"ARNTL2",1.248,5.5494760203287e-06
"NTSR1",1.142,5.67457216143545e-06
"FOSL1",1.193,6.57216161509226e-06
"CLIC6",0.863,6.74215707982936e-06
"DLGAP5",1.272,6.77606422303153e-06
"PPP1R13B",0.689,6.90078365191926e-06
"GPD1L",0.717,7.00113891493058e-06
"FLNC",1.187,7.09176482069357e-06
"ITGB1",1.653,7.41377989640236e-06
"CISH",0.755,7.42337467821572e-06
"C3orf18",0.651,7.57906149733633e-06
"LOC645166",1.315,7.86575790871137e-06
"ARHGAP11A",1.341,8.04752130153367e-06
"IKZF4",0.62,8.0522239462995e-06
"KRT18",1.479,8.58983773094561e-06
"MOCS1",0.712,8.70530583509659e-06
"ZNF77",0.582,8.71159768354225e-06
"SYT10",1.381,8.71894918115059e-06
"ECT2",1.378,8.89394842140045e-06
"PKP2",1.188,8.91114975981929e-06
"KIF14",1.258,8.94227784516783e-06
"USP4",0.508,9.16524574800264e-06
"EXO1",1.26,9.34087844107264e-06
"VEGFC",1.285,9.3575642862192e-06
"DAPK2",0.753,9.49987364264438e-06
"EPGN",1.226,9.81475741537729e-06
"MESDC2",2.058,1.00377971614127e-05
"ZNF44",0.609,1.04665116866721e-05
"PLCD3",1.314,1.05895052607874e-05
"BEX4",0.744,1.0656438747108e-05
"HMMR",1.291,1.18594320343068e-05
"SHC1",1.643,1.2544006912091e-05
"SFTPB",0.912,1.29207412108166e-05
"DNALI1",0.831,1.30310847851579e-05
"IGF2BP1",1.096,1.37512293458146e-05
"METTL7A",0.737,1.39698982269275e-05
"LRIG1",0.722,1.41834412261865e-05
"CCNB1",1.331,1.43529312426974e-05
"BEST3",1.219,1.46662502342479e-05
"DAAM2",0.821,1.48210907678818e-05
"CYP4B1",0.9,1.50108006653459e-05
"MFI2",1.212,1.56621902502795e-05
"GJB3",1.146,1.59260434382149e-05
"ZNF708",0.616,1.59353962423905e-05
"FSCN1",1.27,1.61180188292071e-05
"CA5B",0.611,1.621313113513e-05
"CLEC17A",0.808,1.63540839005082e-05
"FAM184A",0.828,1.64552948429704e-05
"SLC2A1",1.252,1.66160234406749e-05
"RHCG",1.129,1.69619226602245e-05
"MYOZ1",0.823,1.72197254260025e-05
"CCNA2",1.283,1.76517643926768e-05
"GGTLC1",0.88,1.79104985699819e-05
"HMGA1",1.338,1.79813451386924e-05
"ASPM",1.259,1.8186920859875e-05
"C20orf141",1.243,1.82181212275637e-05
"ZNF682",0.813,1.88798426751855e-05
"C7orf41",0.747,1.92244618700275e-05
"RRM2",1.283,1.94173942094198e-05
"ZNF763",0.71,1.9420235548642e-05
"ANKRD57",1.508,1.97228592362107e-05
"PGPEP1",0.614,2.04258988408948e-05
"SH2D5",1.182,2.07457777459709e-05
"KRT8",1.451,2.11064255301242e-05
"NLRP1",0.768,2.17969111307874e-05
"PRC1",1.327,2.21266242951393e-05
"YWHAG",1.771,2.21424268671925e-05
"TCTA",0.651,2.30139208002501e-05
"ATP8A1",0.792,2.31097712496381e-05
"STK33",0.845,2.3443637355066e-05
"SARM1",0.701,2.34711424137524e-05
"CACNB1",0.777,2.4425034719212e-05
"ZNF14",0.625,2.49171892189284e-05
"CBFA2T3",0.781,2.50131117779109e-05
"SMS",1.592,2.57301361533899e-05
"C17orf44",0.692,2.61372042348656e-05
"TMPRSS2",0.852,2.63649914654843e-05
"ACSM5",0.809,2.63889201456839e-05
"CHEK1",1.343,2.72144161019903e-05
"SNAI3",0.732,2.72231665594826e-05
"ZNF441",0.656,2.81220866630536e-05
"HJURP",1.245,2.814047434638e-05
"OIP5",1.251,2.83261218748938e-05
"BZW1",1.641,2.85215296147404e-05
"ORMDL3",0.601,3.01317150938902e-05
"CD109",1.219,3.01571122891356e-05
"XCR1",0.774,3.09238382313477e-05
"LOC100303728",0.671,3.09794087823586e-05
"TNS4",1.129,3.16174555920134e-05
"TMEM194B",1.631,3.22520901335771e-05
"PSMD2",1.725,3.24826836512936e-05
"FAAH",0.731,3.30655230192443e-05
"BMP5",0.873,3.30880170263954e-05
"PPM1M",0.665,3.34343660277818e-05
"CDKN3",1.241,3.50505619666293e-05
"NEK2",1.249,3.54896010551838e-05
"AMT",0.807,3.56845123117325e-05
"DSG2",1.359,3.5764819323088e-05
"INPP5B",0.65,3.61741093322968e-05
"PAQR9",1.257,3.65422459618508e-05
"SNN",0.614,3.6997304430467e-05
"MYO6",0.662,3.72688975768057e-05
"ABCA3",0.854,3.84182822168661e-05
"NAPSA",0.911,3.85800973986232e-05
"B4GALT1",1.626,3.86798211018278e-05
"CACNA2D2",0.894,3.88876682699618e-05
"TPX2",1.24,3.97641913557751e-05
"MBL1P",0.821,4.01460262250848e-05
"ERLIN1",1.667,4.10731954736643e-05
"RAD21L1",1.47,4.1268292068338e-05
"RFXAP",0.597,4.16592943301109e-05
"PNPLA7",0.821,4.21239534290703e-05
"LYAR",1.636,4.22445322509705e-05
"SERPINB5",1.094,4.27258151659067e-05
"ITGA6",1.257,4.31137736203254e-05
"LOXL2",1.242,4.40419823791034e-05
"ATP8A2",0.841,4.45835599092151e-05
"CD302",0.757,4.53482179751652e-05
"TMEM50B",0.638,4.65704978172388e-05
"PARP15",0.817,4.68276097398098e-05
"NXNL2",1.303,4.68627290280448e-05
"SLC4A8",0.832,4.85869880713804e-05
"SLC34A2",0.882,4.94151297206518e-05
"NEIL3",1.179,5.03474323751295e-05
"LOC654342",1.335,5.12324758352894e-05
"FAIM2",0.857,5.13378101669449e-05
"PAOX",0.658,5.14690590231926e-05
"CAMK1D",0.822,5.15498164510528e-05
"TFAP2A",1.173,5.17627545806648e-05
"FOXM1",1.237,5.1778210808912e-05
"ZNF493",0.76,5.24607280189103e-05
"ADM",1.226,5.30268130196512e-05
"ABCC2",1.095,5.30676033782664e-05
"ACSS1",0.795,5.3708887346949e-05
"CDC25C",1.246,5.41002784231945e-05
"CDH26",0.868,5.419982362837e-05
"HLF",0.868,5.45804147578088e-05
"C6orf218",1.259,5.4599332750895e-05
"STAP1",0.832,5.4842504992757e-05
"AHSA1",1.908,5.71522089398835e-05
"GPR98",0.873,5.79761336462709e-05
"MS4A1",0.883,5.79933217691037e-05
"WDHD1",1.335,5.81768659068418e-05
"MGAT5B",1.158,5.84382467785969e-05
"FAM125B",0.727,5.85757048211064e-05
"KIF18A",1.342,5.91434878406362e-05
"GRIA1",0.86,6.1973852357471e-05
"CD40LG",0.817,6.2140120381912e-05
"FAM76A",0.548,6.2444563131092e-05
"SNX30",0.773,6.6213093929238e-05
"ZNF253",0.679,6.6365873742228e-05
"E2F7",1.22,6.72153001293086e-05
"LRRC66",1.155,6.76252822267178e-05
"PPP1R3G",1.246,7.01071455197039e-05
"SPC25",1.26,7.05881975405636e-05
"BEND5",0.815,7.08391342948619e-05
"VIPR1",0.831,7.09453107281246e-05
"CHADL",0.78,7.15251934291735e-05
"CAPN3",0.825,7.16713089741629e-05
"ARRB2",0.628,7.18851813597191e-05
"KIF4B",1.305,7.19851753863351e-05
"ZC3H12D",0.778,7.26618396034294e-05
"AVEN",1.56,7.38158676452474e-05
"EXPH5",0.734,7.48258225032923e-05
"TMEM25",0.737,7.5260978289384e-05
"OPN3",1.236,7.53964994896786e-05
"LDB1",0.559,7.63263077755084e-05
"KIF20A",1.289,7.6757484391813e-05
"CKAP2L",1.238,7.74603823453577e-05
"CDCA5",1.266,7.76525124637889e-05
"FAM72A",1.241,7.77661694059924e-05
"SHCBP1",1.296,7.80342552599018e-05
"INSL4",1.087,7.80862641267077e-05
"FAM72B",1.238,7.86529795402303e-05
"F2",1.126,8.00229571462559e-05
"KYNU",1.166,8.02700415456943e-05
"KIAA1609",1.524,8.05156404322218e-05
"GPR78",1.236,8.47164679800733e-05
"LRP2BP",0.753,8.47610429163407e-05
"RBP5",0.776,8.49510812824406e-05
"ZNF512",0.621,8.56119344878085e-05
"C16orf89",0.908,8.6002428175985e-05
"LAMC2",1.205,8.68217389613733e-05
"FBP1",0.781,8.71896266346233e-05
"HSPA4",1.956,8.77411605739089e-05
"DPYSL2",0.753,8.80083123299445e-05
"ZNF563",0.687,8.82446284273224e-05
"ELF5",0.888,8.84309212083815e-05
"EHBP1",1.515,8.99631842184562e-05
"ZNF589",0.685,9.11295878230755e-05
"RPE",1.72,9.19590775729607e-05
"RHOF",1.272,9.20798732011639e-05
"CASC5",1.233,9.23668651503783e-05
"FCRL1",0.853,9.40172279630806e-05
"TNPO1",1.852,9.44471322485192e-05
"FETUB",1.202,9.47396505630054e-05
"C1orf210",0.739,9.5420970363011e-05
"DEPDC1B",1.222,9.76166240084085e-05
"PHF1",0.543,9.76215315128031e-05
"SGOL2",1.348,9.86894275344673e-05
"TMEM130",0.869,9.89753382342785e-05
"BEX5",0.843,0.000100149373991993
"ERO1LB",0.816,0.000100268201493102
"KIF4A",1.222,0.000100385419685982
"C20orf197",0.854,0.000100778861980371
"SGOL1",1.236,0.000101188910682321
"P2RX1",0.809,0.000101241046773592
"KPNA2",1.366,0.0001015513509854
"JMJD7.PLA2G4B",0.711,0.000101868219660685
"SRGAP1",1.34,0.000104853801783179
"ZNF266",0.666,0.000105065383548045
"GPR172B",0.84,0.000105100803552825
"VANGL1",1.57,0.000105869521251438
"PEBP1",0.608,0.000105930808195918
"TMEM170B",0.717,0.000106145058753642
"MOAP1",0.618,0.000106235057493322
"IRX2",0.898,0.000106636694637974
"CCR2",0.819,0.00010670785772932
"RAD23B",1.916,0.000108027897189899
"CD200R1",0.795,0.000108059075274238
"CLEC12B",0.773,0.000108532900005941
"KLRB1",0.812,0.000109625407888306
"RPS6KL1",0.791,0.000110528619503221
"B3GALT2",0.837,0.000110901351917656
"ZNF254",0.723,0.00011098937259383
"RGN",0.842,0.000111098620917277
"AKAP12",1.184,0.0001119998360997
"ADIPOR2",1.619,0.000112239875042435
"SEC61G",1.471,0.000112281694776315
"LMO3",0.891,0.000113441680627261
"KIAA1324",0.888,0.000115391026868134
"DTL",1.309,0.000116164096584057
"MTL5",1.171,0.000117396526725217
"GREB1L",1.145,0.000117758188671449
"KCNF1",1.153,0.000117797551951731
"KIF23",1.241,0.000117902352596427
"CDCA2",1.242,0.000118059224011785
"C12orf76",0.676,0.000118180420773345
"ZMYM6",0.504,0.00011829325380672
"NSUN7",0.777,0.000118400541935877
"ZNF136",0.631,0.000118746383666947
"MARCH4",1.17,0.000119240975127902
"C9orf30",1.623,0.000119679409478114
"DSG3",1.11,0.000120057297764504
"BCAR3",1.331,0.000120651239796197
"FCGRT",0.696,0.000120847448984951
"SKA3",1.25,0.000121200408246536
"C20orf108",0.645,0.000121841547361705
"ZNF25",0.656,0.000122689122464781
"TMOD3",1.621,0.000123993212989759
"IL16",0.775,0.00012444977092038
"TMEM8B",0.713,0.000124785336562095
"FAM46C",0.787,0.000125019129640472
"ARRB1",0.732,0.000125753602162549
"SLC16A1",1.192,0.000125977507845613
"PXMP4",0.818,0.000127172064553071
"SMOX",1.267,0.000129196502559487
"DNAJC27",0.623,0.000129588365343577
"DEPDC1",1.211,0.000130191340530698
"C2orf58",0.796,0.000130724640242941
"RCBTB2",0.695,0.000130952347375358
"GMPS",1.543,0.000131884991123871
"SEPT1",0.784,0.000133065013308562
"B3GNT8",0.833,0.000134025233818732
"USP44",0.852,0.000134603709052073
"TXNDC11",0.635,0.000135563004579416
"H2AFX",1.428,0.000135621325396398
"FAM13B",0.659,0.000137742906223697
"CSNK1E",1.662,0.000138621882835243
"PKM2",1.625,0.00013983466976519
"CLEC3B",0.841,0.00014108456904767
"BTG2",0.793,0.000142582223674735
"KSR2",0.846,0.00014332659016343
"SHISA2",0.875,0.00014422482555739
"TRAF3IP3",0.79,0.000146074501882049
"MAPK1IP1L",1.883,0.000147939532519901
"RAET1L",1.207,0.000149447182634163
"MAFK",1.304,0.000149463512656828
"CCR6",0.802,0.000149544126341565
"EIF3B",1.632,0.000149748749379571
"C18orf54",1.356,0.000150906932726933
"NDC80",1.222,0.000152110497480927
"CTCFL",1.205,0.000152408796102009
"GCDH",0.576,0.000152535596598123
"C11orf21",0.803,0.000152815464367403
"TK1",1.28,0.000153341820128445
"TSPAN32",0.815,0.000154367602813582
"TLR10",0.84,0.00015564571417713
"CTSH",0.81,0.000155845507447004
"THSD1P1",0.67,0.000156283177396219
"CDK1",1.248,0.000156728403224975
"CBX7",0.739,0.00015890234702572
"C12orf39",1.129,0.000158927116936942
"CTSL1",1.285,0.000160150330388236
"CYP20A1",0.492,0.000164110032416492
"PTPRH",1.133,0.000167642594587792
"RGAG4",0.801,0.000168483961836139
"KIF11",1.279,0.000168885968421805
"PDIK1L",0.622,0.000169505387360411
"ZNF555",0.623,0.000171163199120658
"ARL14",1.111,0.000171630866947847
"CDC42EP2",1.403,0.000171651492963029
"PLIN3",1.496,0.000172375404153411
"ANUBL1",0.611,0.000173088857985265
"C3orf71",0.663,0.000173622966376124
"ABCC6",0.831,0.000174498299630434
"ZNF10",0.696,0.000176479791574056
"DIAPH3",1.246,0.000176644044806286
"BTBD9",0.755,0.000178431337065457
"ZNF187",0.608,0.000178517828992145
"KRT81",1.103,0.000179834469860039
"MKI67",1.236,0.000180127933889849
"KIAA0408",0.914,0.000180311354411616
"ST6GALNAC6",0.682,0.000181454159702447
"ZNF43",0.785,0.00018171680266398
"ZNF502",0.808,0.000182841289412276
"C6orf195",1.399,0.000183268322216078
"WDFY4",0.833,0.000186287632102606
"XRCC5",1.952,0.000188471454194745
"PGS1",0.604,0.000188601633816443
"GYLTL1B",0.833,0.000189135591496088
"ZNF737",0.799,0.000189565668656966
"EPHX1",0.806,0.000189783406100184
"CLUL1",0.859,0.000191339471370044
"CDADC1",0.56,0.000191666148738788
"EIF5AL1",1.525,0.000191805321258604
"FAM9A",1.5,0.000193777794664875
"CCNB2",1.24,0.000194625220746112
"NPAS2",1.255,0.000194687467640419
"ASCL4",0.587,0.000195062925213489
"KCNV1",1.142,0.000196481845437458
"TMEM57",0.543,0.000196722763410399
"FAM72D",1.199,0.000198035144468137
"PTBP1",2.284,0.000198190872435759
"SLC16A3",1.325,0.000198954413467512
"FGF5",1.126,0.000200942541816647
"CD5",0.821,0.000203951248725735
"PERP",1.357,0.000205190276330542
"CDCP1",1.28,0.000206809999989769
"DBP",0.712,0.000207711832615592
"PLEC",1.356,0.000208779026305878
"NDST2",0.574,0.000209585780681346
"MAL",0.836,0.000210686166409599
"LIFR",0.793,0.000211726871949955
"PKHD1L1",0.84,0.00021272326450298
"HLA.DMA",0.805,0.000212999160047103
"FLJ42875",0.868,0.000214279530551719
"TACC3",1.332,0.000214346117946607
"LOC729678",0.66,0.000215769002636804
"GTSE1",1.233,0.000216280090040231
"PNMA2",0.854,0.00021648829366714
"ZNF333",0.606,0.000220503789658176
"CRTAC1",0.901,0.000221560303988376
"SCNN1B",0.875,0.000221656490796994
"CENPH",1.378,0.000222353897777158
"NAPSB",0.84,0.000222412818538172
"YWHAZ",1.612,0.000223203719507307
"FUCA1",0.7,0.000223296035289442
"RAB40B",0.733,0.000224017777282163
"C6orf41",0.763,0.000225397015908051
"VWA2",0.852,0.000225498580644074
"TRIM6",1.242,0.000225655297977502
"CCDC99",1.437,0.000225657904671781
"GPRIN2",0.862,0.000227441013648331
"PTGDS",0.846,0.000231060006711317
"PFKP",1.272,0.000231888705246634
"CAMTA1",0.614,0.000232308519988448
"TEAD4",1.391,0.000233764991826912
"UPK1B",1.082,0.000234314594841404
"MYO1E",1.368,0.000234341698084862
"MESDC1",1.672,0.000234568890265629
"IRX3",0.854,0.000235056783995375
"LOC646999",1.302,0.000235232250474886
"MBIP",0.783,0.000235556784985203
"PBK",1.196,0.000236629327170455
"STK32A",0.883,0.000236866106384958
"CENPF",1.224,0.000239355196550443
"DNAJB4",1.311,0.000240022021418977
"CENPE",1.228,0.000241474910810056
"GFI1B",0.73,0.000241919158056147
"HABP2",0.91,0.000242156895690652
"SLC46A3",0.766,0.000242554386350383
"EGLN1",1.466,0.000245075174036968
"HS3ST2",0.843,0.000245144479418568
"GPR116",0.849,0.000246172051619297
"LRRC3B",0.733,0.000247068171973998
"LOC284276",0.834,0.000247530534655312
"TGIF1",1.537,0.000248578345920503
"MLF1IP",1.276,0.00025020104071223
"SH3BP5",0.74,0.000252815498129165
"ZNF451",0.552,0.00025380026669124
"LY9",0.814,0.000255782737199862
"DNAJC28",0.716,0.00025608151724894
"PSMD12",1.752,0.000257088248062788
"WDR91",0.71,0.000257173621678556
"PGM2",1.425,0.000260739868331813
"NCAPG",1.223,0.00026139732763102
"FBXO9",0.629,0.000262010577989444
"MAP3K3",0.668,0.00026602337550325
"ACSL3",1.463,0.000267500153060847
"LRRC27",0.676,0.000269323459859184
"ASB2",0.816,0.000272111338410883
"PCDH7",1.163,0.000273159862206937
"PRDM2",0.61,0.000274280690544027
"ZNF483",0.75,0.00027600577310938
"DDX56",1.731,0.00027741495956416
"LPGAT1",1.519,0.000277626980953008
"UNC13B",0.777,0.000277860070463406
"TYMS",1.287,0.000279769875260546
"RIC3",0.862,0.000282272910119048
"CEP55",1.232,0.000282612945269993
"FAM131C",1.178,0.000287115800563532
"ZNF836",0.657,0.000291745846534534
"NCALD",0.804,0.000292599456232282
"AHNAK2",1.171,0.000292812931097879
"FAM82A1",0.773,0.000298113490802016
"ADC",0.771,0.000298138871248525
"ZNF490",0.593,0.00029912347328729
"PAICS",1.459,0.000300473800438116
"HLA.DOB",0.84,0.000300978949621293
"CKS1B",1.296,0.000302849164461591
"MYH16",1.167,0.000303437760878825
"RIPK2",1.414,0.000305558232609403
"SERPINB7",1.111,0.00030700720743883
"ZNF557",0.597,0.000307165497487442
"CD19",0.885,0.00031150789180618
"PRMT8",0.887,0.000315218378162038
"EIF2S1",1.718,0.000316195818300019
"TRIM7",1.17,0.000317568822702444
"CAMKK1",0.724,0.00031972933453402
"STRAP",1.501,0.000320094352099507
"MLLT6",0.68,0.000321083445597948
"ZNF564",0.575,0.00032198594530183
"TRIM28",1.644,0.000323272662167156
"RALGPS1",0.737,0.0003232985860942
"COL29A1",0.87,0.000323354100062353
"CDCA3",1.219,0.000325524962501121
"FBXO45",1.47,0.000326507625368975
"FMO3",0.815,0.000327564193708219
"MAD2L1",1.239,0.00032877943243922
"ST3GAL5",0.826,0.000329877066852937
"NPC2",0.806,0.00032987929304209
"CYP27A1",0.793,0.000331011389844813
"REV1",0.586,0.000331049212764057
"FANCI",1.324,0.000331520363239659
"FGD3",0.777,0.000331672814739856
"CIRBP",0.694,0.000331754320856311
"FKBP6",0.758,0.000333144117025786
"LOC283070",0.832,0.000334087189905745
"PRDM16",0.887,0.000334445915689137
"TMEM163",0.873,0.000336051424234911
"SERBP1",1.955,0.00033693927562634
"PXN",1.582,0.000337793510279704
"LOC127841",1.293,0.000341926896651601
"MAPRE3",0.777,0.000342275408861223
"CDKL2",0.869,0.000342308863851364
"NBN",1.555,0.000342563374160944
"DEFB103B",1.37,0.000343841511482307
"ACOXL",0.869,0.000343969973015382
"AP1S3",1.414,0.000344516410351418
"DNER",1.115,0.000345061407357827
"KIAA0664P3",0.818,0.000345669894177635
"PPFIBP2",0.739,0.00034694778746824
"PCP4L1",0.906,0.000348088676499849
"SYTL3",0.751,0.000349170415129669
"AP3S1",1.765,0.000350161506167886
"ZNF879",0.778,0.000350620689304996
"SNTB1",0.785,0.000352645361655089
"ASAP3",0.768,0.00035357494251111
"TPI1",1.521,0.000354490414165291
"TTC21A",0.787,0.0003559157626364
"ZNF506",0.73,0.00035797359375658
"ANGPTL4",1.15,0.000359359075268462
"EXT1",1.511,0.00036178558032181
"MAP4K4",1.417,0.000362079634529624
"CFTR",0.908,0.000364462351168941
"NEIL1",0.802,0.000366828587992985
"ANKRD13A",0.618,0.000367750500607689
"PKMYT1",1.227,0.000368740636206418
"PVR",1.438,0.000375159867965497
"DOPEY1",0.622,0.000375190543257623
"KCTD7",0.667,0.000376258058267304
"FAM41C",0.768,0.000376276812935018
"FXR1",1.676,0.000377163813861259
"WFDC2",0.86,0.000377842282960112
"SELENBP1",0.84,0.000381859335691349
"KLHDC9",0.845,0.000382513969017378
"CHKA",0.726,0.000384625965420958
"HERPUD1",0.688,0.000387590707880352
"CKAP4",1.449,0.000390877041268842
"IKZF3",0.838,0.00039229896718408
"GPR133",0.877,0.000395056338580777
"NICN1",0.675,0.000395075193851795
"IL11RA",0.728,0.000395161917816253
"KIF20B",1.336,0.000395883851561176
"CFL1",1.84,0.000396750423968953
"C15orf41",1.459,0.000401346572112456
"FAM122C",0.634,0.00040158269473878
"SLC6A17",1.138,0.000405582822040494
"BUB1B",1.216,0.00041008257059284
"AKT1S1",1.663,0.000416763191402262
"SFTPD",0.911,0.00042125507555699
"SIGLEC6",0.851,0.000422791617623561
"PSMD11",1.566,0.00042708591571078
"CNIH",1.411,0.000430449173209211
"ZMYND15",0.797,0.000431002319670222
"CDC20",1.206,0.000431830860947707
"KIAA1328",0.686,0.000439095113733811
"C5orf45",0.733,0.000439797882229312
"KRT14",1.091,0.000441278215515135
"GSK3A",1.766,0.000442135621551676
"LOC149620",0.872,0.000442515908069426
"ATG16L2",0.791,0.000445101277791837
"HPGDS",0.866,0.000445958105546668
"AGFG1",1.571,0.000446121519850685
"SIGLECP3",0.84,0.000448353159258142
"VDAC2",1.557,0.00045291148380787
"ZNF470",0.741,0.000454941969037796
"RPS6KA1",0.633,0.000456041070342117
"MTHFD1",1.566,0.000456508674534425
"GJB2",1.143,0.000456996779633491
"GPR55",0.807,0.000457638998846821
"P2RY13",0.832,0.000457711354546489
"TP53INP1",0.73,0.000459105376656164
"ECHDC2",0.776,0.000460511405558885
"ZNF396",0.727,0.00046111747908784
"IL1R2",1.151,0.000463779854510058
"PDK2",0.697,0.000465914132606211
"POLR3G",1.282,0.000468208917686182
"ACAP1",0.823,0.000468927933077346
"B3GNT5",1.329,0.000469734962377629
"SEMA4A",0.757,0.000472129154899696
"KIAA0101",1.233,0.000474066994841387
"SENP7",0.659,0.000474281790582977
"IMPG1",0.775,0.000477000326643837
"HDAC5",0.626,0.000477963134720602
"DUSP26",0.831,0.000480550683567235
"ZNF750",0.892,0.000480837412757658
"RPL13AP17",0.878,0.000483066845469145
"CXorf21",0.809,0.000484631848439421
"TTC16",0.839,0.000486453053526846
"GPR115",1.108,0.000486548251119641
"DOK1",0.707,0.00048750648091221
"FAM40B",1.153,0.000489538041276158
"CC2D2B",0.753,0.000490845409368053
"FEN1",1.386,0.000491322507637965
"BIRC5",1.193,0.000492405999545794
"POU6F1",0.7,0.00049320793872897
"C17orf88",0.627,0.000493425225197076
"AURKA",1.24,0.000499712548286481
"PLA2G4F",0.872,0.000500338141497162
"CTSL2",1.146,0.000502821868991643
"NBPF1",0.691,0.000503635698855568
"HSPD1",1.478,0.000505873567979542
"GNA14",0.834,0.000506033998654855
"SLC18A2",0.87,0.000509726775471699
"GPR37",1.147,0.000509900948958457
"SLC24A4",0.805,0.000510034856050094
"RAD51",1.246,0.000512159566828209
"FJX1",1.269,0.000512338858343096
"ZNF287",0.774,0.000515145275249321
"LOC113230",0.786,0.000518662816629365
"SPAG5",1.232,0.000519250974705616
"KAL1",0.848,0.000520367334203147
"SLAMF1",0.828,0.000520747904795768
"CES8",0.839,0.000523480334075071
"TRPA1",1.149,0.00052422589190019
"OGT",0.725,0.000524800074347793
"NCAPD2",1.358,0.000525739442099175
"KREMEN2",1.159,0.000529618019734647
"UCA1",1.098,0.000539404446347503
"GPC4",0.827,0.000546941146126484
"HSF2BP",1.253,0.000547661124095206
"PTGES3",1.553,0.000553495839856775
"TDRD10",0.879,0.000559661883591685
"ATP13A4",0.909,0.000563170249655082
"INTS7",1.572,0.000563508183534034
"DSC1",1.319,0.000565018433916083
"FCHSD2",0.607,0.000565114613499993
"PCMTD2",0.601,0.000567099743153132
"LRFN4",1.261,0.000568986013673475
"TREML1",0.791,0.000572263083243608
"YKT6",1.582,0.000572750617047176
"NR0B2",0.902,0.000572924439435784
"BCAN",1.142,0.000577436207545566
"LOC284440",0.746,0.000577795396477978
"HPSE2",0.823,0.000578319554708494
"PRRT3",0.78,0.000578362084963802
"MRPS17",1.396,0.000579578771395354
"LOC100270804",0.8,0.000580869140140112
"PANX1",1.559,0.00058311082512652
"TH",1.165,0.000583266249877048
"GGT6",0.91,0.000587461122106649
"GRAP2",0.82,0.000589882070422331
"NR3C2",0.844,0.00059060580475111
"CYP2B7P1",0.911,0.000591811446254053
"EPN1",1.659,0.000592078545343744
"NEDD1",1.621,0.000592797038591793
"VSIG2",0.91,0.000593064922194158
"BMS1P4",0.804,0.000594899127180247
"MTUS1",0.78,0.00059709296830209
"ZNF75D",0.669,0.000600340642439204
"SLC44A1",1.465,0.00060177149281056
"CD1C",0.878,0.000606125984005387
"DRP2",1.166,0.000606643153002042
"MTMR2",1.609,0.000607190488116071
"C15orf42",1.204,0.000608179525461711
"CMAS",1.439,0.000608646743725817
"COL4A3",0.893,0.000609552647856859
"ANP32B",1.781,0.000611308396942531
"SCML4",0.835,0.000611871249511919
"GALNT11",0.674,0.000613982210910146
"AP2M1",1.695,0.000617566496920655
"ZNF238",0.801,0.000617685376523644
"PAR.SN",0.811,0.000618267894844371
"LAMB1",1.308,0.00061839425009805
"TSPYL2",0.714,0.000619780214843099
"ROM1",0.742,0.000619941397689129
"S100A16",1.258,0.000624421279384098
"GAB3",0.789,0.000626469337255442
"H2AFZ",1.406,0.000629391442304949
"UCK2",1.212,0.000638142095763148
"MS4A15",0.918,0.00064351406607937
"MUSTN1",0.824,0.000645696294747897
"MTMR8",0.806,0.000645789948554661
"OR1F1",1.271,0.000652021552475022
"IER5L",1.224,0.000654853867872163
"GPR75",0.764,0.000654986483924251
"KCNA2",0.765,0.000656258499778997
"ZNF831",0.839,0.000660811873898756
"UNC5D",1.138,0.000662825249598993
"BLK",0.883,0.00066524477991708
"CAV3",0.753,0.000666014353937883
"LOC283663",0.833,0.000667226063143473
"SKA1",1.197,0.00066883124594277
"FAM179A",0.862,0.000670087368542814
"KIF2C",1.197,0.000675997649358614
"MFSD2A",0.837,0.000680024600658127
"KIAA0125",0.879,0.000680180732992801
"CECR1",0.808,0.000684200786552017
"PGAM1",1.607,0.000689750902094312
"SNTG2",0.718,0.000695420942613946
"CDC25A",1.228,0.000697987365011677
"TFEB",0.744,0.000698646969363685
"B4GALT4",1.378,0.000699185260382675
"ENOX1",1.252,0.000700991239951136
"TNFRSF13B",0.866,0.000707618884523587
"CNGA3",0.906,0.000709108342866233
"TESK2",0.701,0.000709214673165396
"RASGRP2",0.832,0.00071100810012086
"SCN7A",0.886,0.000713042561389048
"CMTM7",0.749,0.000714362590483184
"CENPK",1.226,0.000715731414559869
"SNAI2",1.211,0.000717728651507445
"RTL1",1.153,0.000719736812232785
"DARS2",1.423,0.000720089323455713
"GANC",0.692,0.000723140619942174
"ZNF20",0.627,0.000726780609940496
"LRRC37B",0.686,0.000735630782269913
"MDFI",1.192,0.000736392259085401
"UBE2S",1.252,0.000739212045402475
"NUP62CL",1.248,0.000742305706737896
"YARS2",1.539,0.000743324513737136
"TRDMT1",0.715,0.000747188211395217
"C4BPA",0.919,0.000749107737550124
"TTLL2",0.835,0.000754747742397528
"IGJ",0.878,0.000754872213748856
"TRIM62",0.65,0.000757816451665703
"FAIM3",0.822,0.000760316945304403
"PTK7",0.769,0.000766715411889571
"CLCN6",0.71,0.000766744708011138
"SFXN1",1.481,0.0007694549828326
"TSNARE1",0.775,0.000772145556038007
"MFSD2B",1.248,0.000777335413338334
"SLC16A11",0.848,0.000777628612795811
"CDT1",1.234,0.000781759884369882
"ZKSCAN4",0.646,0.000782109871983118
"NCRNA00092",0.818,0.000786579872243181
"MCM4",1.268,0.000789236090834405
"P2RY8",0.814,0.000793990575551966
"MEI1",0.833,0.000794734499074001
"CENPA",1.173,0.00079565123001589
"RAB11FIP4",0.712,0.000796412865068799
"GPI",1.427,0.000797167111479811
"CCDC66",0.67,0.000798010085256681
"FRS3",0.7,0.000800530016006567
"RNF130",0.669,0.000800865630492003
"HMGCLL1",0.856,0.000801033385779304
"LY6K",1.087,0.000801746611703465
"IL2",0.697,0.000803046208848563
"EIF5A",1.442,0.000804883199067974
"BLM",1.262,0.000808499334738046
"DNAH1",0.836,0.000808872839658822
"TNNC2",0.899,0.000811521901573902
"C16orf5",0.753,0.000812611949267434
"KLK11",0.925,0.000819080089728381
"PRCD",0.74,0.000821486386210492
"CROCCL1",0.782,0.000821614199948388
"FAM83B",1.106,0.000822912576864708
"TBCD",0.652,0.000825043964061417
"PSTPIP2",0.777,0.000827677591411121
"CACNA1D",0.873,0.00083123092358908
"LRMP",0.841,0.000832023151876694
"SMC2",1.378,0.000832319030661493
"KCNK17",0.86,0.000832461577119943
"SYT15",0.864,0.000835379589797583
"LOC401588",0.726,0.000839078081261913
"C21orf70",1.468,0.000840857831967396
"UHRF1",1.228,0.000841281859007794
"ZMAT1",0.849,0.000847708168904646
"LPPR1",0.902,0.000850328012827356
"NUSAP1",1.248,0.000850458389788634
"FCRL3",0.872,0.000851930119972869
"FURIN",1.213,0.000854031791740852
"ZFP28",0.779,0.000855883671380146
"HNRNPR",1.886,0.00085792094676352
"CD79A",0.877,0.00086655170593278
"KLF15",0.861,0.000870167354214754
"TRIM59",1.337,0.000871995072459476
"C4orf43",1.647,0.000874817110925333
"EPB41",0.67,0.000876067337537995
"PCP2",0.841,0.000879434348198189
"RNASE1",0.856,0.000881506940325933
"CDC6",1.204,0.00088287193354613
"ZNF19",0.677,0.000884016257870942
"LOC253039",0.723,0.000888180372136242
"C1QTNF9B",0.804,0.000888329312384848
"LTC4S",0.827,0.000889934554401812
"ZNF154",0.81,0.000890020319969178
"FSTL3",1.229,0.00089075397680502
"CD1D",0.816,0.000892955762111017
"LOC100128640",0.76,0.000897849328973794
"ATP8B3",1.151,0.000899435343861514
"C18orf45",0.688,0.000903414638697379
"BCAR1",1.462,0.000904083427008469
"ZNF80",0.833,0.000908457857654695
"DERA",1.417,0.000915918141505601
"FAHD2B",0.777,0.000916408471200353
"CHIA",0.918,0.000917856426187388
"HLA.DPB1",0.845,0.000917930769850397
"ZNF211",0.734,0.000924101023649219
"JAG1",1.264,0.000925997997177225
"ATP6V1G2",0.75,0.000926665799110164
"GPX8",1.263,0.000926678114688984
"C21orf34",0.825,0.000932296850923725
"COL21A1",0.878,0.000933592244122332
"TEX15",1.101,0.000934255473767002
"IGFALS",0.868,0.000934327018009749
"FCRL6",0.84,0.000935023430402009
"C12orf11",1.459,0.000940232317492446
"PLEKHA9",1.538,0.000941394551239083
"ESPL1",1.175,0.000944004288530781
"SEC14L4",0.886,0.000945051818160729
"COL6A6",0.886,0.000947834782383471
"ACSS3",0.845,0.00095225102552399
"RUFY3",0.663,0.000953764020834987
"RIMKLA",0.868,0.000957904895274689
"FAM64A",1.177,0.000961261016020977
"STXBP1",0.798,0.000961700697221871
"RHPN2",1.251,0.000965560659387785
"N4BP2L1",0.772,0.000966371752773061
"LMNB2",1.359,0.000967040278793195
"TRIML2",1.231,0.000967876551914255
"BIRC3",1.216,0.000969377520644384
"ADRB2",0.847,0.000972868378149535
"IGF2BP3",1.109,0.000974321794591372
"NPAS1",1.21,0.000979942258235589
"ADCY9",0.778,0.000983054575720259
"ALDOA",1.412,0.000983848833520171
"KIR2DL1",0.8,0.000984154571404749
"SATB2",1.24,0.000985508159182074
"C18orf18",0.726,0.00098708007675918
"FCRLA",0.885,0.000990104235817724
"KLHL32",0.847,0.000990427092498426
"PTTG1",1.237,0.000990557323823773
"GSTM2",0.813,0.000992443051095093
"CDCA4",1.335,0.000992617945468721
"SUSD2",0.899,0.000996479902837922
"NCL",1.67,0.000997529693255772
"SLC25A34",0.793,0.0010005272838585
"LIPK",1.163,0.00100121235390601
"CCT4",1.51,0.00100832922597639
"WDR19",0.683,0.00100911712657832
"COQ10A",0.668,0.00101413095744443
"EMR4P",0.85,0.00101995655211662
"FAM83D",1.209,0.00102100360583407
"C19orf36",0.843,0.0010213004170197
"C4orf38",1.319,0.00102155510609418
"ZNF439",0.808,0.00102557649448272
"NLRC3",0.786,0.00102596292307336
"RACGAP1",1.272,0.00103097948149171
"SPATA5",1.446,0.00103908994665393
"LILRA4",0.859,0.00103930120199047
"WFIKKN2",0.819,0.00104043981832044
"ERCC6L",1.234,0.00104273825506232
"DTYMK",1.36,0.00104393171224706
"SPHK1",1.202,0.00104407372100109
"SPOCK1",1.116,0.00104495242184174
"CALM3",1.694,0.00104622932720287
"AKNA",0.745,0.00104761928017262
"LGR4",1.273,0.0010566734193275
"ZNF248",0.696,0.00105828105289199
"ALDH2",0.794,0.00105869341677557
"SS18L1",0.704,0.00106305097753964
"RRN3P1",0.834,0.00106354535539836
"ALG3",1.463,0.00106501956312547
"GGT3P",0.848,0.00106733282821546
"CRYL1",0.733,0.00106809041729941
"KCNG1",1.145,0.00107820350575165
"C19orf46",0.835,0.00108459393165868
"NPIP",0.773,0.0010853658848293
"C22orf31",0.758,0.00109189179816975
"HNRNPC",1.77,0.00109506481073461
"ENPP4",0.768,0.00109717948009003
"C4orf31",0.895,0.00109834416678817
"EPB41L5",0.751,0.00110417377783716
"TCN1",1.067,0.0011098462095534
"HTATIP2",1.373,0.00111534713645161
"DMWD",1.512,0.00111667768643965
"CDC42BPB",1.546,0.00112922502565677
"BUB1",1.196,0.00113491715839123
"CBX5",1.459,0.00113595911987551
"NOD1",0.755,0.00114072660395094
"UPF0639",0.834,0.0011423233583699
"CENPM",1.243,0.00114233967764839
"CYCS",1.403,0.00114373562370154
"CASP14",1.123,0.00114457227996978
"AMPD1",0.873,0.00114489616516394
"LETM2",1.236,0.00114722576949519
"C17orf53",1.211,0.0011530591441763
"NCAPH",1.194,0.00115463935579065
"RSRC1",1.483,0.00115631575477084
"HOXA13",1.13,0.001158860576606
"EIF4G1",1.575,0.00116246461400601
"MAST3",0.688,0.00116279280029862
"EMR3",0.851,0.0011720671895385
"HMGA2",1.073,0.00118657165858234
"ZMYND12",0.818,0.00119382190013772
"IQCC",0.708,0.00119867275478541
"BEST2",1.444,0.00120427916874574
"SPRR1B",1.07,0.0012102639105059
"ARVCF",0.792,0.00121168216023878
"GADD45G",0.838,0.00121217502641599
"MCM10",1.166,0.0012128754206764
"SMARCD3",0.808,0.00121301565947395
"SUOX",0.651,0.00121873085632666
"HERC1",0.701,0.00122171680174469
"MTMR9L",0.82,0.0012236877659467
"GRAMD1B",1.135,0.00122650372844279
"NIPSNAP3B",0.742,0.00122986975165024
"NEDD4",1.337,0.00123113828513721
"SCPEP1",0.775,0.00123220508454874
"MELK",1.173,0.00123261929752808
"IRX6",0.91,0.00123507010885869
"RXRB",0.574,0.00123721284857031
"BTN2A3",0.761,0.00124117110682888
"PXK",0.749,0.00124174965364647
"FIGF",0.905,0.00124200755818489
"CCT6P1",0.744,0.00124486392320454
"CD79B",0.855,0.00124919627899158
"LMOD3",0.782,0.00125068510438763
"ZC3H15",1.686,0.00125315524716173
"INMT",0.879,0.00125385959717087
"CHRDL1",0.898,0.00125739245222035
"SALL2",0.833,0.00126769523055036
"RDX",1.381,0.00126851596333857
"CIITA",0.848,0.00127257490484385
"BTK",0.841,0.00127385063305312
"TRPC2",0.818,0.00127638320980463
"HPS1",0.649,0.00127998112255578
"ACADSB",0.771,0.00128229314689332
"ZNF429",0.761,0.00128610914967762
"GUCY1A3",0.791,0.00128629562812961
"HSDL1",0.659,0.00128676119245009
"ARHGAP9",0.817,0.00129150888553905
"MUSK",0.814,0.00129176118574225
"FCRL2",0.884,0.00129524408781006
"KDM4C",0.62,0.00129602391301345
"C4orf7",0.917,0.00129750019525219
"KRT9",1.31,0.00129792693578292
"ZNF662",0.834,0.001300568454105
"NUPR1",0.823,0.00130065440646071
"PSMD1",1.515,0.00130776060455637
"HEMGN",0.705,0.00130933590002017
"CCDC28A",0.68,0.00131094350731961
"TICAM1",1.515,0.00131510608024708
"ITGAL",0.826,0.00132060914514421
"SCARF1",0.779,0.00132378945113511
"PKIB",1.15,0.0013298900216948
"LOC728643",1.419,0.00133328134063214
"LOC400027",0.685,0.00133568999175094
"NTRK3",0.847,0.00133872533233499
"HLA.DQB2",0.898,0.00134312435720408
"CCDC101",0.659,0.00134703325017648
"WDR37",0.643,0.0013477948734886
"TRIM29",1.087,0.00134979133916586
"JOSD1",1.591,0.00135045291256899
"HEATR2",1.526,0.00135584780800757
"CD1E",0.893,0.00136134277389368
"GOLM1",1.299,0.00136482044722293
"CDH17",1.08,0.00136582367554134
"GDPD1",0.777,0.00136660116523883
"ZWILCH",1.398,0.00136710952746116
"GSTM5",0.84,0.00136725018100335
"CGNL1",0.818,0.00137363527237987
"SMARCAL1",2.116,0.00137719747778411
"TTLL12",1.371,0.00137731797018271
"MCM5",1.404,0.00137847568505267
"IL20RB",1.103,0.00138053097426215
"TUBA1B",1.446,0.00138427783140133
"TMEM110",0.615,0.00138512753965553
"NDRG2",0.808,0.00139002671157104
"CLCN1",1.179,0.0013953299635639
"TMEM150A",0.752,0.00139909656002194
"C21orf128",0.868,0.00140002520227298
"ROGDI",0.704,0.00140627860426452
"YPEL1",0.763,0.00140771835068676
"GPR44",0.816,0.00140978625018948
"FHIT",0.794,0.00141264678525438
"ADHFE1",0.86,0.00141276891270776
"HEMK1",0.685,0.00142389650018601
"STK24",1.503,0.00142490898914011
"ARAP1",0.66,0.00142715153766227
"KLRG2",0.88,0.00143058713356372
"EZH1",0.667,0.00143065405296
"RAC1",1.593,0.00143462566708429
"CD1B",0.884,0.001439690677165
"TP53I3",1.297,0.00144026688329738
"MAP4K1",0.835,0.00144086688739871
"RG9MTD3",0.675,0.00144299186482929
"LOC728989",0.794,0.0014431586062607
"ALS2CR8",0.728,0.00144429508397503
"ZNF442",0.762,0.00145031097762706
"CLECL1",0.846,0.00145569921361924
"C1QTNF7",0.874,0.00145947641128092
"UPRT",0.65,0.00145985913621722
"MAP3K8",0.755,0.00146060367634088
"KLHDC7A",0.899,0.00146604646443592
"KCNK3",0.885,0.00146828541474869
"KIAA0495",0.727,0.00147145468640171
"MGP",0.842,0.00147781409973891
"IL22RA1",1.133,0.00148076777466348
"RBM5",0.681,0.00148179288169491
"GUCA2B",1.13,0.0014830513794638
"LCA5",0.793,0.00149586963534354
"LOC147727",0.717,0.00150078292492841
"SMNDC1",1.771,0.00150203525789019
"CLDN2",0.929,0.00150673320207432
"ZIC5",1.109,0.00151368975724905
"CACNB4",0.839,0.0015176536857138
"PA2G4",1.6,0.00152289770412416
"ACAD8",0.761,0.0015300850390108
"ZBTB48",0.678,0.00153340827778593
"CCT3",1.493,0.00153569911958019
"HLA.DQA1",0.873,0.00153887945172227
"LOC100170939",0.845,0.0015421497713965
"NGEF",1.137,0.00154387920594232
"CASP12",0.774,0.00154481992441496
"KREMEN1",0.797,0.00154573799129843
"MS4A2",0.885,0.00154873997489574
"FMO4",0.809,0.00155205087235298
"UNC45B",0.802,0.00155499384825205
"PLA2G3",0.903,0.00155582033521509
"ZNRF3",0.724,0.00155711127779436
"CD6",0.829,0.00155977326587986
"ZNF554",0.662,0.00156191081258631
"CYTSB",1.321,0.00156791743398198
"GLB1L2",0.865,0.00157194249906883
"PSMB7",1.495,0.00157793680469638
"LOC144571",0.75,0.00157894967568714
"PRKCB",0.831,0.00158023149237283
"ZNF141",0.706,0.00158318319058487
"RHOQ",0.631,0.0015864493604968
"PTPN6",0.643,0.00159190567085327
"ZNF101",0.676,0.00159193631908143
"ICA1L",0.77,0.00159249498642578
"IFT172",0.759,0.00159473668134873
"HMHA1",0.765,0.00159808284250528
"GCET2",0.791,0.00159869615869777
"CX3CR1",0.873,0.00160280196423419
"SLC15A2",0.867,0.00160870424336273
"TMEM35",0.859,0.00161124435845094
"NID2",1.214,0.0016114370693679
"ZNF185",1.322,0.00161494916668966
"STYK1",1.209,0.0016185781403211
"INPP5A",0.669,0.00162231652860838
"DKFZP434K028",1.618,0.0016333330686249
"SDHAP3",0.824,0.00163823274893184
"KIAA1543",0.775,0.00164396125299814
"RXFP1",0.839,0.00164580846254023
"HLA.DMB",0.842,0.00164843448583091
"PTCH1",0.8,0.00165057250328303
"AQP4",0.932,0.00165408471493388
"FAM129C",0.871,0.00165430989733613
"STK17B",0.731,0.00165585019440761
"ANKRD6",0.759,0.00166244395076567
"LOC100130093",0.735,0.00166721798921095
"DDX47",1.566,0.00167343237068167
"RNF166",0.672,0.00167999227190317
"IGSF10",0.872,0.00168093310697841
"IDO2",0.832,0.00168428036469479
"LMNB1",1.274,0.00169108828367285
"NUP37",1.413,0.00169147888565702
"BUB3",1.611,0.00169350942814901
"UBE2C",1.154,0.00169748486608227
"TCEAL3",0.739,0.0017052607541088
"NCR3",0.848,0.00171147162785752
"PARM1",0.86,0.00171653644791508
"KLHL6",0.839,0.00171875341347019
"ESCO2",1.209,0.00171926045705509
"SDCBP2",1.14,0.00172656412089912
"DSCC1",1.216,0.00172692658841819
"CCDC48",0.843,0.00172822197904576
"FAM21C",0.608,0.00173217475157257
"CLEC10A",0.87,0.00173260022292834
"ZNF697",1.317,0.00173461767867516
"DCUN1D1",1.469,0.00174236579983784
"CHRNA6",0.8,0.00174301328768917
"FRZB",0.839,0.00174767994514723
"KCNK5",0.864,0.00174871291858241
"SEMA4B",1.278,0.00175277865621316
"MCART3P",0.624,0.00175918736671609
"KRT16",1.081,0.00176026281849485
"GPRASP1",0.778,0.00176058047970042
"ELOVL6",1.153,0.00176074675567021
"KPNA4",1.61,0.00176284291338283
"KIAA1529",0.846,0.0017638749312318
"MERTK",0.782,0.00176994827638366
"SCN2B",0.87,0.00177400454963396
"CTF1",0.822,0.00177708995418436
"NT5C3",1.417,0.00177784408536576
"TAPT1",0.724,0.0017779494135248
"ITIH4",0.875,0.00177948751655116
"ZSCAN16",0.705,0.0017803652456686
"ORC1L",1.198,0.00178259448956849
"ATP8B2",0.792,0.00178655530718419
"UCHL5",1.593,0.001787515413375
"C7orf49",1.568,0.00178761062058538
"CLNK",0.795,0.0017907205477889
"DPEP2",0.84,0.00179375931768381
"EID2B",0.725,0.00179606265062354
"ZFYVE20",0.637,0.00179912198727105
"HMGN3",0.749,0.00180175891036145
"SPAG8",0.851,0.00180390776490687
"FMO2",0.863,0.00180622823602786
"HLA.DRB5",0.887,0.00180700318604292
"ZAP70",0.855,0.00180903668586015
"BAIAP2L2",1.117,0.00181141326017769
"RCAN2",0.836,0.00181755110410769
"DDIT4",1.208,0.00181963769575842
"SEMA3C",1.204,0.00182174551861813
"NUF2",1.167,0.00182181008644198
"ST3GAL6",0.804,0.00182268936347159
"STC1",1.165,0.00182434651902511
"C11orf16",0.9,0.00182560745917923
"OSGIN2",1.35,0.00182954395456647
"GPR31",0.687,0.00183211600716423
"MCART6",0.788,0.00183366307922054
"CTSG",0.89,0.00183466347469562
"ZNF182",0.665,0.0018374448786642
"TUBB1",0.8,0.00183779345444868
"PHF14",1.569,0.0018388198574555
"HDC",0.875,0.00183971507269054
"NAIP",0.797,0.00183999563405219
"CENPN",1.312,0.00184268758527354
"CDCA8",1.215,0.00184339448707234
"PRKCE",0.731,0.00185616558705533
"APOL1",1.232,0.0018600182199987
"SORT1",0.739,0.00186166846335677
"CAT",0.751,0.00186384288486511
"SELK",0.652,0.00187017801349026
"SUSD3",0.821,0.0018705777399827
"GSG2",1.229,0.00187362045925078
"CLEC4F",0.866,0.00187745594976735
"ARMCX6",0.705,0.00188301268411444
"TM4SF20",1.099,0.00188897933671802
"DNASE1L3",0.892,0.0018901666535152
"SEPP1",0.832,0.00189058371466296
"GMPR",0.826,0.00189263984209909
"C9orf139",0.838,0.00189909583195017
"GHRL",0.825,0.0019024527850226
"MTMR10",0.654,0.00190370828774357
"SH2B1",0.736,0.0019177417345197
"SPNS3",0.844,0.00191956517721054
"C16orf74",1.149,0.00192076414119159
"PLOD2",1.179,0.00192512285223339
"TMEM11",1.522,0.00192560561865651
"LIN9",1.372,0.0019256450378742
"KL",0.849,0.00192611573136539
"ABCC8",0.878,0.00193325869554923
"SLC26A5",0.861,0.00193950513994313
"MAPK6",1.372,0.00194501090052285
"CTSZ",0.737,0.00194649242984527
"ZNF625",0.807,0.00194748923053243
"FYCO1",0.731,0.00195192913880867
"CLEC18A",0.851,0.00195974269950884
"LOC554202",1.097,0.00196042602359968
"ATIC",1.589,0.00196134997654797
"PAX5",0.887,0.00196328974975783
"CCR4",0.872,0.00196420415208268
"CASS4",0.845,0.00196472297263643
"THYN1",0.661,0.0019694179136051
"FLJ37453",0.732,0.00196988681033288
"ZNF536",0.769,0.00197508929539949
"CPS1",1.055,0.00198161651730399
"XBP1",0.749,0.00198858632584177
"ZWINT",1.231,0.00200085256922521
"CHAF1B",1.279,0.0020075970770319
"SCN4B",0.865,0.00201145831457892
"TYRP1",0.882,0.00201385042279497
"FAM65B",0.842,0.0020187090815601
"FBXO44",0.757,0.00202295889137294
"TRIM24",0.707,0.00202777708819224
"C7orf23",0.755,0.00202991348879304
"EPS8L3",1.067,0.00203103534841404
"ITGA9",0.864,0.0020320786871292
"SNW1",1.959,0.00203284931082984
"CROCCL2",0.818,0.00203977139457783
"SLC14A1",0.854,0.00204065305775204
"ABCC12",0.778,0.00204139927288553
"UBE2E3",1.467,0.00204682256986418
"PLIN5",0.863,0.00204883590423339
"TUBA1C",1.382,0.00204931919105612
"C20orf132",0.773,0.00206314645290995
"BBS5",0.718,0.00206367578687543
"C20orf96",0.78,0.0020667523634852
"SAMD13",1.164,0.00206708798546558
"WDR4",1.437,0.00206791550108715
"AP2A1",1.664,0.00207279212455399
"CORO1A",0.809,0.00207516959500461
"ADAMTS8",0.896,0.0020782453683687
"PLK4",1.229,0.00208173419424079
"C15orf23",1.281,0.00208184560755772
"PRR11",1.155,0.002083037213893
"TM4SF19",1.133,0.00209066143501045
"RAB10",1.525,0.00209096543750872
"MPP7",0.811,0.00209714115447055
"LOC145837",0.922,0.00211173973232934
"CRCT1",1.179,0.00211606114727532
"CPXM2",0.872,0.00211741664442676
"PRICKLE2",0.799,0.00212115762361898
"TTK",1.162,0.00212699766285212
"OSCP1",0.776,0.00213033753444448
"AMICA1",0.841,0.00213423080702449
"PTPRVP",0.798,0.00213790314521773
"SYTL1",0.823,0.00213996461815417
"TRIM38",0.656,0.00214142969990213
"CDC45",1.163,0.00215065814506548
"G3BP1",1.584,0.00215091566112
"DHDH",0.862,0.00215648154834697
"ANXA10",1.071,0.00216272521641884
"ADH1B",0.927,0.00217966488028988
"GPRIN1",1.213,0.00219145723329507
"SLC27A1",0.762,0.00219227388217803
"EPR1",1.166,0.00219247454859066
"BCAM",0.828,0.00219258894904814
"AIPL1",1.577,0.00219269906770988
"SLC22A10",0.646,0.00220981265056522
"C10orf105",0.823,0.00221372723320194
"MND1",1.2,0.00222149991811709
"FAM25A",1.222,0.00223064045707391
"CD164L2",0.878,0.00223657398148919
"CASZ1",0.801,0.00223747019587121
"CR2",0.909,0.0022389952132178
"ASPH",1.207,0.00224640855034029
"BZW2",1.393,0.00225218247896781
"CYP4Z2P",0.84,0.00225320131197067
"GJB4",1.101,0.00225637099741783
"HSD17B13",0.885,0.00225958146190564
"FRMD6",1.203,0.00227285404461526
"HRG",1.185,0.00227406970645062
"RGS13",0.865,0.00227465337695255
"FCER2",0.889,0.00227524696583974
"SASH3",0.828,0.00227653963858553
"ICAM3",0.75,0.0022781084558498
"KCNA6",0.838,0.00228143291074266
"RCBTB1",0.663,0.00229097135567516
"ASB16",0.804,0.00229204764424575
"RGS11",0.86,0.00229441464199962
"MFAP4",0.873,0.0022953775337921
"LRP5L",0.82,0.00230318955326185
"TEPP",0.894,0.00230792415647289
"ZNF345",0.736,0.00231097961868781
"NISCH",0.703,0.00231305639453121
"AURKB",1.158,0.00231468568615574
"NXPH1",1.13,0.00231935303166692
"SCGB3A1",0.94,0.00232706192637259
"ATP6V1B2",0.67,0.00233534751658365
"CCDC69",0.808,0.00234275060378797
"CHIT1",0.913,0.0023448767818246
"CENPC1",0.612,0.00234627915307335
"CRBN",0.639,0.00234764064165088
"RPL23AP64",0.816,0.00234852104774106
"ITGA5",1.233,0.00235910125005747
"C1orf114",0.884,0.00236399284125691
"SPIB",0.882,0.0023689151068337
"ELMO2",0.612,0.00237121261741498
"HAGH",0.687,0.00237158919816987
"FAM54B",0.579,0.00237241031928288
"LOC283174",0.903,0.00237795861049019
"C9orf140",1.197,0.00237894578925565
"IRF4",0.867,0.00238639137001649
"HOXA9",1.13,0.00240138750484098
"BTLA",0.847,0.00241061512620345
"C16orf86",0.787,0.00241297934073446
"LRRC56",0.827,0.00241818244136079
"ZNF785",0.724,0.0024183358131663
"CCDC34",1.274,0.00244629179475896
"PGC",0.951,0.00244759317929107
"ALK",0.854,0.00245882196408302
"EIF3J",1.597,0.00246037543345348
"CXCR6",0.828,0.00246531758531157
"HTR1D",1.112,0.00246717849168683
"ZFP2",0.81,0.00246957602855488
"PPP4R1L",0.838,0.00247039887031318
"PMEPA1",1.227,0.00247128229193143
"FGF12",1.117,0.00247210444597959
"ANKDD1A",0.755,0.00247423181988721
"TNFRSF6B",1.138,0.00247615798913622
"HSPA9",1.521,0.00247744983152476
"HLA.DRB1",0.87,0.0024787519063194
"GFRA3",0.926,0.00248166345812462
"KRBA1",0.758,0.00248328132067891
"PYHIN1",0.852,0.0024919173140899
"KLK8",1.07,0.0024937593962251
"UBE2D1",1.525,0.00249807506679262
"DRAM1",0.827,0.00249854333956381
"EIF2AK3",0.645,0.00250057388885613
"DENR",1.619,0.00250848593143902
"MBTPS2",1.498,0.0025101367218293
"ANKRD32",1.256,0.00251128096368685
"CACYBP",1.431,0.00251935152079938
"R3HDM1",1.544,0.00252076005591967
"RND3",1.202,0.00252517943107193
"CMTM5",0.715,0.00252812417126194
"KIFC1",1.19,0.00252931043947217
"KIT",0.893,0.00253590088991318
"CDK5R1",1.231,0.00253735102960061
"EREG",1.066,0.00254275009654471
"SMAP2",0.688,0.00254587454036689
"DNAH5",0.874,0.00254920984956489
"PGM5",0.864,0.00255021719149333
"AKD1",0.769,0.00255057966679451
"RFTN1",0.811,0.002553372686965
"MAGEH1",0.766,0.00255408720911677
"CAPZA1",1.574,0.00255680755516482
"C1orf127",0.851,0.00256478551715123
"ATAD3C",0.856,0.00257431956609013
"DNAH8",0.807,0.00258454040611351
"SPC24",1.172,0.00258958648852711
"RALGDS",0.688,0.00258980394565089
"EIF4H",1.739,0.002591243666001
"MRPL15",1.339,0.00259810316645593
"POLE2",1.18,0.00259947421488856
"CYP2U1",0.77,0.00260261070729153
"P2RY14",0.823,0.00260301108443658
"ERRFI1",1.218,0.00260350529103785
"HSD17B7P2",0.788,0.00261534214882104
"FLJ10038",0.7,0.00261899955426647
"BEST4",0.837,0.00262004559135386
"RGL1",0.806,0.00262211295928913
"RCCD1",1.367,0.00262288738853017
"SYNE1",0.838,0.00262323093427768
"FAM55B",1.227,0.00262972646957666
"ATP2B1",1.279,0.0026304839555287
"TFG",1.531,0.00264236818305456
"C8orf80",0.866,0.0026500490758323
"CRYBA4",0.724,0.00265166153348347
"GDF15",0.874,0.00265905394176709
"PGAM4",1.367,0.00266003263931589
"CBWD2",0.622,0.0026699328180528
"SIRT2",0.645,0.00267570442407825
"AKR1A1",0.647,0.0026784402401726
"NMUR1",0.83,0.00268037704453778
"NPBWR1",1.15,0.00268106155983466
"SNORD116.20",0.84,0.00268551595032906
"BDH2",0.745,0.00271853378978922
"SIGLEC11",0.857,0.00272226417327956
"TLE2",0.817,0.0027301470304494
"CCDC88C",0.778,0.00274162505140393
"OR51E1",1.139,0.00274397449898107
"AGER",0.913,0.0027469900166267
"KHDRBS2",0.885,0.00275051184378288
"BCL9L",1.353,0.00275815942619457
"NNT",0.736,0.00275838684908234
"C18orf8",0.613,0.00276041881184447
"TCP1",1.504,0.00276284581351991
"NRAS",1.431,0.00276375682515379
"PRR15",1.097,0.00276423210231407
"EPM2AIP1",0.653,0.00277229583993638
"MTBP",1.244,0.00277681303043218
"C15orf17",0.671,0.00278323465369177
"ABCC6P1",0.87,0.00279860174299601
"TLR2",0.848,0.00280006106080151
"C1orf230",0.887,0.00280705381875755
"RPS6KA5",0.787,0.00280711958904233
"GRWD1",1.685,0.00281002383334264
"SLCO4A1",1.136,0.00281654342032854
"ZNF347",0.785,0.00281740293584278
"IFNE",1.128,0.0028264465831715
"CD52",0.843,0.00283060504973441
"CASC3",0.606,0.00283692665901254
"C20orf194",0.748,0.00284376593674275
"FKBP9",1.424,0.00284872576676253
"ZNF100",0.771,0.00285489518424069
"WDR3",1.459,0.00285672126418071
"RNF175",0.84,0.00286262614521934
"C1orf190",0.838,0.00286337243702465
"DNASE2B",0.871,0.00286372658647809
"SYP",0.833,0.00286438114241665
"PBX4",0.817,0.0028689588255884
"ZCCHC18",0.817,0.00286982723437158
"TMPO",1.327,0.00287136514261039
"CHAD",0.885,0.00287145011484411
"HNRNPK",2.498,0.00287248916192115
"SEC14L3",0.868,0.00287836485916973
"MRPL42P5",0.816,0.00288272954386043
"CAMTA2",0.658,0.00288345351355642
"TBC1D10C",0.841,0.00288807997615981
"HCN2",1.135,0.00288819267598177
"TMEM63C",0.917,0.0028910508573417
"ZNF574",1.574,0.00289378053910884
"C16orf88",1.519,0.00290195943025088
"RASGRF1",0.906,0.00290247581910232
"NCBP1",1.623,0.0029132281243024
"WDTC1",0.664,0.00291727749491485
"ZNF91",0.747,0.00291786128539701
"ADRB1",0.893,0.00291857313528623
"AKTIP",0.656,0.00291995885590588
"SFTPC",0.955,0.00292590424569833
"PLA2G1B",0.918,0.00292614533511244
"SNX20",0.839,0.00293356969035992
"MAOB",0.863,0.00293400131387782
"SNRPA1",1.389,0.00293451914081608
"NAA50",1.513,0.00294486792772043
"GNAI3",1.615,0.00294487579016806
"ANP32A",1.642,0.00294671238540844
"LRRC8A",1.381,0.00296228528263321
"NCAPG2",1.258,0.00296703158325418
"GUSBL1",0.733,0.00297161613388296
"C5orf58",0.827,0.00298008792893917
"ARHGEF6",0.814,0.00298058086089112
"TNFSF13",0.794,0.00298218252962917
"ABCA8",0.906,0.00298248090557837
"WBP11",1.597,0.00298644648472269
"SCAI",0.734,0.00298744230470696
"C6",0.912,0.00299108515602269
"ZNF767",0.803,0.00299475735250604
"LRRC10B",0.895,0.00300106881023569
"TOMM40",1.356,0.0030049639775651
"ARHGAP30",0.808,0.00300690859476755
"ZNF397OS",0.713,0.00303584289376306
"BCL2L10",1.153,0.003039260613164
"ARHGAP25",0.788,0.00306133643606262
"SYAP1",1.463,0.0030633480411707
"ACTN2",0.85,0.00306510482151666
"SLCO1B3",1.066,0.00307553246597664
"ITK",0.857,0.00309108297344411
"MRI1",0.73,0.00309162727034974
"C9orf128",0.842,0.00309511268119131
"AMIGO1",0.815,0.003095205915045
"DARS",1.607,0.00310194439079697
"KBTBD8",0.826,0.00311578997753247
"FGD2",0.838,0.00311580099333774
"CWC25",0.546,0.00312208463342744
"PEBP4",0.93,0.0031274607895286
"IZUMO1",0.74,0.00313037455788001
"EIF2C4",0.717,0.00313266951135144
"LRRC36",0.881,0.00313333159006807
"COX6B2",1.127,0.0031363870064057
"RAB35",1.775,0.0031399560496801
"FAF2",1.578,0.00314027914015217
"RUNDC2C",0.821,0.00314395438980685
"WDR67",1.286,0.00314958057439113
"HEATR1",1.516,0.0031513641194959
"FRRS1",1.204,0.00315704149184987
"TOP2A",1.17,0.00316165875295132
"HLA.DPB2",0.862,0.00316294890818974
"GPR153",1.222,0.00316312728572409
"CPSF2",1.653,0.0031687949520571
"CERKL",0.842,0.00318178609759293
"DMAP1",0.683,0.0031902749047296
"KSR1",0.818,0.00319107433092682
"ANK2",0.857,0.00319172850191144
"CD74",0.856,0.00319503504063019
"RGL2",0.716,0.0032091836216065
"ZNF738",0.785,0.0032098998544547
"LAX1",0.869,0.00321283841052504
"TEX14",0.79,0.00321429578205795
"CDKAL1",0.631,0.0032221666117934
"CD226",0.839,0.0032274907326983
"BCAT2",0.735,0.00323618615242235
"ATP1B2",0.84,0.0032374721197104
"POPDC3",1.084,0.00324279405326752
"TBRG4",1.429,0.00325042781844522
"SLFNL1",0.872,0.00325163865118412
"TMEM213",0.911,0.00325476508193572
"LY6G5C",0.764,0.00325639565565563
"LOC286367",0.809,0.00326306388389854
"LIMD1",0.754,0.00327676394978331
"C17orf108",0.786,0.00327709176362222
"CCR7",0.861,0.00328362719405775
"CD22",0.879,0.00329246251618015
"LOC100128191",1.263,0.00329634333694913
"HLA.DRA",0.861,0.00329808704796109
"ATF7IP2",0.8,0.00330133311288583
"PIK3CG",0.859,0.00330152295713474
"LOC100188949",0.822,0.00330479280570798
"ZNF691",0.649,0.00330884408535459
"GARS",1.414,0.00332499433444201
"ALG8",1.456,0.00333432034284345
"C1orf101",0.824,0.00333604130846705
"PTGDR",0.819,0.00334063292688075
"MAGEA8",1.1,0.00334298835423182
"PER3",0.852,0.00334589586696694
"PPIA",1.416,0.00334812688146715
"ISCU",0.623,0.00335093541381804
"SP6",1.143,0.00335615865880493
"C1orf168",0.907,0.00336433552495428
"CD160",0.798,0.00336502876026165
"DUT",1.501,0.00336836644750362
"TNFRSF19",0.854,0.00337405749634834
"SLC7A8",0.848,0.00338233125820381
"KANK1",0.765,0.00338569042429499
"ZCWPW2",0.781,0.00339403274797618
"CLSPN",1.156,0.00339892921735149
"C1QL2",0.914,0.00339974334705468
"TTLL10",0.88,0.00340057083958596
"LOC283922",0.823,0.00340071522589826
"F2RL1",1.184,0.00342122947567264
"NRL",0.728,0.00342319818684638
"KLRG1",0.821,0.00342438485628705
"C9orf68",0.858,0.00342874110528524
"GDPD2",1.172,0.00344321131640984
"EFHC1",0.792,0.00345051896237619
"MLL5",0.673,0.00346287153529913
"TCF21",0.88,0.00347333498484301
"ATP1A4",0.787,0.00347988852415081
"SEPW1",0.779,0.0034892858605756
"NUP50",1.652,0.00349197831676954
"CH25H",0.889,0.003497068073449
"C13orf18",0.848,0.00351017581642348
"UBE2T",1.202,0.0035107167022207
"C5orf20",0.874,0.00351256148175463
"UCN2",1.122,0.00351267864336599
"NOLC1",1.493,0.0035219403102195
"PUS10",0.704,0.0035223272464465
"SPIN4",1.292,0.00352315210710959
"SLC26A11",0.734,0.00352565471209463
"FAM54A",1.182,0.00353296392463818
"OLFM1",0.886,0.00353346581517421
"FUCA2",1.4,0.00353415340762036
"SLCO4C1",0.896,0.00353477528582821
"KIAA1632",0.722,0.0035387010251986
"LPCAT1",0.847,0.00353973350609853
"FADD",1.507,0.00354815869307283
"CUL9",0.729,0.00354914089894995
"BTNL9",0.875,0.00355179433671251
"LOC728392",0.82,0.0035556725552201
"TNFSF12",0.757,0.00355696806925662
"LPAR6",0.783,0.00356131955780001
"EIF3M",1.592,0.00357109936868531
"MFNG",0.787,0.00357244018400577
"LDHD",0.871,0.00358128744373488
"IKZF5",0.658,0.00358258390964013
"BNC1",1.109,0.00359849678980145
"PHACTR1",0.854,0.00360389815725724
"TTC23L",0.839,0.00361125541421905
"RASSF5",0.789,0.00361255750228475
"GAPT",0.86,0.00361917273494053
"PTPRC",0.85,0.00362095385465331
"ACTN1",1.319,0.00363083141446541
"ATP11B",1.447,0.00363165111757114
"FXC1",0.639,0.00364040148396933
"RSPO1",0.868,0.00364119608567847
"NUDCD1",1.343,0.00365138931024648
"CPA3",0.905,0.00365350132199183
"USP5",1.55,0.00366681762510074
"FLJ37543",0.698,0.00369422151806929
"ITGB4",1.16,0.00369949389707697
"MARVELD1",1.29,0.00370325246974465
"RASAL3",0.831,0.00370543860461095
"TRIM39",0.62,0.00371794416691399
"HCFC2",0.717,0.00371980095516326
"CCDC153",0.863,0.00372125573152044
"LOC400752",0.801,0.00372911252771467
"PBXIP1",0.758,0.00372946264403923
"UPK2",1.113,0.00373775911209513
"XRCC6",1.627,0.00374014008444392
"ZNF552",0.756,0.00374038045504625
"RANGAP1",1.479,0.00374811551849488
"DNAJC9",1.444,0.0037641633055602
"ASPA",0.835,0.00377557178341868
"LOC202781",0.771,0.00377790511933507
"ALOXE3",1.148,0.00377960619592549
"MAP3K12",0.766,0.00380165704472051
"CAND1",1.347,0.00380624725822667
"CKMT2",0.873,0.0038064821263461
"TROAP",1.14,0.00381321880770977
"HLA.DOA",0.87,0.00381564328129356
"RAN",1.36,0.00381628830174338
"ZNF773",0.768,0.00382125411405384
"HVCN1",0.782,0.00382223838914851
"RAP1GAP",0.885,0.0038356045146668
"NOP2",1.368,0.00385265356672923
"CPEB3",0.695,0.00385309532768676
"PLSCR1",1.298,0.00385366938816766
"TNS1",0.823,0.00385627449666158
"FAM111B",1.193,0.00386201903168268
"ANXA2P2",1.301,0.0038626112093904
"EGLN3",1.125,0.0038631628342809
"TMEM132D",0.913,0.00386359826607839
"DSC2",1.209,0.00386508905985074
"KCNJ11",0.882,0.00386780394375836
"RFX5",0.652,0.00386792298201044
"TSPAN11",0.9,0.00387368514582732
"PLA2G12B",0.922,0.00387534158604787
"TXNRD1",1.148,0.00388607094651977
"MYRIP",0.887,0.00388712273125801
"ZNF780B",0.729,0.0038872565207846
"MS4A14",0.851,0.00389499579525377
"ZNF257",0.884,0.00389742183548788
"SPN",0.849,0.00391579081008795
"SYT2",0.903,0.00392536388970974
"CXCR5",0.883,0.00392538045978871
"C16orf59",1.208,0.00392584412158419
"TFDP1",1.338,0.00392946954585505
"WWP2",0.686,0.0039612987993011
"KCNS2",0.818,0.00396633783433059
"PPP1R13L",1.269,0.00396658511960661
"PNRC2",0.606,0.00396971204277494
"SFTA1P",0.916,0.00398829536274805
"NUDT9P1",1.237,0.00399053997083659
"TSPAN7",0.884,0.00400344451763668
"C1orf135",1.179,0.00400439301151385
"CD2",0.846,0.0040059418780388
"CAMSAP1L1",1.54,0.00400754242917415
"PIK3IP1",0.78,0.00401005596577767
"C7orf46",0.794,0.00401085861941482
"KIF18B",1.146,0.00402617456579046
"PAK2",1.57,0.0040261945474579
"SLAIN1",0.849,0.00403151463314218
"MC1R",1.231,0.0040349175855381
"RG9MTD2",1.383,0.00403681148110725
"LOC100130557",0.823,0.00403992979507118
"SFI1",0.743,0.00404324996646749
"CCT8",1.561,0.00404735318752654
"TMEM171",1.122,0.00405235226134769
"SDK1",0.892,0.00405371886708156
"SH3GL1",1.535,0.00407290629829292
"MRPS35",1.372,0.00408950924837769
"BSDC1",0.549,0.00409627760258206
"AGPS",1.573,0.00410188466961716
"CYLD",0.716,0.00411442329268039
"NINJ2",0.846,0.00411944528637591
"POLD2",1.417,0.00412372625190623
"KCNQ1",0.878,0.00412861072396514
"NMI",1.362,0.00413964281840276
"GOLGA2B",0.85,0.00414830585015612
"SH3TC2",1.138,0.00415077404601018
"AGMAT",1.186,0.00415748073173584
"TSLP",0.864,0.00416061385911946
"CTBP2",1.59,0.00416326655102508
"MYBL2",1.131,0.00417577280632651
"CD200R1L",0.579,0.0041837169849977
"KRAS",1.339,0.00419253424799144
"RAI2",0.822,0.00419599906331233
"PKD1L2",1.096,0.00419997163482869
"KLF14",1.218,0.0042015984654026
"ZNF440",0.772,0.00421853341484463
"CD27",0.865,0.00422090299337212
"SHC3",0.885,0.00423020585605132
"LOC284749",0.864,0.00423238226433744
"KLRAQ1",0.636,0.00423513172416866
"ZNF79",0.634,0.00423898434876029
"OPA3",1.465,0.00424693722257047
"CARHSP1",1.38,0.00424759744027676
"KLC4",0.722,0.00424912506457663
"LOC283404",1.18,0.004253657795646
"MST1P2",0.892,0.00425716347644028
"MCOLN2",0.851,0.00426346805674466
"PDE6B",0.86,0.00426640517787675
"POU2AF1",0.894,0.00427681697337248
"ANO9",0.84,0.00427798793997259
"CCDC84",0.779,0.00427823004048212
"CPAMD8",0.901,0.00427874642690061
"RAB39B",0.849,0.00428471535693156
"DEF6",0.755,0.00429857467246072
"CANT1",1.419,0.00430286391127696
"ZNF491",0.797,0.00431212839767157
"C3orf62",0.743,0.00432520494017268
"FCAMR",0.873,0.00433130506095502
"KIAA0748",0.866,0.00435234819503842
"DIP2B",1.434,0.0043529119497319
"CCDC154",0.886,0.00435558612762236
"NCRNA00115",0.81,0.00435967600338101
"ZDHHC15",0.875,0.00436289529211855
"COL19A1",0.841,0.00436861752889615
"WDR47",0.698,0.00438030333741672
"C14orf33",1.268,0.00438628668102948
"PPAT",1.311,0.00439205303275787
"CRHBP",0.814,0.00439547737381385
"GPC3",0.886,0.00440010270654317
"CCNE1",1.15,0.00440319270757949
"ZNF781",0.806,0.00441142703925733
"MPND",0.721,0.00442316124310156
"CCL3L3",0.844,0.0044248878489276
"PABPC1L",0.872,0.00444174691582123
"KRT7",1.221,0.00444805205126636
"C1orf186",0.875,0.00445298516144018
"CST5",0.878,0.00445331687016118
"PRKCZ",0.806,0.00445618044291846
"PPID",1.573,0.00446317413867567
"P4HA1",1.312,0.00446489913286246
"RHOH",0.847,0.00447105184240219
"ENPP1",1.149,0.00447885347136266
"UBXN11",0.8,0.00448587303396125
"UMODL1",0.918,0.00449557443791344
"DNAJC18",0.735,0.00451279850157421
"SQRDL",1.302,0.00451659621808386
"C6orf134",0.761,0.00452084284083162
"SAMD3",0.848,0.00452775801145983
"OR52N4",0.795,0.00453208152603871
"NFIX",0.846,0.00453546862414501
"ZIC2",1.082,0.00453759240467552
"ARHGEF3",0.694,0.00453824852764532
"INPP4A",0.649,0.00454476606537768
"SEPT4",0.797,0.00455128388256776
"ESX1",1.214,0.00455214711422545
"DOCK4",0.792,0.0045541373835939
"F12",1.166,0.00455535318373602
"PPOX",0.741,0.00456092956477536
"UBE2H",1.485,0.00456360616234717
"KRT86",1.131,0.00456447774699733
"GUSBL2",0.779,0.00457851740016876
"NTS",1.067,0.00457898009860915
"PAPL",1.117,0.00458035822000676
"DDX52",1.532,0.00458773482077414
"HEPN1",0.644,0.00460224442370797
"ZNF337",0.742,0.00461101746290681
"MCM6",1.29,0.00461102126973838
"SIT1",0.861,0.00462991313772251
"FARSB",1.536,0.00463345606554977
"OR2A4",0.839,0.00463767024948035
"C21orf125",1.105,0.00465467520001604
"DCP1B",0.748,0.00465988731251277
"ZNF2",0.583,0.00467229406458544
"YES1",1.426,0.00467659647417847
"RRP1B",1.514,0.00467727451584914
"RCN1",1.39,0.004684686294516
"UBE2V2",1.392,0.00468632894390589
"MASP2",0.839,0.00469030101828873
"SCO1",1.581,0.00469465478884332
"SNHG12",0.831,0.0046962571962915
"TWF1",1.355,0.00470082767010752
"TUBGCP6",0.786,0.00470680742415318
"LOC100128822",0.777,0.00470707281961439
"CCDC157",0.821,0.00471619285231751
"SLC29A1",0.736,0.00471769528199134
"SLC11A2",0.691,0.00472983321937751
"ANXA2",1.303,0.00473564866321218
"NUP210L",0.905,0.00473672440937447
"LOC100270710",1.281,0.00473836281382891
"ZNF434",0.549,0.00474144778886987
"SLC25A29",0.81,0.00474185732291678
"CD37",0.847,0.00474285121315891
"RIPK3",0.798,0.00474320533142305
"PIK3CD",0.808,0.00474601996121643
"REV3L",0.759,0.00474935619988081
"IRF8",0.849,0.0047606432459751
"GMFG",0.82,0.0047730856830676
"ProSAPiP1",0.824,0.00479953767544758
"C14orf34",1.162,0.00480599995293767
"SLFN14",0.795,0.00481064461602229
"PLEKHH2",0.848,0.00481110137726644
"NPRL2",0.656,0.00482018716625333
"C5orf38",0.917,0.00482570957712932
"VMAC",0.69,0.0048291913385779
"ANKRD44",0.854,0.00482987307999126
"NPHP1",0.803,0.00483762973354022
"ANKRD55",0.837,0.00485136387592983
"C20orf56",0.931,0.00485740828194495
"TPBG",1.244,0.00486024477137072
"GSTA3",0.848,0.00486205196186905
"C12orf36",1.076,0.00486933210561829
"RHOC",1.319,0.00487023893541849
"C18orf1",0.839,0.00487254882710644
"GAR1",1.538,0.00488736502429869
"VGF",1.088,0.00489995126389779
"CRB2",0.845,0.00490198159237114
"TFAM",1.435,0.00491075976813891
"IGFBPL1",0.901,0.00492255595831119
"EAF2",0.775,0.00493281484595224
"C15orf34",0.819,0.00493889046530205
"GPR1",1.131,0.00494111680922573
"STX3",0.675,0.00494711863601382
"ARHGAP15",0.846,0.00494794580426797
"TPM3",1.588,0.00495583944554548
"RCSD1",0.822,0.00495749451052761
"ZNF671",0.815,0.00497962439753014
"GCLC",1.124,0.0049843763331522
"UBE2G1",1.591,0.0049960244453195
"MTMR12",0.689,0.0049989930966923
"SBK1",0.879,0.00501677789537508
"GPR174",0.862,0.00504303816052054
"CYP1A2",0.794,0.00504480166271557
"AGAP5",0.806,0.00504516866054286
"SOD3",0.855,0.00505713062467393
"LCN10",0.89,0.0050607501663845
"TBX4",0.884,0.0050611357511255
"SLC6A18",0.723,0.00506882968666857
"BRP44L",0.726,0.00507595085102894
"FLJ40330",0.902,0.0050830915249314
"PPP2R1A",1.712,0.00508754213211262
"PLCB2",0.843,0.00509176830205159
"ST6GALNAC4",0.805,0.00510519479972355
"ZNF608",0.829,0.00511055608082577
"ADAM33",0.872,0.00511183859621328
"PDLIM7",1.282,0.00513141767965002
"HSD17B6",0.893,0.00513662186403247
"UBTD1",0.794,0.00514466814068128
"VAMP1",0.81,0.00515002717920737
"GMFB",1.431,0.00515471755878221
"KAT2B",0.775,0.00515678819752686
"TMEM48",1.297,0.00516285367621732
"C1orf88",0.893,0.00516778309210482
"SULT1C2",0.907,0.00517140540770985
"C15orf56",0.809,0.00517740812244287
"ZNF655",0.73,0.00521388659679807
"LOX",1.172,0.00521512431487593
"PDXDC2",0.854,0.0052158884953694
"ABI3BP",0.883,0.00521593628781181
"GPR108",0.665,0.00521637577286992
"TNFRSF17",0.899,0.00521736129019429
"CD69",0.864,0.00521794313678143
"LOC729020",1.391,0.00522310817905707
"LOC342346",0.832,0.00522596102189461
"ADH4",1.118,0.00522739630212595
"LOC729234",0.794,0.00522994232064134
"MYBPHL",0.921,0.00523042456219402
"C1orf150",0.875,0.00523393412765209
"JPH4",0.843,0.00524575255589573
"TRIM22",0.825,0.00526233086281437
"PECAM1",0.754,0.0052700480849827
"OLAH",1.139,0.0052722251390967
"KLF5",1.236,0.00529057488908068
"PLAUR",1.204,0.00530342065136
"LOC91316",0.853,0.00530683848566103
"PTPRE",0.819,0.00531932269864345
"GLB1L3",0.943,0.00531968037115111
"TCEAL6",0.762,0.00532344691559607
"MYEF2",0.857,0.00532834846054877
"MMADHC",1.479,0.00533749353208526
"ENTPD7",1.314,0.00534025737706351
"RIMS2",1.084,0.00538423385347792
"GPR87",1.07,0.00539119149271748
"C9orf100",1.216,0.00539640826064077
"LLPH",1.405,0.00539905812959382
"PSME3",1.579,0.00541480543665197
"OR13A1",0.815,0.00541849683368773
"FAM23A",0.863,0.00543581603984837
"C16orf54",0.854,0.00543670640887499
"INCENP",1.272,0.00543708201938229
"GLCCI1",0.832,0.00544871931704834
"GPC1",1.215,0.00545047681205615
"ACRV1",1.21,0.00545095204757369
"UNG",1.38,0.00545409910819702
"ZSWIM3",0.706,0.00546171794289455
"EFCAB6",0.862,0.00546763254110566
"LST.3TM12",1.126,0.00546852841001067
"BTN2A1",0.678,0.00548220653754864
"EPT1",1.298,0.00548701261609858
"RPP25",1.256,0.00548927330814244
"TMEM22",1.17,0.00549588241985383
"SERPIND1",0.93,0.00550877799824124
"TRIM2",0.845,0.00551502901090697
"PPM1G",1.58,0.00551607241848737
"PSMC6",1.415,0.00551949176542852
"TAGAP",0.843,0.00552584376129918
"SLC13A5",1.096,0.00552594592405984
"CDX2",1.086,0.00553124753295756
"CCDC13",0.85,0.00553424160442866
"COL13A1",0.868,0.00554365761176539
"SMAD9",0.873,0.00555534743492923
"HNRNPF",1.583,0.00555688535428315
"BRI3BP",1.272,0.00555852777932188
"KRT78",1.119,0.00556562648389241
"DLX2",1.165,0.00556612540162108
"NECAB3",0.797,0.00558292776606478
"PPFIBP1",1.314,0.00558322749479989
"PNMA3",0.896,0.00558493023381853
"TCEANC",0.721,0.00558933934866213
"FIBCD1",1.103,0.00559535683238435
"ADH1A",0.881,0.0055954373469792
"RFPL4B",1.151,0.0056125939479848
"CCDC159",0.775,0.00561784738832003
"DNAJC5B",0.874,0.00561818774729231
"EIF2S3",1.389,0.00562892172856301
"TRIM74",0.83,0.00563340877437881
"COL4A4",0.885,0.00565721302242439
"ST8SIA1",0.86,0.0056634045429053
"PLD4",0.889,0.00566340500321928
"ADA",1.205,0.00567318786113232
"PATL2",0.862,0.00569241897510846
"LTBR",1.345,0.00569501964782174
"CYP4Z1",0.874,0.00569574278869289
"APOC3",1.172,0.00570077333646867
"RASSF4",0.815,0.00570897571691759
"GRAMD2",0.871,0.00571453836270141
"CDC73",1.608,0.00571774625766313
"HTRA4",0.873,0.00571856391014543
"NEK8",0.769,0.00572757432762171
"KIAA0892",0.647,0.00572790517188181
"BTBD18",0.724,0.00572861721464664
"ZBTB49",0.665,0.00575407211638124
"C22orf25",0.655,0.00576762800533166
"GVIN1",0.857,0.00577252863359422
"ST3GAL4",1.231,0.00578683121377995
"MMP14",1.214,0.00580005568853588
"KIR2DL3",0.841,0.00581338669156229
"CATSPERG",0.848,0.00581415155956112
"RBBP7",1.56,0.00582514620592559
"TNRC6C",0.807,0.00582936831888309
"CDK20",0.771,0.00583820175143184
"KCTD3",1.283,0.00584993911180869
"LOC339047",0.806,0.00585361487902833
"TSPYL4",0.72,0.00585682107272143
"TIPIN",1.382,0.0058611130867292
"BRIP1",1.173,0.00586734427722796
"C17orf76",0.839,0.00587896526452857
"HPCAL4",0.904,0.00589800122971923
"CYSLTR2",0.848,0.00589931801605151
"ITPKB",0.777,0.00589965987356282
"FAM159A",0.84,0.00590766083606183
"CLDN23",0.794,0.00591353347483262
"SPATA18",0.896,0.00593934972884873
"RNF146",0.644,0.00594523593319746
"FTSJ3",1.616,0.00594701091549488
"RICH2",0.869,0.00594743860448372
"RAB21",1.452,0.00598078244638361
"CHML",1.196,0.00598353904095699
"CDC27",1.601,0.00598484818591604
"CLDN14",1.176,0.00598492669396195
"ODZ1",0.917,0.00599505388347405
"LAMC1",1.329,0.00599692902231274
"KIAA1109",0.768,0.00601146567626011
"INHA",1.068,0.00601863055323553
"CNTNAP3",1.128,0.00602312484530431
"GFRA1",0.907,0.00603327424830372
"HLA.DPA1",0.87,0.00603339243273256
"SEPT2",1.631,0.00603972841340809
"HLA.DQB1",0.893,0.00604197601059597
"SLC1A6",1.125,0.00605414684929944
"ROBO2",0.904,0.00605774181025742
"KIAA1370",0.721,0.00605869657664414
"ATAD2",1.222,0.00606924744046219
"SMAD3",1.346,0.00607299939450211
"PPP2CA",1.679,0.00608557926799003
"B4GALT6",1.168,0.00609923068988433
"ATG4A",0.68,0.00610525964523864
"IRAK1BP1",0.778,0.00610560063259762
"PAPLN",0.839,0.00610606349931747
"IGSF9B",0.906,0.00611622555203799
"CCDC85C",1.308,0.00612243530613056
"C2orf65",0.846,0.00613156360525383
"C9orf173",0.868,0.00614465441692323
"FLJ46111",1.241,0.00615096247388763
"LHFPL3",0.897,0.0061539546653512
"LOC646471",0.827,0.0061562460938608
"POM121L4P",0.585,0.00615925801071431
"NPTN",1.453,0.00617277675963784
"STARD5",0.748,0.00617641568980602
"TMX1",1.404,0.00618534257283047
"KNDC1",0.916,0.00618588536585251
"TMEM98",0.836,0.00619152075597775
"HINT3",0.675,0.00621023551228341
"CA4",0.918,0.00621214164663492
"ARHGAP11B",1.173,0.00622580778798128
"GIMAP7",0.827,0.00623159424380969
"GJB5",1.083,0.00623187435023001
"TLR7",0.865,0.00623465934576948
"TYRO3",1.223,0.00624755302009726
"RPS6KA4",1.444,0.00624912842869497
"IL1A",1.111,0.00626690200495662
"CCT7",1.551,0.00626944518510829
"SRCIN1",0.882,0.00627243299967088
"MEAF6",0.663,0.00627935627420253
"C18orf16",0.869,0.00628148547291844
"HSF5",0.79,0.00629061976087457
"S100P",1.066,0.00629290784892677
"C20orf107",0.789,0.00629829488387922
"PKP3",1.315,0.00631147942984548
"ZNF704",0.857,0.00631986212531844
"C5orf43",1.513,0.00633342968534365
"ASF1B",1.208,0.00633406095590575
"C12orf48",1.188,0.00633858321415862
"FANCD2",1.278,0.00634099345643044
"OPRM1",1.41,0.00634775728412295
"LOC29034",1.174,0.00636677080745671
"CABLES1",0.837,0.00637623413952374
"TMED7.TICAM2",1.142,0.00637775799795965
"PLEKHG3",1.23,0.00638416378968866
"HIST1H2BC",1.14,0.00639247325957309
"NKD1",0.879,0.00639380376517962
"TMEM233",0.874,0.00640278302326657
"ST13",1.564,0.00642249755509313
"HECTD3",0.612,0.00642798132555476
"TDG",1.346,0.00642927247633419
"MARCH9",0.767,0.00642961198011025
"LRRC16B",0.883,0.00644280194650127
"ACTN4",1.374,0.00645061793030761
"BEGAIN",1.158,0.00645546161126811
"CCDC137",1.425,0.00645621837836778
"NUDT1",1.3,0.00645726524493997
"FNIP2",0.849,0.00646410114876216
"LOC723809",0.918,0.00646580044070719
"ATG12",1.536,0.00647342256442363
"EIF6",1.46,0.00648248054557167
"MPV17L",0.889,0.00648366115968448
"SULT1A1",0.84,0.00648673117050168
"MOGAT3",1.222,0.00649567535767818
"ZNF660",0.846,0.00650457512705537
"PIM2",0.827,0.00652548004047653
"SPRR3",1.071,0.00652726881376399
"KRT83",1.099,0.00653091952621278
"KIAA1797",0.781,0.00653306225733997
"IL23R",0.772,0.00653350017746708
"AQP3",0.901,0.0065347642951573
"P2RX2",0.855,0.00654040976407975
"P2RY12",0.889,0.00654387151153001
"S100A10",1.247,0.00655179513495069
"RASSF2",0.834,0.00656247225323026
"RGMA",0.876,0.00656910336328012
"PATE4",1.545,0.00657045985591486
"LOC541473",0.85,0.00657050474818521
"C17orf58",1.337,0.00657312336627859
"PHKG2",0.689,0.00661123262923382
"TNFRSF13C",0.875,0.00661625056580745
"TMEM5",1.415,0.00663034722735585
"DHFR",1.335,0.00663585913699069
"SNX7",1.291,0.00664826405762115
"MT2A",1.162,0.00665717059845424
"PVRIG",0.82,0.00666539422334817
"CEACAM21",0.866,0.00666963836567888
"C1orf31",1.256,0.0066760279741285
"NELL2",0.89,0.00669035942250101
"PSMB5",1.385,0.00669156473707385
"CAPS",0.895,0.00669336147634552
"STYX",1.509,0.00669790599299357
"FXYD1",0.898,0.00670085866882109
"SAE1",1.55,0.00670389989416612
"CCL20",1.093,0.00670734042149233
"KCNJ14",1.218,0.00672976188280917
"CX3CL1",0.888,0.00673276484626949
"SSRP1",1.539,0.00673851503284551
"AGAP3",0.716,0.00674377421735402
"TRIM16",1.193,0.00677957652289092
"FBXO16",0.827,0.0067812358506865
"C13orf37",1.302,0.00678151037763007
"C10orf68",0.818,0.00678632403592204
"NEU1",0.741,0.00680389645719896
"TUBAL3",1.129,0.00681198053073375
"LOC149837",0.837,0.00681514424394848
"KCNIP4",0.747,0.00681986221229922
"ALOX15",0.924,0.00682008169822063
"FGFR2",0.88,0.00684211372150167
"OLA1",1.41,0.00686172351652196
"SLC39A10",1.332,0.00686414499832048
"ERF",1.423,0.00687961120966367
"IL11",1.127,0.00688009630653628
"KRT17",1.084,0.0068818735601435
"DCAKD",0.701,0.00688314594625501
"IQGAP3",1.161,0.00688783572168828
"ABCA5",0.833,0.00688890126908289
"X..729884",1.069,0.00692856102227432
"CTSW",0.877,0.00695298516136971
"EPC1",0.707,0.00696561452291966
"NAPB",0.742,0.00697087624811698
"WSB1",0.831,0.00697132501181596
"THRA",0.769,0.00698246661039297
"HHIPL2",1.066,0.00698734660773731
"TMEM173",0.823,0.00699576808115768
"LRRC42",1.395,0.00700403033704318
"SLC35E3",1.274,0.00700806776336756
"PSMA4",1.411,0.0070108985736273
"TCEA3",0.868,0.00703958489052225
"KCMF1",1.553,0.00704028637810854
"CCDC86",1.396,0.00704130315206918
"HOPX",0.907,0.00704689996699405
"KEL",0.871,0.00705297146210317
"USP14",1.482,0.00705346666050649
"GPC6",1.128,0.0070809750906598
"TTC31",0.614,0.00708230923974552
"SET",1.541,0.00710798355636884
"GPR18",0.857,0.00711169238187338
"YPEL3",0.763,0.0071345435028888
"HSPA2",1.17,0.00715717705610323
"PSMC5",1.668,0.00716185980526498
"UBASH3A",0.861,0.00716324586322191
"DERL3",0.862,0.00716510226993886
"CCDC89",0.856,0.00717632125417663
"RHOD",1.223,0.00719707201289016
"SPATS1",0.856,0.00720829825369375
"LOC100233209",0.861,0.00721333817659491
"EFHC2",0.899,0.00724447809243961
"SNCB",1.186,0.00725030388350701
"ZNF146",1.375,0.00725844996055939
"STAR",0.813,0.00726062990666802
"TNFRSF10C",0.86,0.00726892355134977
"APBB3",0.82,0.00726954718905575
"ACTL6A",1.353,0.00728835393660654
"HEATR5B",0.695,0.00729305987351543
"ZNF184",0.657,0.00730526283854028
"SIRT4",0.778,0.00732333859915237
"CLK4",0.767,0.00732812534537494
"KIAA1239",1.189,0.00733091693939802
"LILRA1",0.85,0.00733940933007446
"SNTN",0.924,0.00734821623862726
"HHATL",0.881,0.00735462798784591
"ACTR2",1.625,0.00735769292291715
"TSR1",1.497,0.00736122382460437
"ING4",0.717,0.00736724418225103
"EVX1",1.202,0.00736834534207673
"GRIK2",1.101,0.00737660471700428
"SCARB1",1.216,0.00737960000769994
"GPR15",0.891,0.00738223946830606
"CD300LF",0.871,0.00738549814663411
"KIAA1524",1.166,0.00739923990386223
"ITGB7",0.84,0.00740353061265958
"FAM178B",0.896,0.00742938964647346
"SIDT2",0.725,0.00743175103515972
"CHRNA1",0.893,0.00744666373778561
"C16orf93",0.833,0.00744985402519978
"HOXD11",1.096,0.00745780174229326
"MED6",1.548,0.00746470333793158
"C11orf24",1.408,0.00747384936884774
"NEDD9",0.841,0.00747536827131402
"MYO1H",0.828,0.00748857812927437
"OPHN1",0.819,0.00749471198015896
"HNRNPU",1.73,0.00749743402136283
"STIP1",1.48,0.00750924315729369
"RRAGB",0.7,0.00751678740577721
"KLHL35",0.88,0.00752040014591105
"C15orf59",0.882,0.0075331435397107
"FMNL2",0.776,0.00754780819892831
"GPX3",0.845,0.00756449659415899
"NCKAP5",0.893,0.00757202452942011
"SLC22A23",0.861,0.00758424200528732
"FBXO31",0.674,0.00759269025288109
"C1orf105",1.217,0.00759338329696814
"S1PR4",0.832,0.00762471074804357
"FCER1A",0.919,0.00763427492728713
"CLEC7A",0.868,0.00763893710806488
"ZNF322A",0.799,0.00764415572742006
"ZNF844",0.811,0.00765435474773103
"PGAP3",0.766,0.00765810787613884
"ZNF471",0.862,0.00766194553984513
"BTN1A1",0.829,0.0076697032795928
"LOC121952",0.744,0.00768519875751862
"LOC100216001",1.115,0.00769175256947542
"C15orf51",0.826,0.00769798321414793
"LOC284837",0.861,0.00769963164368212
"SRPK1",1.425,0.00771879448205631
"BLNK",0.828,0.00772973084611958
"TNIP2",1.534,0.00773465438415975
"KRBA2",0.78,0.00775117682794015
"KCNRG",0.861,0.00776707654297093
"G6PC",1.18,0.00777805504023464
"PSMA2",1.397,0.00778872337060673
"C10orf128",0.868,0.00779288523546153
"SLC43A1",0.828,0.00779756301001565
"PTTG3P",1.192,0.00779983800681169
"GPAM",0.783,0.00780907495377424
"MRPL19",1.572,0.00781050732444643
"HSD11B1L",0.784,0.00782941475848778
"CDH24",1.19,0.00783141364424034
"RBL2",0.724,0.00783228379338874
"PYGL",1.212,0.0078343223426903
"CRY2",0.785,0.0078371091399422
"C9orf69",1.532,0.00784575215481098
"DLEC1",0.903,0.00785331264530988
"NOL11",1.534,0.00787834434318508
"EPB49",0.839,0.00788900114101231
"POM121L9P",0.837,0.00789884809291609
"ANGPTL6",0.845,0.00789916282532809
"ITGA4",0.836,0.00790107819982142
"SGCG",0.853,0.00790548225752765
"ANXA2P1",1.217,0.00790727833309823
"LZTFL1",0.729,0.00791279667807249
"PARVG",0.848,0.00792256132108421
"C2orf63",0.814,0.00792636610177593
"NRXN3",0.885,0.00792793946517205
"TNNC1",0.907,0.00794114835387057
"FAM183B",0.846,0.00794891035348276
"SLC43A3",0.844,0.00795081421086774
"TM9SF3",1.478,0.00795846777466137
"CGB8",1.127,0.00796460928353417
"ETV5",0.823,0.00797346956602897
"MTMR4",0.672,0.00797758599219985
"ZNF41",0.685,0.00798532890297459
"NLRC4",0.838,0.00798793917464228
"GPLD1",0.856,0.00799509041860536
"LOC100144604",0.891,0.00802462619241935
"MAN1C1",0.846,0.0080369481047084
"KHDRBS1",1.923,0.00805319077390427
"RGS7BP",0.893,0.00805522980877315
"FER1L5",0.881,0.00805825547890364
"TPSAB1",0.902,0.00805915177492174
"SLC46A2",0.908,0.00806036062236314
"ACCS",0.846,0.00806576056385799
"CAMP",0.886,0.00806957410403097
"ANAPC4",0.664,0.00808038478573591
"KLK13",0.923,0.00808158532751055
"RAB9B",0.834,0.00808211157420923
"RILPL2",0.761,0.00809101904396035
"SLC7A5",1.165,0.00809338542442579
"ARID4A",0.709,0.00810511126489569
"PPP3CC",0.703,0.00810515702008353
"TMEM178",0.869,0.00810553437875731
"LCK",0.852,0.00810749195365761
"SLC14A2",0.932,0.00811175244488523
"NMB",1.17,0.0081161841780528
"ALPI",1.201,0.00811809493060049
"RARS",1.491,0.00812910306622686
"C1orf21",0.85,0.00814320111376567
"ELMO1",0.828,0.00814658863354771
"DPY19L1",1.228,0.00814952958165337
"GPSM3",0.817,0.00815413904492208
"C12orf32",1.474,0.008160663391018
"ENTPD1",0.748,0.00816972509877254
"DLG4",0.797,0.00817923511242596
"RAD51AP1",1.17,0.00818096444843317
"SNX1",0.633,0.00818108843086419
"CISD1",1.41,0.00818451899070119
"PPP1R9A",0.83,0.00818491329851803
"PLEKHG4B",0.923,0.00821012515868299
"GTF3C6",1.478,0.0082145502918488
"SNRPE",1.382,0.00823326580275775
"ACTG1",1.468,0.00823671390433683
"FCHSD1",0.77,0.00824864589438328
"TIFAB",0.88,0.00825938546170926
"FOLR1",0.922,0.00826227344489183
"CCDC146",0.859,0.00826488042375205
"POLQ",1.142,0.00828342023570391
"C20orf24",1.295,0.00828383164728781
"RAD54B",1.217,0.00828897715765032
"GIMAP8",0.829,0.00830428475277501
"UBA2",1.36,0.00831914671517297
"ZNF571",0.713,0.00831931534872916
"KCNAB1",0.787,0.00832199596682654
"RENBP",0.845,0.00833169889726635
"LOC440354",0.798,0.0083488852403094
"MYO19",1.302,0.00835056702053847
"LPXN",0.803,0.00835269571779119
"CAPN12",0.856,0.00837468948215331
"ZNF449",0.724,0.00837485780919646
"RAET1G",1.139,0.00838052255121696
"ZNF17",0.678,0.00838689757518284
"C21orf45",1.302,0.00838778452994849
"IL5RA",0.891,0.00838859571408516
"AK2",0.705,0.00839025064169598
"GALT",0.688,0.00839170454600238
"STK38L",1.321,0.00840474554754972
"PTPLAD2",0.816,0.0084076713780072
"MAGOHB",1.348,0.0084124176535355
"PTDSS1",1.469,0.00842154944874007
"SAMM50",1.572,0.00842506525804038
"GPR155",0.768,0.00842638540099445
"PLCG2",0.823,0.00843837273962415
"TSSK3",0.857,0.00845684908873038
"CD28",0.861,0.00846790616102916
"TMEM65",1.247,0.0084793012393076
"C9orf45",0.855,0.00848495492424575
"PPP1R3E",0.806,0.0084850218015131
"SAT2",0.74,0.00849303369898962
"ANP32E",1.236,0.00849371276329555
"CLCA3P",1.202,0.00850617689965074
"REP15",1.164,0.00851624402577521
"MEP1A",0.865,0.00853057791106273
"HCLS1",0.847,0.0085389045252389
"C19orf28",1.272,0.00853894669767086
"FLJ43663",0.82,0.00853986550886837
"METTL5",1.395,0.00854415468490518
"RBM6",0.759,0.00854608998752452
"C17orf50",0.859,0.00854809246124679
"DISC2",1.398,0.00855010740344441
"TNIK",0.874,0.00855674024831648
"FGFBP1",1.077,0.00856518351474338
"TAF1A",1.354,0.00856617014307365
"TPH1",0.831,0.00857848777966834
"FAM122A",0.62,0.00857931662565187
"APCDD1L",1.094,0.00859704561094299
"PHKG1",0.834,0.00859832515569975
"CNR2",0.885,0.00859916683863836
"DNAJB13",0.908,0.00862702883695409
"CYP4X1",0.908,0.00863064671953423
"LCNL1",0.835,0.00863679625268072
"DHX40",0.7,0.0086380492890946
"GMIP",0.734,0.00864793300487223
"POC1A",1.236,0.00864983100578542
"CSF2RB",0.86,0.00865201939068226
"GALNT4",1.177,0.00866446934465494
"LOC200030",0.76,0.00866478589170268
"CASP10",0.798,0.00869072110556589
"PLCG1",0.76,0.00869225265093238
"ZNF586",0.711,0.00869655330075433
"TPPP",0.895,0.00870603921313464
"ZNF354C",0.864,0.00872000446594703
"ABHD14A",0.791,0.00872254200794373
"CARNS1",0.856,0.00876206665123992
"ZFP30",0.776,0.00879144704342548
"RAB7L1",0.761,0.00880478486379754
"USP20",0.711,0.0088099926608933
"EPHA2",1.175,0.00882447794363304
"MFF",1.373,0.00883075308260465
"KIAA0467",0.791,0.0088340740663713
"C13orf34",1.299,0.00883564602131187
"CD207",0.93,0.00883675638338624
"A2LD1",1.336,0.00883978617417855
"ZBTB5",0.693,0.00887291368425579
"KCP",1.113,0.0088837678267893
"GP1BA",0.878,0.00889421543516168
"C19orf48",1.263,0.00889824470782492
"KIAA1244",0.868,0.00890128035281843
"C1orf63",0.837,0.00892478667616065
"LTB",0.877,0.0089559219635528
"MGC87042",1.141,0.0089605957184243
"DDX23",1.6,0.00896277838201325
"C6orf201",0.821,0.00897240661340082
"C10orf137",0.73,0.00897312089970972
"ST6GAL1",0.81,0.00897957319775984
"MECP2",0.671,0.0090020760727178
"RRM1",1.397,0.00900375525959179
"LUZP6",1.451,0.00901106683789035
"ANXA13",1.089,0.0090197434528085
"COPS8",1.495,0.00902004383296822
"GOLGA8A",0.885,0.00902524524451934
"OSBPL2",0.683,0.00905768815763431
"STC2",1.139,0.00907872600392241
"LOC441177",1.12,0.00908938045860489
"C3orf21",1.312,0.00909520851661369
"LOC348926",1.349,0.00909710531937594
"ATP5B",1.418,0.00909733261810299
"PRELP",0.88,0.00910041501706997
"VASP",1.388,0.00910288658520504
"AGBL4",0.87,0.00910304037619508
"LMAN1",1.386,0.00912106930367903
"CRISP3",1.083,0.00912306309796486
"LETM1",1.441,0.00914013851123567
"CD83",0.833,0.00914238319262512
"INTS8",1.409,0.00914817185770556
"C5orf41",0.787,0.00914987682095704
"KIF15",1.146,0.00915204666276775
"CD99L2",0.779,0.00916091775068323
"KLHL26",0.713,0.00919396846999197
"PSTPIP1",0.855,0.00919497036558616
"ADAM21",1.159,0.00919873722904658
"RGS12",0.75,0.00919938242778919
"KCNH2",0.91,0.00919997235175855
"PAWR",1.322,0.00920265963261663
"UBE2M",1.447,0.00923126277373676
"CXorf50B",0.85,0.00924831291001359
"CXorf42",0.758,0.00925009248187496
"FRMPD2",0.896,0.00925911309412059
"LSAMP",0.865,0.00926346566774371
"LOC283050",0.826,0.009267339450176
"CLTB",1.289,0.00929676688818144
"FCGBP",0.916,0.00929911352771721
"ARL6",0.751,0.00930169552394448
"ZNF367",1.212,0.00930812613252082
"C3orf15",0.907,0.0093113672993836
"MYCL1",0.839,0.00931272483162018
"ALOX15B",0.916,0.00931299473707668
"PPIEL",0.875,0.0093190486409617
"PTCH2",0.845,0.0093324325799242
"RANBP1",1.315,0.00933639853077618
"ITGAD",0.874,0.00934028563968086
"C10orf11",0.837,0.00934125423440298
"CALCOCO1",0.749,0.00935007467492128
"CCDC64B",0.861,0.00935202037013136
"DUSP2",0.841,0.00935817818380951
"RAB30",0.81,0.00937925254158752
"IPW",0.867,0.00939248893561112
"SLC22A17",0.86,0.00942035085750639
"TBC1D20",0.634,0.00942279793402165
"AGAP7",0.834,0.00942341547162268
"CYTIP",0.849,0.00942388042358466
"LOC100128542",0.73,0.00943465164961631
"FOSL2",1.248,0.00944282307477925
"TTC19",0.725,0.00945879440725361
"CNTN3",0.908,0.00947009425743895
"GPATCH3",0.619,0.00948026585184408
"KLHL9",0.793,0.00949018041913329
"PLOD1",1.361,0.00950068083227145
"CENPI",1.133,0.0095029801873244
"IAPP",1.231,0.00951214430332304
"TNFRSF1A",1.398,0.00952256046201778
"TRIM40",1.144,0.00952990757998583
"PIP5KL1",0.872,0.0095338509324879
"CRTC1",0.779,0.00955296013221851
"OR56B1",0.608,0.009553622502873
"KLF10",1.338,0.00957584907379271
"ZNF250",0.726,0.00957614538237975
"PTPN18",0.688,0.0096003785676199
"CNNM1",1.089,0.0096132113851384
"AIM1L",1.105,0.0096384367630944
"MYO15A",0.843,0.00964605112204711
"PPT2",1.254,0.00964829794717494
"LIMS2",0.828,0.00965856885257785
"C9orf167",1.266,0.00965910928247119
"STEAP1",1.123,0.00966329384925114
"PTGFRN",1.288,0.00967535846823905
"MFSD4",0.914,0.00967793000201955
"MIF",1.226,0.00968815922493976
"KCNA3",0.896,0.0096904763467489
"CBX3",1.386,0.00969269505826835
"BLZF1",1.472,0.00970034828436838
"UGT2B28",1.178,0.00971465329944309
"RHOBTB2",0.856,0.00972507177396591
"DDX54",1.437,0.00973144160563305
"TNFRSF14",0.822,0.00973289310621415
"RCOR1",1.41,0.00975076530526916
"BRCA1",1.191,0.0097542782786159
"ARRDC5",0.824,0.00978831138706602
"ZNF791",0.725,0.00980265270375797
"ZNF684",0.734,0.00981172213798528
"SHISA4",0.805,0.00981969499020315
"BAI3",0.878,0.00984042904926622
"C3orf59",1.189,0.00984612867755598
"MTHFD1L",1.364,0.00986490608055124
"DBH",0.852,0.00988359367858764
"RGL4",0.853,0.00989676185179563
"SPATA7",0.722,0.00990007653232544
"MPP6",1.193,0.00991125445159912
"CCL17",0.915,0.0099148537450583
"RRM2B",0.768,0.00992822051179814
"RORA",0.825,0.00993009430959218
"SLC2A11",0.759,0.00993092784775
"RELA",1.815,0.00996290668000257
"ARMCX3",0.728,0.0099647791659124
"DHRS1",0.748,0.00999336406578586
"PDE10A",1.111,0.0100098181374915
"GGH",1.134,0.0100156805704622
"MYO1F",0.839,0.0100310018278996
"SNORD116.28",0.881,0.0100492895561386
"KCNA7",1.159,0.0100575559942511
"C7",0.925,0.0100696566046531
"LANCL2",1.331,0.010076668444916
"TMEM81",1.348,0.0100802560779214
"MGC16703",0.858,0.0100817021281163
"NUMBL",1.273,0.0100883565968171
"FKBP3",1.315,0.0100938493312622
"UBE2MP1",1.405,0.0100962497222292
"FNDC4",1.142,0.0100972125623863
"FAM92B",0.915,0.0101245877829858
"MBOAT1",0.798,0.0101426816884042
"INTS1",1.307,0.0101486444419604
"MAGEE1",0.841,0.0101488957604526
"DCLK3",1.179,0.0101492806002851
"GLRX2",1.351,0.0102028017978433
"C1orf183",0.822,0.0102059372862335
"RAPSN",0.818,0.0102155388622874
"PLEKHH1",1.118,0.0102179839429457
"MYLK3",0.871,0.010218181943349
"FUBP3",1.69,0.0102263529535147
"CNO",1.394,0.0102338131865788
"PIGR",0.942,0.0102345674347195
"PPP1R15B",1.557,0.0102349307407575
"CRHR2",0.86,0.0102383745571902
"PDX1",1.07,0.0102414205534299
"ZNF354B",0.77,0.0102525615633003
"RAB27B",1.135,0.010255732270872
"BTBD16",1.115,0.0102599660708369
"CNKSR1",0.783,0.0102799266081149
"CHRNA2",0.788,0.0102800151099987
"ZBTB32",0.856,0.0102865486394218
"ZNF673",0.687,0.0102979051216302
"ZBTB22",0.678,0.0103026841351097
"C2orf24",0.633,0.0103041310653579
"ING2",1.409,0.0103062960449975
"DLX1",1.144,0.0103165134320924
"ZNF677",0.869,0.0103567527104266
"ADAM12",1.114,0.0103697097093582
"SORCS2",0.915,0.0103831892951002
"TEX10",1.419,0.0104023837998837
"ASB14",0.796,0.0104034972985326
"TNNT1",1.066,0.0104124129501031
"GPR114",0.875,0.0104126109965252
"SERPINH1",1.307,0.0104187589001073
"TAC4",0.894,0.010437945103031
"GZMK",0.888,0.0104489958448771
"SEPT7P2",0.768,0.0104506217515893
"UBE2R2",1.584,0.0104569164133991
"ANKRD53",0.856,0.0104584291187132
"NT5E",1.117,0.0104667304726924
"IL17F",0.492,0.0104696278550834
"XRCC2",1.164,0.0104783532158429
"ARHGEF9",0.77,0.0105004771919666
"ZNF815",0.773,0.010523575853607
"EDN3",0.851,0.0105244766646901
"ETHE1",1.254,0.0105489816606934
"C8B",0.924,0.0105506958932705
"CLEC9A",0.876,0.010565709227704
"HGF",0.887,0.0105717939908487
"ZBTB4",0.743,0.0105851674385894
"UBE2K",1.472,0.01060356379404
"NRARP",1.199,0.010637079951109
"IKBKB",0.769,0.0106407592142255
"TAS1R1",0.898,0.0106795625017352
"CEP68",0.688,0.0106805570149416
"PRPF4",1.473,0.0106877652785874
"TXNDC15",0.719,0.0107067080263665
"SGK3",0.748,0.0107096594880484
"PHF11",0.717,0.010732424684355
"ZNF510",0.654,0.0107485202215953
"ITPKC",1.3,0.0107706056607533
"ICAM5",0.905,0.0107743544501485
"MTHFD2",1.214,0.0108058545186153
"CAPN13",0.925,0.0108206155868329
"KITLG",0.842,0.010833891468135
"OTUD6B",1.313,0.0108419186048579
"FBN2",1.102,0.0108556536836829
"C11orf93",0.89,0.0108613462112187
"WHAMML1",0.822,0.0108684047154046
"ENPP3",0.935,0.0108776779793275
"APOC4",0.79,0.0108905457768556
"SETD4",0.734,0.0108928821146562
"HNRNPA2B1",1.655,0.0109010240849197
"GAS2L1",1.344,0.0109186943989847
"GPR146",0.802,0.0109334674913964
"GRB10",1.226,0.0109564676836526
"EFHD2",1.269,0.0109592159693087
"FBXO25",0.748,0.0109963583066885
"HSP90AA1",1.391,0.0110178435061346
"HK2",1.173,0.0110228780609453
"PION",0.809,0.0110430031149092
"DMBT1",0.95,0.0110448210800019
"ZNF443",0.72,0.0110505380261587
"CALB2",1.086,0.0110553357041855
"MYOZ3",0.846,0.0110707943960755
"LOC642826",0.818,0.0110850130885666
"TECTA",0.836,0.0110937116132674
"RCVRN",0.767,0.0111079227454369
"HAPLN2",1.284,0.0111143308752029
"CEL",0.905,0.0111155280392146
"FLT3",0.876,0.0111333499175814
"MLLT10",0.698,0.0111335330514489
"POLA2",1.348,0.0111386115970636
"HS6ST1",0.771,0.011155833812428
"CD3G",0.878,0.0111559057334282
"CIDEB",0.775,0.0111567623192887
"MED26",0.667,0.0111605488896516
"SCGB3A2",0.952,0.0111838351240492
"DHDDS",0.629,0.0111922287836252
"CMIP",1.282,0.0112094420989787
"ARIH2",0.612,0.011221193689809
"RHBDD2",0.716,0.0112339054275028
"BANK1",0.868,0.0112374716507015
"SLC38A2",1.319,0.011259599203269
"N4BP2L2",0.687,0.0112669641414602
"SAMD9",1.187,0.0112687901668156
"DNASE2",0.668,0.0112796702955379
"B3GNT3",1.145,0.0112848681627838
"PDDC1",0.754,0.0112929915199443
"FBXO28",1.547,0.0112960051076139
"KLHDC1",0.804,0.0113194180174796
"TMEM231",0.84,0.011322279754969
"VPS18",1.391,0.0113311524691814
"PEX11B",0.698,0.0113563540408389
"IL10RA",0.85,0.011372101469389
"EFNB2",1.187,0.0113847662383919
"C12orf68",0.867,0.0113926781868942
"NT5C1A",0.865,0.0114061104075669
"PLXND1",0.822,0.0114533926803154
"CFLP1",0.799,0.0114699833741863
"NCKAP1",1.473,0.0114769718804963
"SCN2A",0.892,0.0114791775864754
"KIAA0319",1.084,0.0114880942956713
"CCPG1",0.748,0.0115007640252742
"CCDC36",0.83,0.0115017176025575
"DSG4",1.159,0.011505293146584
"ADRA1A",0.849,0.0115097195301131
"ARHGEF4",1.111,0.0115332316023343
"FLJ45079",0.659,0.0115365320093527
"KLK6",1.058,0.0115396884934673
"SLC7A11",1.095,0.011549251170586
"PALM3",0.911,0.0115506395930469
"C14orf39",0.865,0.0115667445418307
"HIP1",0.837,0.0115698182537437
"TMEM108",0.894,0.0116304456966576
"TMEM149",0.8,0.0116636652198634
"CES7",1.343,0.011667080229361
"ADAMTS4",1.121,0.01166960207325
"MLYCD",0.718,0.0116727891736691
"MICAL3",1.203,0.0116752916573771
"CCT5",1.302,0.0116928871162569
"LEFTY2",0.9,0.0117074214095461
"LPL",0.91,0.0117075869127553
"DOCK8",0.842,0.0117183391745329
"TRAFD1",0.673,0.0117184137196588
"FAM49A",0.854,0.0117386107996882
"CD48",0.87,0.0117392350783885
"PSMC4",1.382,0.0117547173430982
"HSD17B14",0.863,0.0117622581359186
"HOXB7",1.111,0.0117629251402892
"DFFB",0.717,0.0117739292624966
"ZFP90",0.691,0.0117832045729436
"SIX5",1.364,0.0117855670528892
"GFPT2",1.166,0.011786030739722
"AP2S1",1.386,0.0117872258240627
"CNPY1",1.34,0.011791971371411
"SERPINE1",1.138,0.0118125647307507
"IARS2",1.441,0.0118144431482753
"C4orf26",1.141,0.0118155166147087
"SMCR7L",1.55,0.011816422890321
"ZSCAN18",0.856,0.0118245944110276
"COL9A2",0.898,0.0118620231401652
"ZNF76",0.715,0.0118714571287613
"NSUN4",0.62,0.011872546400172
"GNAZ",0.887,0.0118746192588973
"ABCD2",0.869,0.0118770906489359
"OTUD3",0.821,0.0118808199360557
"KIAA0247",0.749,0.0118808591626433
"CCT2",1.189,0.0118850605320249
"JMJD5",0.711,0.0118963082644279
"PSMA5",1.373,0.0119013529588963
"SLC3A2",1.33,0.0119103914932054
"MFSD7",0.84,0.0119158473253911
"SLC5A2",0.888,0.0119357736070191
"LYL1",0.827,0.0119401102098179
"AK3L1",1.116,0.0119403661613726
"STIL",1.198,0.0119427672803971
"UTS2",0.873,0.0119529511012959
"SCAF1",1.445,0.0119537394719421
"CTLA4",0.878,0.0119702589475021
"TERF2IP",0.67,0.01197944196344
"MGC3771",0.782,0.0119953206931373
"FERMT1",1.159,0.0119966374642661
"HELLS",1.17,0.0120315856631878
"FAM166B",0.905,0.0120336745161852
"SGSM1",0.875,0.01203386667464
"GRM6",0.864,0.0120483180082932
"GRIP1",1.134,0.0120746142429871
"RGS3",0.754,0.0120750073574784
"ZAK",1.278,0.0120997456297286
"FKBP9L",1.19,0.0121082817109787
"GIMAP6",0.835,0.0121158549229271
"ZNF626",0.89,0.0121202776352156
"SEMA3A",1.096,0.0121244385101474
"SPATS2",1.337,0.0121338816582207
"SFRS9",1.45,0.0121486828353341
"TMEM93",1.326,0.0121552327998208
"PAK4",1.341,0.0121586346107057
"FAM128A",1.262,0.0121802640539025
"C20orf12",0.795,0.0121919897159446
"PELO",1.4,0.012195373511059
"ERG",0.818,0.0121955363652222
"ILDR1",0.83,0.012213406273928
"UCP2",0.803,0.0122163494533134
"TM6SF1",0.846,0.0122216977946506
"TOX",0.876,0.0122508592877089
"X..26823",0.666,0.0122673747173858
"IL7R",0.898,0.0122694090977784
"RSPO3",1.09,0.0122735548101099
"WNT3A",0.901,0.0122778107212543
"SLC18A1",0.821,0.012309738892696
"RTN1",0.886,0.012311383424925
"EPHX2",0.866,0.0123278564123899
"EFNA5",1.161,0.012367874006211
"BEX2",0.901,0.0123940362838197
"TRAK2",0.707,0.0124236964286295
"ACSBG1",0.862,0.0124308972517818
"TTC18",0.892,0.0124320633930646
"SLC24A3",0.88,0.0124383192093062
"IKZF1",0.858,0.0124461101877494
"THOC4",1.314,0.0124535471253517
"HNRNPAB",1.447,0.0124557888010764
"EME1",1.164,0.0124597794041178
"LOC341056",1.291,0.0124643657144096
"UBQLN1",1.576,0.0124700034857185
"EMID1",0.852,0.0124715697058448
"ZNF675",0.785,0.0124804962570427
"NLRP10",1.284,0.0124856314300976
"C1orf229",0.834,0.0124958570804871
"RAB3A",0.801,0.012498482532608
"SLC22A8",0.398,0.0125107053654432
"WNT2B",0.832,0.0125150158271604
"ZNF835",0.869,0.0125310273092635
"ALG10",1.316,0.0125343242047226
"WNT7A",1.076,0.0125371553460693
"SLC2A4",0.838,0.0125434921906718
"PTPRQ",0.874,0.0125570803416802
"ZNF846",0.781,0.0125598650104826
"SLC24A5",0.877,0.012567628853145
"SORL1",0.859,0.0125844842694428
"LBR",1.382,0.0126006805180637
"MPEG1",0.862,0.0126044722577378
"C11orf82",1.166,0.0126067053545811
"FAM78A",0.832,0.0126288708127223
"SNRPN",0.844,0.0126306644612244
"IQCB1",0.742,0.012633598404694
"RSPO2",0.91,0.0126484157003127
"SLC25A27",0.885,0.0126550058576709
"EFS",0.88,0.0126569510529128
"ZNF778",0.764,0.0126805347254938
"EIF2S2",1.537,0.0126896548753751
"SH2D1A",0.877,0.0126929508525998
"FAM47E",0.868,0.0126980368138888
"NRIP2",0.787,0.0126983837027933
"NUDT14",0.799,0.0127031153176986
"APOBEC3H",0.879,0.0127089959253862
"CXCR4",0.836,0.0127178877525541
"GALNT3",1.167,0.0127225261012748
"GSTM4",0.768,0.0127343034363778
"HOXA10",1.07,0.0127529760910088
"FLJ39739",1.229,0.0127640941322184
"C6orf138",0.903,0.0127883427423852
"GINS3",1.254,0.0127895854765973
"WFDC3",0.921,0.0128180321896332
"PRRG1",1.197,0.0128324443625177
"FAM101A",1.099,0.0128434936777855
"TMX2",1.481,0.0128583018721823
"ZDHHC5",1.721,0.0128734690099719
"BCL2L1",1.345,0.0128747338354692
"SLC5A7",0.871,0.0128766446059189
"EIF4A3",1.371,0.012916056723272
"KAZ",0.852,0.0129198201570086
"C20orf54",1.159,0.0129395487801746
"FUBP1",1.48,0.0129639001178158
"BMP1",1.228,0.0129642151048205
"ACAT1",0.783,0.0129659382809301
"TTLL3",0.854,0.0129883286125297
"DNM1L",1.379,0.0129965299068622
"CCL13",0.91,0.0130119735598897
"FITM1",0.821,0.0130223936470967
"CSE1L",1.33,0.0130245195523043
"GALM",0.798,0.0130336140112461
"CCL14",0.908,0.0130361860642649
"RNF125",0.819,0.0130526748129189
"GUSBP3",0.782,0.0130803987131961
"ZNF549",0.82,0.0130896574760307
"SLK",1.332,0.0130907013503422
"RBPMS",0.834,0.013118632790512
"FAM193B",0.812,0.0131457570703097
"ZC3H6",0.762,0.0131495388283474
"CCNL2",0.84,0.0131572846346339
"PMS2L4",0.766,0.0131836683269687
"CCDC108",0.92,0.0132056538649955
"ZNF124",0.765,0.0132244389799836
"DLC1",0.887,0.0132310587745379
"KCNMA1",0.882,0.0132334673796022
"NEUROD1",0.902,0.0132386649227845
"COPZ1",1.523,0.0132574196521047
"PHLDB2",1.163,0.0132926386685154
"ART4",0.884,0.0133060562618151
"CD2AP",1.345,0.013310972907953
"VAMP2",0.748,0.0133383287567118
"RALGPS2",1.237,0.0133547965184813
"PA2G4P4",1.272,0.0133692087803004
"TIMELESS",1.231,0.0133753611481716
"HOXA11",1.081,0.0133946093049335
"TUSC2",0.641,0.0134190675775194
"OTOA",0.853,0.013423932695725
"DDX10",1.392,0.0134248327060243
"KIAA0087",0.818,0.0134284360052969
"FAM189B",1.386,0.0134434805808643
"LILRA2",0.891,0.0134442248686509
"CTSF",0.83,0.0134617333414538
"MFSD6",0.76,0.0134624628797562
"RSAD1",0.678,0.0134640494903691
"NAALADL1",0.834,0.0134909602812759
"NFIB",0.82,0.0134995328875304
"P2RY10",0.878,0.0135014520542672
"PTER",1.316,0.0135048525367743
"CLDN18",0.951,0.0135074662975122
"DCAF11",0.637,0.0135213660134322
"CEP70",0.778,0.0135717462342267
"C4A",0.883,0.0135738231007666
"CCDC149",0.75,0.0135767222110701
"DOM3Z",0.76,0.0135833105380621
"RASL11A",0.859,0.0136210692208691
"CALU",1.273,0.0136242869192743
"SYT11",0.829,0.0136263857778495
"KRT27",0.873,0.0136442474283863
"CD101",0.855,0.0136916046096538
"HOXC5",1.105,0.0136936034753853
"UCP3",0.836,0.0137010174524966
"C10orf81",0.933,0.0137179021100414
"PABPC3",1.224,0.0137443710941737
"A2M",0.86,0.0137481468039855
"RORC",0.888,0.0137572480146276
"C19orf33",1.113,0.0137642144924486
"MRPL13",1.249,0.0137660457947675
"CLEC18B",0.868,0.0137807082830399
"DUSP22",0.702,0.0137919192030525
"ARHGEF38",0.864,0.0138032548575186
"CCDC65",0.896,0.0138256318385489
"LRRC33",0.837,0.0138366214696078
"C6orf167",1.271,0.0138369521282391
"GINS2",1.16,0.0138431864834245
"RNF180",0.873,0.013847599265578
"LOC400794",0.903,0.013848717026932
"SLC25A14",0.73,0.013870784464448
"AMY2B",0.889,0.0138728692485795
"CYP2D6",0.908,0.0138769524197054
"MAT2A",0.659,0.0138853760783546
"CD276",1.379,0.0139025359740184
"COL11A1",1.06,0.0139147087904065
"BARX2",1.09,0.0139306517917518
"THEMIS",0.879,0.01394396312065
"GABRA2",1.113,0.0139508675798265
"EPOR",0.807,0.0139542649354478
"LOC100190938",0.869,0.0139604935467732
"SH3BGRL2",0.865,0.0140094085049397
"AP1AR",1.415,0.0140220723363316
"CUL4B",1.548,0.0140369592856849
"CAPNS1",1.392,0.0140826835023501
"TMEM185B",1.386,0.0141209491790298
"FBXO5",1.238,0.0141297428626183
"ASTE1",0.674,0.0141489736362245
"ZNF862",0.799,0.0141704626146394
"SASS6",1.244,0.0141778402169924
"SFRS18",0.756,0.0141888461219336
"C17orf54",0.81,0.0142006807785395
"AHCTF1",1.437,0.0142143041532476
"SLMAP",1.492,0.0142360383950778
"PCF11",0.687,0.0142863750254141
"ZNF431",0.795,0.0142961044700047
"TSC22D2",1.252,0.014307326587667
"SPATC1",0.834,0.0143073610428767
"SLFN12",0.842,0.0143169265603628
"PIK3R1",0.788,0.0143353197968689
"PPP1R14B",1.268,0.0143505925449951
"KIAA1161",1.226,0.01435511611471
"GUSBP1",0.781,0.014378672133981
"PABPC1",1.311,0.0143811495925844
"C5orf56",0.808,0.0143889893932641
"SEC31B",0.884,0.0143896348395737
"ZNF160",0.743,0.0143931137199494
"MAPK13",0.743,0.0144148175669602
"ZNF527",0.71,0.014420005510669
"NFASC",0.884,0.014455287229004
"GIMAP1",0.84,0.0144635972588745
"ZNF394",0.618,0.0144640361252667
"C7orf58",0.881,0.0144686081529337
"BACH1",1.349,0.0145001585276006
"CEACAM8",0.892,0.0145266952826865
"ZKSCAN3",0.801,0.0145273033715852
"PRSS3",1.067,0.0145306807936503
"SPATA13",0.847,0.0145526172767297
"WDR76",1.215,0.0145609123748731
"PDGFB",1.2,0.0145612074627366
"HNF4A",1.066,0.0145642360112645
"LRFN3",1.279,0.0145679626675733
"ADAM10",1.295,0.0145720032324446
"LHFPL5",1.138,0.0145909406735412
"CLIC5",0.908,0.0146116974974071
"SFRS14",0.773,0.014625011409292
"PRKDC",1.258,0.0146281737143223
"WDR36",1.493,0.014665837991944
"TXN",1.207,0.0146952327497858
"CHKB.CPT1B",0.88,0.0147408189476415
"TCN2",0.814,0.0147470702147771
"CD9",0.827,0.0147528602293854
"GPR162",0.871,0.0147583145956084
"SYDE2",0.844,0.0147604217084279
"SPIN2B",0.747,0.0147761534287353
"TREML2",0.868,0.0147871487338008
"ORC6L",1.156,0.0148036240050159
"GSTA1",0.944,0.0148318997693203
"PRIM1",1.195,0.0148341573915154
"ZNF330",0.73,0.0148422546059168
"S1PR2",0.746,0.0148537667596998
"SPATS2L",1.26,0.0148919628171115
"SSBP3",0.742,0.0148944311108417
"CCDC121",0.748,0.0149066622299146
"EFHA2",0.863,0.0149323931007677
"CHCHD2",1.256,0.014954873255948
"C9orf91",0.744,0.0149669355250721
"C6orf155",0.852,0.0150013356379322
"C22orf32",0.759,0.015005603107445
"OAS3",1.192,0.0150111432987339
"PSEN1",1.645,0.0150314809369261
"CD3D",0.877,0.0150424349800275
"TMEM41A",1.381,0.0150563785030946
"ADRBK2",0.835,0.015066741519987
"ASB11",0.786,0.0150958320383171
"C14orf132",0.871,0.0151013590230159
"UBAC2",1.456,0.0151039634628698
"CAMK1",0.8,0.0151071967093722
"ZNF275",0.757,0.0151178780353889
"SFTA2",0.93,0.0151196098182908
"C10orf76",0.624,0.0151222660182303
"CADM1",0.891,0.0151353585146329
"PGM5P2",0.824,0.0151426909872621
"BRCA2",1.205,0.0151536503081177
"LCE3D",1.188,0.0151621028316178
"THSD1",0.821,0.0151660523720375
"TCEAL4",0.729,0.0151673475720129
"ZNF397",0.784,0.0151943315498237
"HSPB8",0.871,0.0152226583726446
"TRIP12",1.428,0.0152258467719225
"PPP2R2C",1.059,0.0152442388231034
"GINS1",1.16,0.0152604562596376
"DHX37",1.362,0.0152624102639732
"TES",1.328,0.0152666558887271
"MRPL51",1.364,0.0152769811371846
"C10orf99",1.138,0.0152862297583809
"WBP2NL",0.849,0.0152954147029683
"C7orf55",0.813,0.0153065631009315
"STOX1",0.882,0.0153177164437245
"ANKRD2",1.146,0.0153226986471786
"ZNF821",0.758,0.0153302446637678
"GOLGA6L5",0.88,0.0153463986693928
"SNORA71A",0.271,0.0153520361064091
"SNX29",0.775,0.0153524963483081
"NCF1B",0.884,0.0153526679561046
"GIMAP5",0.847,0.0153538595936218
"C2CD2L",0.726,0.0153557498074627
"CXorf65",0.849,0.0153577795248728
"RPL32P3",0.822,0.0153593295976671
"RFC4",1.199,0.0153667788110121
"GATA1",0.828,0.0153815818159325
"WASH2P",0.783,0.0153997741647843
"C11orf66",0.887,0.0154276850794076
"LAMA3",1.099,0.0154548493070544
"EVL",0.784,0.0154551711957682
"NWD1",0.929,0.0154628699203772
"MS4A7",0.869,0.0154787657998337
"ECE2",1.202,0.0154791135584705
"ARL6IP6",1.289,0.0155100947962294
"TMTC3",1.322,0.0155169525488409
"DCBLD2",1.151,0.015519182789072
"FCRL5",0.914,0.0155237190834403
"ANKRD29",0.91,0.0155358952870671
"MAP6",0.884,0.0155422994721661
"ACCSL",0.327,0.0155636515451425
"NPSR1",1.137,0.0155823489839599
"CLCA1",0.827,0.0155887729144052
"MIR155HG",0.867,0.0156026021141569
"PRR14",0.679,0.0156090911129585
"TNFAIP8L2",0.865,0.0156143868348731
"CASD1",0.751,0.0156362269360141
"AFF3",0.91,0.0156444358929842
"CABC1",0.793,0.0156533251987533
"PYGB",1.241,0.0156610083603981
"SLC25A4",0.776,0.0156693383391843
"UGT2B7",1.089,0.015671339368514
"RAB11FIP3",0.792,0.0156713466894383
"COL7A1",1.079,0.0156961470513769
"DOCK1",0.785,0.0157164001226034
"TUBB6",1.227,0.0157206411192819
"POU3F1",0.865,0.0157253761473861
"ALAD",0.702,0.0157268342111829
"CYFIP2",0.87,0.0157414797604888
"LIN7B",0.826,0.0157651284950212
"GANAB",1.491,0.0157671219589857
"COL22A1",1.087,0.0157771480376267
"DIDO1",0.705,0.0158243366922856
"ENY2",1.34,0.0158483288084683
"NUDT15",1.351,0.0158751093189167
"PAIP2B",0.851,0.0158911805049019
"COL5A2",1.139,0.0158933334447096
"SYS1",0.665,0.0158945865525276
"CLEC12A",0.9,0.0158963178199141
"SLC5A4",0.84,0.0159325171265715
"ACBD4",0.782,0.01594600190788
"XIRP1",1.107,0.0159485945294672
"MGMT",0.847,0.0159588504157971
"TRIM15",1.072,0.0159609706676633
"CRB3",0.802,0.015977018754704
"PLEKHM1P",0.808,0.0159837532445955
"LOC339290",0.739,0.0159890447449384
"ZNF193",0.771,0.0159916310831928
"PDLIM5",1.232,0.015997438667635
"TRAT1",0.89,0.0160120048510209
"SLAMF6",0.875,0.0160200796447922
"PHYHD1",0.913,0.0160277505329965
"CD47",0.81,0.0160281719429689
"PSCA",1.055,0.0160867381173117
"CHCHD4",1.454,0.0160934498538188
"LPIN1",0.798,0.0161116333415794
"SIGIRR",0.774,0.016113235716041
"HN1",1.248,0.0161208686797985
"TMSL3",0.804,0.0161620491549625
"DYNLL1",1.424,0.0161627154792807
"TFF1",1.044,0.0161795286243295
"CHRNA5",1.099,0.0161841732837025
"BIN2",0.856,0.0161872136708955
"OXTR",1.118,0.0162082405485172
"SLC26A7",1.139,0.0162101447049525
"DNTTIP2",1.418,0.0162156679405769
"NLN",1.283,0.0162201258283942
"C11orf61",0.801,0.0162518491921482
"GZMM",0.886,0.0162601815303389
"ZNF630",0.827,0.0162621219728023
"MCTP2",0.83,0.0162794324589962
"ICAM4",0.914,0.0162801372407902
"RGPD6",0.781,0.0162824817201901
"C2orf82",1.155,0.0162830683295627
"LOC729991",0.731,0.0162911291724958
"NCRNA00173",0.874,0.0162917095652118
"LIMCH1",0.846,0.016297876067134
"CTTNBP2",0.886,0.0163043614448948
"MAGIX",0.85,0.0163076994446482
"CCDC90B",1.258,0.0163166278682917
"ARL6IP1",1.366,0.0163424844261619
"PCM1",0.779,0.0163557325478273
"ARPC1A",1.339,0.0163558056726001
"GATA2",0.858,0.0163558423580895
"PCDH20",0.929,0.0163764208534333
"KCND3",0.904,0.0163833486253252
"GPIHBP1",0.903,0.0164091274121102
"TCEAL8",0.753,0.0164327456655669
"ABCA6",0.889,0.016445346097865
"PLEKHG4",0.873,0.0164539599733652
"LRRC59",1.43,0.0164563020662786
"ZNF204P",0.875,0.0164641907134734
"GLI2",1.173,0.0164859993777795
"ZNF391",0.86,0.0164989860201514
"LOC728743",0.779,0.0165071834728826
"HAVCR1",1.069,0.0165131101687949
"TMEM106B",1.27,0.0165269338733775
"SCUBE2",0.913,0.0165290065484324
"CHCHD3",1.434,0.0165582512804245
"VAMP8",0.778,0.0165608063430604
"PCDH15",0.894,0.0165685549447912
"ZBTB3",0.727,0.0165740319769522
"ZNF322B",0.829,0.0165846418603549
"SAAL1",1.334,0.0165874095469682
"MASTL",1.28,0.016597404386573
"MALL",0.894,0.0166063446393788
"ZNF577",0.825,0.0166112263935316
"NSUN5P1",0.871,0.0166357560494753
"TIGD3",0.832,0.0166375009713996
"PHC1",0.788,0.0166455807794888
"OGN",0.922,0.0166476799194629
"ZNF259",1.419,0.0166540077436848
"DYNC1I2",1.563,0.0166791145034241
"ZBED5",0.709,0.0166801047758988
"SEL1L3",0.797,0.0166930698274985
"FUK",0.781,0.016694045960675
"EIF5B",1.319,0.0167020716665943
"SCN1A",0.924,0.0167027219166621
"SSR4",0.809,0.016733687126785
"WASF3",0.871,0.016748464746621
"PGK2",1.341,0.0167587032232387
"LOC723972",1.192,0.0167618403878672
"HDAC2",1.377,0.0167682928052278
"PVRL2",1.325,0.0167731951360018
"NAA15",1.396,0.0167744734000958
"ZBTB8A",0.694,0.0167834422536176
"UGT2B11",1.092,0.0167957868889526
"IMPAD1",1.354,0.016799799047434
"CYB561",0.74,0.0168044167773958
"SETBP1",0.87,0.0168055885268558
"ATP6V0D1",0.729,0.016811472434232
"MST1",0.876,0.0168163431530812
"LOC151174",0.885,0.0168243127186294
"HNRNPA3P1",1.421,0.016865518735306
"AP3B1",1.485,0.0168655967439364
"SORBS3",0.781,0.0168694501247807
"RSPH10B2",0.903,0.0168751175332804
"TRIP13",1.14,0.0169039344601172
"GKAP1",0.807,0.0169479226756971
"SPOP",0.639,0.0169772293034516
"DPY19L4",1.39,0.016996470918547
"ALX1",1.096,0.0170037138392854
"CLPTM1",1.417,0.0170132144364598
"PTTG1IP",1.361,0.0170238054865513
"STXBP5",1.278,0.0170322860915757
"CPNE5",0.883,0.0170645352513609
"CENPO",1.245,0.0170702720578039
"KCNC3",0.851,0.0170790688205471
"GPR97",1.117,0.0170817287665361
"GRIK3",0.908,0.0171123344206778
"ANGPTL5",0.838,0.0171259721508639
"OR10AD1",0.831,0.0171384209397679
"IP6K2",0.684,0.0171525633983585
"TTC28",0.816,0.0172061020984426
"VENTX",0.876,0.0172235505535255
"TRIP10",1.342,0.0172737453258372
"MTSS1",0.855,0.0172781485268887
"NMD3",1.327,0.0172815715716508
"HNRNPM",1.586,0.0172846289495362
"RS1",0.87,0.0172954461526965
"DNAH2",0.908,0.0172998231856937
"EDA2R",0.905,0.0173332253005768
"IL28RA",0.86,0.0173495368003762
"LOC493754",0.684,0.0173596892712826
"KIDINS220",0.756,0.0173687553362833
"ANO3",1.09,0.0173849201258748
"KCNA4",0.862,0.0174175252076544
"PSMD14",1.328,0.0174186195790908
"WDR62",1.135,0.0174280307044072
"C2orf56",0.662,0.0174362204133215
"GOLGA6L9",0.864,0.0174410897779593
"SEC11C",0.86,0.0174599495294402
"IRX4",1.101,0.0174655138539199
"WBP11P1",1.254,0.017488472641703
"HIGD1B",0.88,0.0175132759186297
"IL12B",0.865,0.0175433356553196
"EEF2K",0.735,0.0175794974471802
"GPR65",0.862,0.0175798444730854
"FAM107A",0.897,0.017594778047143
"VTA1",1.41,0.0175983057722563
"IL33",0.896,0.0176153749391372
"SLC27A4",1.355,0.0176303186919428
"METTL9",1.371,0.0176425502344606
"EVI2B",0.863,0.0176437794649158
"RPIA",0.71,0.0176508543973034
"PTK2B",0.815,0.017651005667966
"KPNA1",1.477,0.0176748282731411
"FLJ35390",0.792,0.0177055230847235
"PSG3",1.084,0.0177089862772279
"SLC39A9",1.533,0.0177289916581587
"TCOF1",1.362,0.0177337318012208
"MRPL44",1.478,0.0177445274469691
"GRK1",0.865,0.017770819587666
"NRN1",0.877,0.0177777881923649
"ZNF799",0.727,0.0178195133877887
"ZNF727",0.898,0.0178704901311798
"ZNF69",0.85,0.0179001091404633
"OTX1",1.147,0.0179084201522203
"SCUBE1",0.897,0.0179110478834217
"ZNF596",0.821,0.0179216875463339
"LBH",0.832,0.0179391250054316
"CENPW",1.151,0.017958389607652
"C6orf124",0.854,0.0179760157819692
"DOCK2",0.874,0.0179956367118253
"CUTA",0.718,0.0180386858176585
"KCNK16",0.837,0.018122071473208
"MGC45800",1.124,0.018131812651955
"TG",0.879,0.0181321556185397
"SORD",1.246,0.0181449367344991
"TENC1",0.829,0.0181697460937726
"C11orf52",0.847,0.0181777405071702
"DERL1",1.442,0.0182032666887256
"CCNE2",1.139,0.0182257829078923
"POLH",0.705,0.0182318156959588
"ARHGDIB",0.833,0.0182340619376998
"TINAG",1.072,0.0182545700415701
"RAET1E",1.113,0.018255325551888
"BFSP2",0.876,0.0182662389446973
"GAL",1.064,0.0182719236518417
"SESN1",0.792,0.0182852885591558
"SARDH",0.867,0.0182953101829055
"PCSK9",1.075,0.0183292590490073
"PITX1",1.074,0.0183386868324368
"POMT1",0.698,0.0183528738129073
"PRAM1",0.883,0.0183565677481279
"PPP1R16B",0.871,0.0183617271611354
"C2CD2",0.74,0.0183745155392533
"DMD",0.872,0.0184026965901251
"MRPL47",1.301,0.0184187824755014
"AKAP1",0.745,0.018420036874517
"PENK",0.923,0.0184295742696598
"ZMYM5",0.709,0.0184480680082307
"C14orf167",0.797,0.0184698148312569
"IFFO1",0.847,0.0185007150971628
"ADAM6",0.912,0.0185033596884409
"ABCE1",1.395,0.0185131483342342
"ZNF175",0.811,0.018539404953718
"CA3",0.912,0.0185505932813674
"SFXN2",0.807,0.0185653300722673
"RSPH9",0.898,0.0185734303016326
"ALAS1",0.689,0.0185736669263863
"THAP10",1.24,0.0185788505492841
"KIAA1310",0.676,0.0186018439978137
"DKFZp686A1627",1.102,0.0186076642228028
"TXLNB",0.88,0.01861155994714
"MICAL1",0.809,0.0186139629988668
"VPS13D",0.789,0.0186262516075905
"KTN1",1.337,0.0186321847460801
"KIF19",0.919,0.018660197746082
"CTNND2",0.938,0.01867583622099
"GBE1",1.284,0.01870077541891
"AOX2P",1.4,0.0187013112415138
"SPINLW1",0.879,0.0187023707485299
"SPTLC1",1.519,0.0187044210292579
"SNHG7",0.83,0.0187102697338514
"KIAA0562",0.689,0.0187188077720885
"C9orf40",1.231,0.0187592099380255
"IGLON5",1.124,0.0187638726941803
"LOH12CR1",1.287,0.0187688636629463
"AAGAB",1.414,0.018789117909577
"NFE2",0.89,0.0188015937030211
"RUVBL2",1.38,0.0188085554638021
"RRAGD",0.856,0.0188133442305769
"PRKCH",0.752,0.0188223310435622
"TMEM194A",1.256,0.0188448415331075
"LOC152024",1.232,0.0188483362791297
"SULT1A2",0.887,0.018863770192382
"KCNJ15",0.915,0.0188870150572833
"CEBPG",1.288,0.0188871013656181
"AK1",0.841,0.0188973766564416
"GPHA2",0.846,0.018898699524055
"LOC641298",0.891,0.0189060830336093
"CPNE9",0.838,0.0189081709266808
"TAF2",1.362,0.0189101669943858
"ZNF133",0.746,0.0189328014595712
"APBB1",0.84,0.018933711070152
"MCM8",1.211,0.0189642998599515
"FAM10A4",1.434,0.0190373915779505
"GSTA5",0.774,0.0190702096094807
"KDM4A",0.681,0.0190886336502831
"LOC606724",0.85,0.0190924068366142
"RPS6KA2",0.846,0.0191192117843891
"SCMH1",0.713,0.0191385649083562
"GFM1",1.438,0.0191421576078801
"ING3",0.716,0.0191685333608229
"NKIRAS1",0.712,0.0191852530982519
"ACTR8",0.632,0.0191898204722026
"CYSLTR1",0.883,0.0191992752932923
"C1GALT1",1.209,0.019204532250315
"CCM2",1.291,0.019210311870834
"EMP2",0.845,0.0192247634643837
"EIF4ENIF1",0.61,0.0192457317013894
"PPTC7",1.277,0.019249330482959
"MLLT3",0.825,0.0192783227299555
"CCDC30",0.843,0.0192793327484153
"LAMA2",0.873,0.0192883461960466
"HSPB7",0.88,0.0193184354677588
"ESPNP",0.878,0.0193326859222183
"ZNF700",0.76,0.0193455775369772
"CADM3",0.91,0.0193668092698643
"NCRNA00162",1.104,0.0193809706561327
"C1orf103",1.298,0.0194029436086199
"ATP1A2",0.912,0.0194051802228486
"ZSCAN12",0.782,0.0194143512963177
"RXRG",0.911,0.0194397309594567
"PCP4",0.947,0.0194507074957607
"C6orf227",0.867,0.0194589417197545
"MCM2",1.183,0.0194629333819271
"FBXL18",1.225,0.0194662872544112
"CDH23",0.89,0.0194741374383546
"ARF3",1.501,0.0194926129604231
"LTA4H",0.781,0.0194981167826185
"HOXD8",1.1,0.0195097875591241
"HOXA1",1.103,0.0195647692582536
"MSX2",1.108,0.0195707242069552
"TMEM63A",0.796,0.0195751179291786
"FMNL3",0.805,0.0196179687981624
"CHORDC1",1.305,0.0196209902259762
"AMACR",0.787,0.0196358983258907
"MLL3",0.781,0.0196632527281204
"TMEM38B",1.197,0.0196635380663548
"FAM98B",1.351,0.019669568080089
"CLCN3",1.308,0.01968986328032
"OTOP2",1.203,0.0196909617956224
"EIF4A1",1.401,0.019724377750211
"ARHGEF19",0.843,0.0197873501075301
"AVPR2",0.874,0.0197926348123704
"PTPLA",1.116,0.0197931917215459
"MYOC",0.872,0.019805860833636
"CIB2",1.146,0.0198204967828824
"C7orf11",1.339,0.0198319137942654
"PRKAG2",0.71,0.0198320466581997
"TRHR",1.416,0.0198430204974402
"PTPN7",0.867,0.0198466147277057
"SLC43A2",0.776,0.0198620444081281
"RPL23AP53",0.77,0.0198810152408126
"ASTL",0.803,0.0199082678739014
"MDH2",1.358,0.0199380009512393
"MAP3K1",0.765,0.0199391972073874
"AP1M2",0.772,0.0199465218379389
"TPSB2",0.915,0.0199562953128904
"SLC6A4",0.923,0.0199626421528103
"SLC22A25",1.325,0.0199731818628873
"RAPGEF3",0.853,0.0199819087442668
"PTPRCAP",0.878,0.0200869814263765
"PGD",1.178,0.02017935278004
"IFT57",0.859,0.0201893718374591
"DPP4",0.921,0.0202027881569165
"FNBP4",0.764,0.0202150059745617
"NXF1",0.718,0.020215066460056
"MRPL12",1.258,0.0202624625982854
"C9orf93",0.818,0.0202640745779419
"POTEF",1.111,0.0202910565937589
"HSD17B3",0.867,0.0202921535993259
"SIGLEC8",0.899,0.0202950437436663
"BHLHB9",0.777,0.0202971017426416
"KBTBD3",0.783,0.0203169169424174
"HIST1H2BK",1.165,0.0203312734694152
"ACTB",1.414,0.0203413866157789
"RPS10P7",0.771,0.0203535684712511
"CCDC152",0.861,0.0203583243009376
"MYEOV",1.06,0.0203642986930309
"ABCC4",0.866,0.0203847249611042
"MARK2",1.453,0.0204204566418351
"GPBP1L1",0.598,0.0204275183545444
"FANCC",1.327,0.0204280907833004
"KIAA0922",0.814,0.0204423688514662
"PTPRN",1.065,0.0204709600283735
"RPSAP52",1.097,0.0204768268737242
"DCUN1D5",1.302,0.0204802355839347
"HIST1H1E",1.138,0.0204862411564789
"CNTD1",0.835,0.0205003035125009
"LDLRAP1",0.769,0.0205163498890349
"PRINS",0.87,0.0205379643733106
"FAM55C",0.816,0.0205433738531813
"LIPT1",0.715,0.0206057581143266
"MAOA",0.897,0.020623384197444
"C6orf145",0.818,0.0206388981979547
"MAPK8IP1",0.858,0.0206719649293606
"SR140",1.405,0.0206750084863578
"ZNF582",0.836,0.0206810586684268
"EN1",1.146,0.020712627661963
"EPX",0.784,0.0207235125829287
"SUSD4",0.91,0.0207464514720799
"KCTD12",0.863,0.0207505312932647
"ZNF546",0.796,0.0207626712094715
"NUP107",1.257,0.0207707334656563
"MYL5",0.829,0.0207730744145957
"LRRC52",0.894,0.0207766782378411
"C1orf228",0.878,0.020779823465268
"CRYM",0.94,0.0207799310832818
"ACAT2",1.249,0.0207896736398662
"AIMP2",1.303,0.020792841662056
"NFKB2",1.301,0.0208375797278643
"SEMA6D",0.888,0.0208396503104378
"IFT52",0.718,0.0208436373389778
"CEBPB",1.243,0.0208507599791633
"SFRS1",1.775,0.0208512746540863
"VWCE",0.863,0.0208672143453388
"UGT2B10",1.207,0.0208941494772105
"ACTR1B",0.692,0.0209055093928692
"WDR75",1.476,0.0209267741844402
"NEFL",1.072,0.0209362979060697
"MYOM2",0.886,0.0209494465775085
"ARMC9",0.824,0.0209675592935581
"SEMA6C",0.859,0.021011926497977
"PWP1",1.481,0.0210270435884349
"TUBA4A",1.215,0.021030731539272
"ORC2L",1.466,0.0210321908977733
"ELOVL2",1.12,0.021042477098619
"L3MBTL3",1.249,0.0210472449652235
"X..388795",0.83,0.0210548363714699
"HSD17B7",0.774,0.0210875305059829
"AGAP6",0.847,0.0211116653970604
"C1orf38",0.845,0.0211126467029037
"TSHR",0.887,0.0211240069750809
"LAT",0.854,0.0211325931368319
"CYTH4",0.86,0.0211507070785316
"LSM5",1.317,0.0211566201838603
"YIPF7",1.553,0.0211897514003862
"ANXA2P3",1.111,0.0212272536245652
"FAM26D",1.389,0.0212386741062855
"RAB11FIP1",0.83,0.0212474872790306
"MEF2C",0.846,0.0212561794487437
"SHOX2",1.092,0.0212960809902607
"ENO1",1.342,0.0213140490776484
"ID2",0.831,0.0213144045068557
"LOC349196",0.87,0.0213424516935004
"DDX24",0.682,0.0213443442428583
"C12orf70",1.152,0.021370107827245
"TMX4",0.818,0.0213879196067136
"FAM25B",1.258,0.0214081281965023
"PTH1R",0.887,0.0214144252475077
"TXNDC5",0.765,0.0214166676618348
"RNF138P1",0.784,0.0214744654290026
"PABPC1P2",1.252,0.0215040751583601
"TREM2",0.885,0.0215111767337425
"SYT16",1.118,0.0215165619882125
"STK19",0.712,0.0215290380047391
"C11orf20",1.16,0.0215423715301564
"CISD2",1.371,0.0215430101772804
"MON1A",0.726,0.0215507189843866
"DNAJC22",1.099,0.0215576241268036
"LRP11",1.278,0.0215678330101402
"CEACAM19",1.137,0.0215716937995637
"RBM34",1.45,0.0215784484356703
"FAM196A",1.104,0.0215813669217039
"KIR3DL2",0.897,0.021597915243148
"DYDC2",0.917,0.0216038812299361
"LRRN4",0.933,0.021621951613075
"CCDC130",0.772,0.0216461125016327
"MUC2",1.068,0.0216893957292303
"REM1",0.858,0.0217564707149245
"RTN4RL1",0.918,0.0217748679548508
"SACS",1.247,0.02181862626241
"CBFA2T2",0.769,0.0218897598623907
"FAM73B",0.79,0.0218987269200224
"TMEM55B",0.679,0.0218997749590538
"PLA2G15",0.756,0.0219029741242325
"FLJ41941",0.861,0.0219177170273563
"CD81",0.784,0.0219308820230743
"LOC619207",0.898,0.0219309833455193
"PARD3B",0.885,0.0219595510327115
"IL3RA",0.838,0.0219683061416879
"RNPC3",0.807,0.0219753808712631
"SLC38A3",0.912,0.0219773772437169
"MNDA",0.89,0.0219999783499168
"CA11",0.867,0.0220125666874478
"LOC100131551",1.102,0.0220262904705454
"HABP4",0.752,0.0220524191278064
"CNGB1",0.914,0.0220561402290729
"ACP5",0.845,0.0220627776991442
"SMG7",1.496,0.0220637003063289
"PLCH1",0.882,0.0220637971397587
"ADAM21P1",1.19,0.0220796151922448
"FLJ22536",1.114,0.0220818882260897
"WAS",0.863,0.0220888802005666
"FGF10",0.771,0.0220992132814598
"NFKBIL2",1.173,0.0221000966689136
"BMF",0.815,0.0221040923836928
"ASAP2",1.158,0.0221068240807323
"RBM39",0.677,0.0221363152129804
"RUNX1",0.783,0.0221985399725665
"ABCA12",1.068,0.0222048041648393
"LOC283856",0.766,0.0222322533756617
"CRTAM",0.883,0.0222642960651452
"RNF185",0.627,0.0222887005139148
"ZNF276",0.8,0.0222981516669999
"CARD8",0.751,0.0223193705561275
"DNAH12",0.927,0.0223695304755213
"ERVFRDE1",0.857,0.022379222155549
"MTERFD3",0.78,0.0223799589876172
"FAM174B",0.854,0.022402284522456
"CD247",0.872,0.0224135476274658
"CCDC58",1.242,0.0224177045581192
"KLHL10",0.761,0.0224181155688203
"SOCS6",1.361,0.0224205883116099
"SLC6A8",1.134,0.0224374921997318
"C11orf36",1.216,0.022493603074609
"FAM176A",0.887,0.0225031756283422
"LOC92973",0.885,0.0225258485175432
"GPR120",0.899,0.0225269797234887
"GDF10",0.92,0.0225459273677416
"CACNG7",1.284,0.0225980104725343
"TMEM215",0.901,0.0226034476589607
"LRRC43",0.899,0.0226123416647253
"RBM8A",1.45,0.0226686757671532
"SLC1A4",0.842,0.0226689705026279
"PRKACA",0.649,0.0226749466752489
"TAP2",1.217,0.0226768068230093
"DDX26B",0.834,0.0227137469934226
"PLEKHG1",0.824,0.0227140198069736
"CALHM1",0.817,0.0227306012051448
"TTC25",0.888,0.0227332429897099
"ZNF488",1.095,0.0227437927433963
"SCAND2",0.736,0.0227478710542901
"MT1A",1.083,0.022766525564689
"AGAP11",0.879,0.0227675098891366
"ANO1",1.127,0.0227801338114347
"PIGA",0.791,0.0227872529203248
"ZSWIM5",0.861,0.0227885911986537
"HYLS1",1.265,0.0227939899907298
"NIPAL3",0.794,0.022803545530249
"RAB3B",1.081,0.0228357678075701
"ST8SIA5",0.869,0.0228397885804287
"GRPEL1",1.373,0.022841820594137
"FYN",0.832,0.0228691624491442
"ABHD6",0.794,0.0228872056080444
"ASAM",1.11,0.0229288627973901
"C15orf63",1.296,0.0229359790386653
"YY1",1.507,0.0229453869873057
"PLP2",1.227,0.0229491743081353
"SCN10A",0.627,0.0229545896548877
"KIAA1407",0.827,0.0229583710024174
"ID1",1.12,0.0229647659213483
"FLJ37307",0.826,0.0229660877248
"TBC1D25",0.739,0.0229679153004144
"CORO7",0.794,0.0229842750116239
"GMPPB",0.702,0.0230044726573088
"CDK3",0.853,0.023033475230934
"ASCL2",0.895,0.0230459105214867
"TBCC",0.715,0.0230589873220117
"ACHE",0.919,0.0230697201855571
"COL6A4P2",0.882,0.0230752223171115
"F10",0.88,0.023120714991705
"FASTKD3",0.751,0.0231623234658733
"FGF18",0.905,0.0231654186666659
"OCLN",0.862,0.0231714343746299
"CXorf61",1.051,0.0231771915406124
"LHX5",1.122,0.0232024008956871
"PKNOX2",0.894,0.0232053508651645
"C2orf42",0.599,0.0232067804298281
"PRDXDD1P",0.822,0.0232616818253674
"ODZ3",1.111,0.0232756532431268
"LY86",0.884,0.0232856381161339
"C8orf46",0.895,0.0233123670841278
"SFRP5",0.925,0.0233295037602707
"PADI6",0.58,0.0233323853132427
"CYB5RL",0.791,0.0233328587414012
"COX16",1.384,0.0233528571081906
"MUC16",1.051,0.0233528608948388
"MXD1",1.222,0.0233749417357738
"SNHG9",0.873,0.0233815840354368
"PFN1",1.435,0.0233871737800603
"C8orf84",0.879,0.0234024746089774
"GIGYF1",0.819,0.0234109609756395
"RIBC1",0.877,0.0234155399304884
"GRIN2B",1.193,0.0234285448735821
"LOC100270746",0.835,0.0234566727919173
"AQP6",0.914,0.0234603984717612
"ZNF572",0.856,0.0235176030303587
"RALB",1.292,0.0235308236837248
"LOC401431",0.854,0.0235340711225794
"RTCD1",1.428,0.0235382274222481
"SERPINB3",1.045,0.023545417782772
"NME4",1.241,0.0235717147129519
"MSLNL",1.087,0.0235732705416484
"TANC1",0.766,0.0236658742953939
"USHBP1",0.846,0.0236892401696879
"ZNF674",0.71,0.0236929530458842
"C1QTNF3",0.879,0.0237247321447618
"CLK1",0.797,0.0237382497978051
"ERMN",0.877,0.0237879975802624
"BANF1",1.315,0.0237880160639036
"WARS2",1.385,0.0237937671699295
"MAMDC2",0.925,0.0238011390791582
"ZNF37B",0.831,0.0238015485074373
"HCG27",0.874,0.0238016864450701
"PSORS1C1",1.11,0.0238193281547962
"RELB",1.253,0.0238398757679137
"ERCC1",1.343,0.0238605731434338
"LARP1",1.349,0.0239186326163773
"MAP2K3",1.35,0.0239499039063554
"IGF2BP2",1.117,0.0239569341501554
"TXNDC3",0.848,0.0239612873987052
"MRPS24",1.273,0.0240122455094213
"PREPL",0.74,0.0240314718503626
"SESN3",0.883,0.0240350497671032
"RAB36",0.873,0.0240550971879291
"PTCRA",0.873,0.0240983595108425
"NAA16",0.74,0.0241214757056832
"MUC21",0.951,0.0241487409544357
"KIAA0895L",0.85,0.0241513380678715
"UMPS",1.401,0.0241611978806997
"GNG12",1.227,0.0241709969807424
"C2orf40",0.93,0.0241995166614263
"ANGPTL7",0.866,0.0242000966210213
"FAM83H",1.215,0.0242004528204898
"ZNF541",0.886,0.0242889900776912
"GOSR1",1.558,0.0243000285900451
"ATP8B4",0.868,0.0243030253963245
"TTBK2",0.838,0.0243063483371944
"TSKU",1.153,0.0243130236592065
"KIAA0114",0.826,0.0243209816528499
"RBM15",1.503,0.0243303562885336
"TNFSF8",0.886,0.0243681824537875
"ENO3",0.921,0.0244022646915303
"NCKAP5L",0.786,0.0244172580272667
"NIPA1",1.344,0.0244483371453168
"CRYGN",0.91,0.0244722876005542
"MRPS12",1.236,0.0245550743270149
"PLD3",0.817,0.0245708355427939
"HNRNPD",1.493,0.0245735659918077
"NBPF3",0.831,0.0245785270573474
"ANKRD23",0.849,0.0246189171727351
"CD3E",0.878,0.0246378845224329
"PSPH",1.183,0.0246466377919493
"CYP2A13",0.881,0.0246509370645236
"AGAP4",0.832,0.0246660259701779
"YPEL2",0.749,0.0246798653450075
"MFSD5",1.536,0.024683939200971
"SLC6A15",1.07,0.0246865380958077
"KIAA1683",0.893,0.0246956219679043
"WSB2",1.339,0.024706072261871
"SERPINB4",1.055,0.0247335930599053
"SLC25A35",0.813,0.0247390448548778
"C6orf64",0.701,0.0247503458691269
"TMEM86A",0.828,0.0247543620307153
"CD3EAP",1.328,0.0247676027898621
"ERGIC2",1.325,0.0247818663674658
"C3orf47",0.86,0.0247825919330739
"C1orf200",0.808,0.0247912451065778
"CELF6",0.88,0.0247913426525421
"REXO4",1.53,0.0248443731781634
"CROCC",0.835,0.0248488496085264
"ECT2L",0.906,0.0248531688363671
"TAS1R2",0.398,0.0248566142678324
"EML4",0.784,0.0248779282674614
"RAB17",0.846,0.0248886399336072
"ADH7",0.922,0.0249090276324241
"USE1",0.746,0.0249762075163147
"TK2",0.789,0.0249827434250409
"ACAP3",0.821,0.0249829098588324
"FAM71E1",0.851,0.0249877778772066
"CD1A",0.938,0.0249917575739683
"RBM42",1.297,0.0250070742783209
"KIAA0802",1.115,0.0250137032416075
"HELQ",0.676,0.0250239345460047
"AQP5",0.954,0.0250239867204519
"LOC641367",0.796,0.0250354388218187
"SNED1",0.855,0.0250365171994942
"ARL17B",0.837,0.0250484580632955
"ETF1",1.469,0.0250723108836124
"NDUFS2",1.426,0.0250741510185393
"SYNCRIP",1.515,0.0250992082820167
"BCL2L13",1.443,0.0251125789114211
"HYI",0.811,0.0251395794267042
"C19orf21",1.138,0.0251663839201685
"NTRK1",0.875,0.025177551274401
"IL17REL",0.903,0.0251787832449795
"C14orf166",1.373,0.0252023616537834
"CLEC4A",0.88,0.0252048431393844
"SPARCL1",0.87,0.0252238677247124
"IGSF6",0.886,0.0252263773385315
"ABHD4",1.27,0.0252415075048895
"C8orf42",0.86,0.0252515654004325
"CR1",0.904,0.0252531008528755
"C19orf61",1.42,0.0252568327331704
"PADI1",1.06,0.0252608480246608
"AKAP8",0.66,0.0252619372721631
"STAG3L1",0.886,0.0252938568330265
"TUBB3",1.115,0.0252955361326325
"C2orf78",1.698,0.0252975336502806
"RXFP2",0.63,0.0253408064660085
"CLEC1A",0.838,0.0253432473489514
"ZC3H7A",0.688,0.0253448952684994
"CHDH",0.87,0.0253635685328577
"ARNTL",0.798,0.0253827818517604
"HLA.DQA2",0.917,0.0254107815729487
"IER3",1.15,0.0254221403265931
"LOC221442",0.894,0.0254314195549942
"SHE",0.907,0.0254387018358145
"PPIAL4G",1.262,0.0254407550024493
"FAM8A1",0.751,0.0254943037364656
"NTRK2",0.914,0.0255051599269923
"LONRF2",0.923,0.0255273070179153
"SDR42E1",0.901,0.0255346099271786
"UTS2D",0.832,0.0255617041980212
"CHD6",0.807,0.0255660972581806
"ANGEL1",0.75,0.0255963075995463
"PAK3",0.926,0.0256126796082346
"NIPA2",1.448,0.0256210388760988
"ZCCHC24",0.806,0.0256357127697469
"CCDC81",0.886,0.0256533908818998
"ENAM",0.929,0.0256713315694771
"P4HTM",0.777,0.0256765599149672
"CCDC17",0.918,0.025682885294682
"FOLR2",0.9,0.0256959735466639
"LST1",0.883,0.0256968197982047
"C17orf28",0.836,0.0257370262752117
"C13orf30",0.939,0.0257735648270878
"PDE8B",0.88,0.025780788236612
"CAV2",1.143,0.0257905773149124
"MRPL10",1.459,0.0257914428240425
"FOXN3",0.782,0.0258129728912924
"ATOH8",0.923,0.0258189707825444
"ROS1",0.938,0.0258313491019104
"ZNF83",0.809,0.0258374717846747
"PPM1K",0.821,0.0258491975876626
"MCCC1",0.81,0.0258698387715529
"ATG10",1.31,0.0258709162595846
"ST3GAL3",0.799,0.0258906585673979
"VPS13C",0.787,0.0259053584829995
"IFNAR2",0.794,0.025915076811538
"ITGAX",0.879,0.0259553551251226
"FAT1",1.161,0.0259982834136723
"FAM53B",0.788,0.0259983652775042
"TRAF7",1.416,0.0260050708987807
"LEO1",1.435,0.0260249242851639
"GIPR",0.9,0.0260314120008261
"RAPGEF4",0.852,0.026038033568777
"CHD1L",1.316,0.0260501936148276
"MAP1LC3C",0.915,0.0260651191127998
"GP9",0.8,0.0260686067174056
"SNAI1",1.147,0.0260919733733942
"C9orf9",0.84,0.0261203708985263
"LOC729799",0.829,0.0261217380024916
"ACSL6",0.894,0.0261540786051544
"ZNF611",0.77,0.0261689932337522
"RGL3",0.878,0.0261830221915559
"LOC728323",0.836,0.0262332192235414
"LRIG3",0.878,0.0262477457682058
"GRM1",1.157,0.026268567666961
"B3GALNT1",1.164,0.0262687502288573
"ITPKA",1.068,0.0262715548246843
"ZSWIM7",0.769,0.0262822120662537
"GCKR",1.096,0.0262852755043496
"TTLL9",0.888,0.0262916907847149
"C7orf30",1.371,0.0262939745234659
"ZNF208",0.91,0.0262974331741909
"DENND3",0.802,0.0263270614221231
"ZNF486",0.914,0.0263401341191482
"PEG3AS",0.687,0.0263432329117241
"ARSI",1.158,0.0263657313056958
"ACOT7",1.243,0.026368876717915
"FAM129A",0.869,0.0264120481852559
"NCF4",0.868,0.0265009002566644
"NAF1",1.485,0.0265012734721309
"ACOX2",0.891,0.0265076024899647
"FGR",0.872,0.0265306175795836
"KPNB1",1.376,0.0265327256785519
"TMEM90A",0.908,0.026556511630268
"CNTNAP2",1.065,0.0265856779611696
"SIX1",0.916,0.026598658187019
"HIST1H2BD",1.15,0.0266001453425883
"CCK",1.088,0.0266010338374563
"PDE4C",0.907,0.0266205708706256
"ITGA8",0.927,0.0266236890187289
"LY75",0.869,0.0266356282433985
"TWISTNB",1.327,0.0266387741616758
"ETV1",0.888,0.0266472393885187
"FHAD1",0.909,0.0266932884303134
"CCDC85B",1.199,0.026713801271578
"C11orf41",1.099,0.0267352468735238
"KARS",1.43,0.0268232062570218
"C1QBP",1.25,0.0268263250113424
"TEKT3",0.888,0.0268277102832279
"CPLX2",1.042,0.0268346039867405
"KCNAB2",0.858,0.0268377639948678
"CYP2F1",0.928,0.0268461115982592
"CD4",0.868,0.0268718058672222
"CD300LG",0.912,0.0268787691186373
"WDR59",0.728,0.0268982538367297
"CABIN1",0.781,0.0269330817196024
"CEBPA",0.89,0.0269904987100136
"IPO9",1.413,0.0269943108135465
"MAPT",0.898,0.0270030616277528
"MAP9",0.841,0.0270080260944635
"FCN1",0.909,0.0270118553781045
"FAM91A1",1.34,0.0270128563714455
"CA10",0.941,0.0270301381859893
"CTPS",1.242,0.0270390953551318
"GPR112",0.682,0.0270694338057102
"C22orf34",0.884,0.0270829272603494
"FAM126B",0.726,0.0271030064780357
"TRIM50",0.88,0.0271223953310614
"HAS2AS",1.151,0.0271399524300924
"RGPD5",0.891,0.027159304125619
"REC8",0.897,0.027162116020463
"PHKA1",1.225,0.0271704262327543
"RNF4",1.531,0.0271721287034088
"ACSM3",0.9,0.0272122951020953
"RUVBL1",1.304,0.0272161411074049
"PES1",1.407,0.0272259375541912
"C14orf80",1.191,0.0272774908825109
"MST1P9",0.932,0.0272788422346819
"NAGK",0.717,0.027292582865283
"NXPH3",0.872,0.0273247075064185
"AGXT2L2",0.793,0.0273316367512966
"UAP1",1.324,0.0273534832784463
"DARC",0.928,0.0273635804970428
"WDR5B",0.735,0.0273778547938484
"SCGB1A1",0.962,0.0273980052878331
"RAB11A",1.404,0.0274092371531299
"CKAP2",1.224,0.0274155478872464
"SFRS2B",0.711,0.0274356910519073
"PTPRR",1.099,0.0274454142871164
"ZDHHC2",0.852,0.0274618524861487
"HMGB4",0.466,0.0274682197985984
"C2orf47",1.387,0.02747811003221
"WDR6",0.758,0.027491026988655
"PNOC",0.907,0.0274959697015074
"FIGNL2",0.901,0.0275523627747034
"FNDC3B",1.294,0.0275565674474827
"TFAP2E",0.876,0.0275823600201765
"UBC",1.471,0.0275969011356563
"KLF4",1.133,0.0276036010329681
"CKS2",1.162,0.0276294791687433
"TMEM85",1.371,0.0276296540643197
"NOTUM",0.933,0.0276336478280397
"GPR17",0.879,0.0276987850669497
"FAM104B",0.769,0.0277070860110253
"FAM21B",0.737,0.0277095737717344
"PDZD9",0.763,0.0277324798837121
"IGFBP3",1.123,0.0277482900057009
"C1orf116",0.918,0.0278061304443993
"CPA1",0.743,0.0278101173653801
"CD99",1.226,0.0278108378205133
"SLAMF9",1.102,0.0278311590473185
"CDK15",0.857,0.0278375032495585
"PPP1R1B",0.946,0.0278397093104595
"TMEM189",1.343,0.0278903494421436
"ACPP",0.861,0.0278921203419162
"ZNF24",0.727,0.0279762563041616
"MCOLN1",0.739,0.0279778807892541
"NHSL2",0.877,0.0280278878314755
"SLC8A3",0.886,0.0280458815180294
"SLC44A4",0.92,0.0280619685749713
"PLTP",0.867,0.0280840824060456
"CENPL",1.236,0.0280952099595684
"LOC651250",0.805,0.028096951698964
"MOGAT2",0.795,0.0281189230304482
"PVALB",0.892,0.0281254139177816
"PPIAL4C",1.24,0.0281396614107563
"SPRY1",0.822,0.028145019265341
"JHDM1D",0.76,0.0281461924732842
"SPOCK2",0.872,0.0281556020113889
"SLC25A36",0.738,0.028165479940743
"KIAA1147",0.785,0.0281685006879017
"PPIP5K1",0.794,0.0281709688482074
"HIBADH",1.323,0.0281730650907007
"C21orf2",0.802,0.0281927138441827
"GGTA1",0.878,0.028202704190489
"CLIC1",1.338,0.0282033219249744
"ZNF181",0.739,0.0282121751102894
"KRT1",0.898,0.028274712959137
"COL27A1",0.903,0.0282771175386275
"LOC440957",0.814,0.0282776808330219
"LOC647946",1.103,0.0282789552807494
"COL4A1",1.173,0.0282865296974276
"STK3",1.368,0.0283017948331618
"PGM1",1.311,0.0283102718726395
"GRID2IP",0.869,0.0283157636977341
"SEC23A",1.224,0.0283241192001973
"UBE2F",1.392,0.0283247612769022
"LOC100216545",0.841,0.0283258073280626
"TAX1BP3",1.324,0.0283282354612054
"SYMPK",1.31,0.0283309866817312
"A2ML1",1.067,0.0283774967103286
"CDK2",1.276,0.0284893280426847
"NAALAD2",0.86,0.0285042446668634
"FIGN",1.132,0.0285359341885547
"ZNF833",0.82,0.0285411493944769
"GLT25D1",1.279,0.0285500630770526
"CYB5R1",0.789,0.0285863666530108
"LRRC37A2",0.846,0.0286010782906292
"FAM104A",1.538,0.0286179098903996
"IL12RB1",0.88,0.0286253695795567
"TGM5",1.098,0.0286284886172572
"CDC37L1",0.721,0.028647161214939
"CCL3L1",0.907,0.028654265335386
"PLEKHF1",0.837,0.0287851400735699
"HNRNPL",1.755,0.0287860726611701
"C6orf1",0.822,0.0288048489791319
"NCCRP1",1.067,0.0288457049688535
"ADRA2A",0.922,0.028847647783757
"PDCD4",0.769,0.0288692952235556
"TTYH2",0.87,0.0288761948626155
"RIMS3",0.868,0.0288836602148181
"LSP1",0.866,0.0289105495809345
"CD53",0.874,0.0289155089073931
"C12orf62",0.763,0.0289274759474984
"ELFN1",1.171,0.0289878090322494
"CD84",0.902,0.0290196099907239
"ZDHHC1",0.816,0.0290201761873363
"DUOX1",0.925,0.0290292562543333
"LLGL2",0.826,0.029034622955135
"TSGA10",0.846,0.0290492539287936
"C2orf81",0.859,0.029063859066101
"RAD54L",1.12,0.0290689085476575
"NFATC1",0.85,0.0290766324411051
"MRPL37",1.383,0.0290783747547515
"AKAP6",0.872,0.0290850694919002
"FCRL4",0.902,0.0290872339493103
"OSBPL10",1.252,0.0291087786669289
"GNAI1",1.166,0.0291308541243969
"GOLGA6L10",0.867,0.0291655046446575
"RGS9",0.884,0.0291697665360646
"ARHGEF17",0.814,0.0291905033459081
"HPSE",1.172,0.0292166630937017
"KLK12",0.953,0.0292244688886485
"ZMYND10",0.927,0.0292388586510781
"ZNF764",0.69,0.0292431908493849
"HMCN1",0.894,0.0292615245356358
"IL34",0.889,0.0293023902685473
"WASF1",1.162,0.0293271538313439
"APOB",1.084,0.0293396320288496
"SNX9",1.323,0.0293616012309736
"POSTN",1.12,0.0293653783348771
"CCDC114",0.911,0.0293803140632567
"HDGF",1.317,0.0294064877256272
"KNG1",1.085,0.0294092060417434
"C6orf176",1.047,0.0294126071566649
"PLXNA2",0.881,0.0294137740934088
"KLHL24",0.76,0.0294229800602213
"CD80",0.889,0.0294360260374873
"LOC644165",0.901,0.0294457568318577
"MKI67IP",1.309,0.0294574552670877
"RAB37",0.889,0.0294825813622052
"BEND6",1.111,0.0294860773353132
"GYS2",1.146,0.0294951246341575
"DPYS",0.882,0.0294985252159962
"ARL4D",1.152,0.0295073473644339
"TLR9",0.875,0.0295095273146426
"PLEKHM1",0.774,0.0295715174987205
"TRIM27",0.687,0.0295894103565584
"C13orf27",1.204,0.0296054404319802
"LAMP3",0.906,0.0296141736125198
"FHL5",0.901,0.0296462647415569
"MECOM",0.886,0.0296972043327554
"ALCAM",0.851,0.0297672794545777
"LRP10",1.291,0.0297795898398821
"RASGEF1B",0.833,0.0298080379149522
"ASPDH",0.772,0.0298202111293419
"FOXG1",1.081,0.0298369683883406
"GSTA2",0.943,0.0298536644192347
"DDX5",0.629,0.0298653027336431
"DHX36",1.399,0.0298666539658968
"PPP1R12B",0.857,0.029927152446465
"CNFN",0.892,0.0299473113869948
"MET",1.094,0.0299606539233445
"ADAMTSL5",1.111,0.0299692702885562
"HNMT",0.85,0.029988109346427
"SFTPA2",0.958,0.0299886054153129
"TCTE1",0.909,0.0300335001777952
"CXorf40A",0.712,0.030089874252293
"LYPD5",1.113,0.0301050814042727
"SCN4A",0.919,0.0301256616746592
"CHI3L1",0.92,0.0301328327484249
"AMY1A",0.946,0.0301334244359197
"CDH15",0.923,0.0301428991386805
"CDC14A",0.834,0.0301624917528807
"SYNGR4",1.104,0.0301626037824329
"NFATC3",0.766,0.0301900542450637
"PNMAL1",0.925,0.0302276353278451
"COL12A1",1.091,0.0302420279280275
"NUCB2",0.796,0.0302529848001919
"SLC16A13",1.243,0.0302988930141151
"C4orf44",0.877,0.030320475947947
"FGA",1.039,0.0303551990343762
"TEF",0.842,0.0303561179472087
"RASSF10",0.918,0.0304032238826503
"C8orf56",0.839,0.0304228219616663
"ZC3H12C",1.22,0.0304276279432616
"SECISBP2",0.704,0.030428272546321
"FANCL",1.259,0.0304314838172319
"ST5",0.803,0.030435883762035
"TMEM158",1.107,0.0304578834863909
"FADS3",0.831,0.030464671844929
"GLOD5",0.899,0.0305360366046352
"SLA",0.873,0.030568345766158
"DUSP5",1.159,0.0305871768462005
"KCNA5",0.892,0.0306043368451017
"MRC1",0.917,0.0306354976234989
"FAM83F",1.068,0.0306543023604836
"RASGRP4",0.881,0.0306644399061363
"RILP",0.825,0.0306958233073358
"RFC3",1.219,0.0306982634313904
"WDR43",1.323,0.0307676506031584
"DBNDD2",0.792,0.0307741251137783
"TBCEL",0.791,0.0307747803220922
"GPN1",1.319,0.0308134402547814
"TRIM10",1.094,0.0308327278779373
"OAS1",1.145,0.0308620694434983
"SOX15",1.1,0.030868752516254
"APOL2",1.228,0.030877776894735
"LRRN3",0.898,0.0308874709930423
"C9orf152",0.918,0.0308878168844655
"APOBEC1",1.069,0.0308958713927888
"PSRC1",1.166,0.0309044537212678
"ASAH1",0.816,0.0309126459980234
"MAGI3",0.847,0.0309261706841023
"HOXC6",1.081,0.0309565568392377
"GNAO1",0.901,0.0309571545547924
"PF4V1",0.879,0.0309684497364483
"FANCB",1.158,0.0309817311759289
"PLEK",0.885,0.0309978556155971
"TBX5",0.886,0.0310074543710158
"CCR5",0.876,0.0310381191989725
"ZDHHC21",0.844,0.0310384456732874
"C1QL1",1.09,0.031044473712768
"C17orf63",1.365,0.0310517868446678
"HOXA7",1.129,0.0310623654307497
"DMTF1",0.777,0.031105443241958
"C20orf200",0.845,0.0311196857994356
"MMP24",0.85,0.0311320186072316
"ITPR2",0.864,0.031176875214515
"WDR83",0.758,0.0312396821062571
"AMBP",0.944,0.0312769853326056
"RBM38",0.801,0.0312881214339999
"CAMK2N1",1.12,0.0312943669289478
"BCL2",0.872,0.0313564893668792
"C14orf139",0.872,0.0313721285877906
"ATG2B",0.772,0.0313769938368061
"HCRTR2",0.766,0.0313806729600223
"DNM1P35",0.856,0.0314459268139592
"KIAA1486",0.919,0.0314730257606266
"ATP4B",0.868,0.0314908486932064
"TBC1D9",0.797,0.031495070317415
"NPHP3",0.795,0.0315063140845877
"CCDC22",0.711,0.0315263444743643
"CD33",0.89,0.0315548587995903
"PRUNE2",0.901,0.0315829396641725
"TMEM44",1.23,0.0315929695273914
"ARGFXP2",0.832,0.0316086944411931
"SLCO1B1",1.103,0.0316587797611802
"MKL1",1.385,0.0316753467682255
"ENPP6",0.87,0.0316771638195168
"C17orf47",0.836,0.0316895705683531
"INVS",1.395,0.0316932737285681
"MYO15B",0.901,0.0317027262811308
"SEMA7A",1.14,0.0317699891149631
"TMEM175",0.79,0.0317719035966927
"DLX3",0.924,0.0317738720359731
"NSUN5P2",0.88,0.0317835274184142
"LOC158572",0.819,0.0318290904090964
"NHLRC1",0.829,0.0318305305290752
"EOMES",0.897,0.0318515601949184
"DIO1",0.926,0.0318938294570145
"PEF1",0.681,0.0318947455867578
"FANCA",1.173,0.0318968735648286
"MIIP",0.802,0.0319047882027275
"CASQ2",0.913,0.0319057609505432
"RASAL2",1.239,0.0319098709602038
"DTX3",0.846,0.0319234423301188
"CCDC60",0.925,0.031953645494805
"KIAA0494",0.74,0.031961273629507
"SLC35E2",0.841,0.0319767259056278
"C1orf95",0.939,0.0319932739943396
"SRPK3",0.925,0.0319985178178645
"RNF144B",0.849,0.0320174534693017
"CLCNKA",0.911,0.0320175187723956
"PPP1R1C",1.097,0.0321063542589359
"C5orf55",0.851,0.0321064920469226
"LOC440896",0.816,0.0321072892235881
"GAB2",0.834,0.0321084136336273
"ENTPD3",0.913,0.0321179540086333
"ISL2",1.113,0.0321280217738542
"GPR37L1",1.123,0.0321759805399063
"PI3",1.059,0.0321770424712575
"GPR35",1.088,0.0323054169962424
"FAM164C",0.839,0.0323308763865427
"RNF113A",0.721,0.0323708081882688
"C6orf62",0.673,0.032400199951923
"ITFG2",0.77,0.0324221808944938
"AXIN2",0.877,0.0324261987906135
"ABCB1",0.88,0.0324314965037858
"CCDC33",0.926,0.0324354661640165
"OGDH",1.364,0.0324445891117107
"AASS",0.879,0.0324514934705137
"C17orf87",0.9,0.0325189046503572
"FCRLB",1.157,0.0325305338913577
"POP1",1.264,0.0325369893322361
"CHAF1A",1.228,0.032550568307227
"GGT7",0.835,0.0325678240011737
"PLXNB1",0.85,0.0325833376524516
"RCOR3",0.749,0.0326199129118092
"AQP10",0.844,0.0326655762707824
"HSPA1A",1.196,0.0326778508193121
"ALS2CR11",0.918,0.0326807920165662
"TUFT1",1.246,0.0326840271945088
"SNTA1",0.841,0.0326942509920405
"PSIMCT.1",1.165,0.0326979429798139
"C12orf60",1.208,0.0327080632065451
"ASAP1",1.243,0.0327447674242937
"FHL1",0.898,0.0327527440562097
"FAM103A1",1.333,0.0327765419194808
"KLHDC5",1.299,0.0327884209017939
"YWHAE",1.385,0.032795821989361
"PAQR4",1.186,0.0328042493862948
"LOH12CR2",0.822,0.0328070724656732
"ACSL5",0.897,0.0328280391166021
"MC5R",0.825,0.0328446501117654
"SLC25A45",0.811,0.0328551726145035
"JAM2",0.867,0.0328964736348745
"C9orf135",0.94,0.0329196705962551
"DSP",1.112,0.0329275276489702
"URB2",1.304,0.0329659594099273
"ACSL1",0.83,0.0330167273243486
"LHX2",1.085,0.0330170760097635
"LPHN1",0.856,0.0330899468649684
"BAAT",0.932,0.0331151179925493
"LOC541471",1.173,0.0331678743738343
"IQGAP2",0.885,0.0331765828259157
"RANBP3L",0.903,0.0332085104702783
"GPRASP2",0.806,0.0332210581201303
"HSPB9",0.893,0.0332355464655552
"PTGR1",1.134,0.0332544684358411
"NOS3",0.885,0.0332982784708359
"GPD2",1.341,0.0333010098558494
"TMEM87B",1.395,0.0333242760255597
"IL18RAP",0.887,0.033329398193268
"ABI2",0.732,0.0333670048535884
"NFKBIZ",0.879,0.0333788089048137
"ADAMTS17",0.896,0.0333974175303493
"ZNF389",0.878,0.0334018200624045
"C22orf46",1.266,0.0334176582921058
"SC65",1.17,0.0334329338383103
"C14orf159",0.83,0.0334483749402649
"SCN11A",0.859,0.0334816346996476
"FBXL21",1.156,0.0334817225525042
"EIF3H",1.312,0.0334843907139411
"ZNF598",1.313,0.0335163854702625
"L1TD1",0.891,0.033522409521825
"KLB",0.918,0.033536804936476
"PZP",0.925,0.0335565208743228
"GOLGA6L6",0.886,0.0336021466173724
"SLC1A2",0.903,0.0336066552424073
"ATXN7",0.777,0.0336469851742694
"ELF2",0.652,0.0336561381046721
"LARP6",1.132,0.0336563234886942
"FA2H",1.106,0.0337007253142854
"SUGT1",1.395,0.0337434677663095
"ABL1",1.36,0.033745167311284
"MTMR7",0.902,0.0337551812779636
"RAB20",0.801,0.0337653940845445
"DAK",1.29,0.033806333954012
"ABCD1",1.251,0.0338102317818115
"SPRR2A",1.072,0.0338123269448982
"BBS1",0.778,0.0338419874972585
"SLC35F2",1.207,0.0338571350745043
"CDA",1.073,0.0338675223660292
"TCTEX1D1",0.892,0.0338704662406623
"DEDD2",1.358,0.0338797108911569
"CTXN2",0.795,0.033914613167749
"PITPNC1",1.15,0.0339334986613759
"LOC643837",0.735,0.0339846577555955
"WDR18",1.274,0.0339938453736158
"ARHGAP18",0.826,0.0341045378786391
"EGR2",0.883,0.0341531276899645
"RHPN1",0.881,0.034162813589512
"PLGLB2",0.868,0.0341965984820944
"C1orf112",1.225,0.0341986300595517
"C14orf73",0.905,0.0342016890701146
"MAN2B1",0.762,0.0342099113962302
"RDH16",1.131,0.0342271037487201
"NINL",0.857,0.0342328997079325
"NKTR",0.846,0.0342330377872718
"HSPC157",0.792,0.0342837011308733
"LILRB1",0.886,0.0343095985619538
"RSBN1L",0.723,0.0343195664719173
"DOK4",0.876,0.0343255915220557
"GAS2L2",0.931,0.0343305566706222
"PELI1",0.822,0.0343458601861676
"TWIST2",1.125,0.0343515250079511
"JAGN1",1.342,0.0343529832306426
"PIGX",1.314,0.0343583881477126
"SCML2",1.113,0.0343599271608615
"DNAJA1",1.362,0.0343658130055784
"S100A11",1.236,0.0343679022625779
"TSC22D3",0.864,0.0343938619976402
"LRRC37A3",1.174,0.034399300276114
"SDC1",0.838,0.034403170011269
"DNAH9",0.944,0.0344230107323498
"NINJ1",0.802,0.0344443551928016
"TEX261",0.662,0.0344555659976767
"SLC6A13",0.881,0.0344601159499369
"C17orf51",1.222,0.034482602566876
"NAB1",1.326,0.0344851904528731
"ZNF366",0.891,0.0345013245783418
"BSPRY",0.831,0.0345653522691805
"ACAD11",0.819,0.0345886685848163
"LOC202181",0.857,0.0345917955303302
"CCDC88B",0.861,0.0346314868671311
"TEK",0.883,0.0346336736786655
"OPA1",1.336,0.0346593351743058
"SDCCAG8",0.734,0.0346615837669687
"SEMA4G",1.114,0.0346942103515198
"TMEM151B",0.881,0.0347189195986935
"CC2D1A",0.767,0.0347441661476589
"AGRN",1.189,0.0347560569227753
"MED15",1.317,0.0348158916744673
"GPM6B",0.887,0.0348290357387642
"LUC7L",0.813,0.0348520583475974
"LCP1",0.881,0.0348551911514294
"UBA6",1.336,0.0349088713255543
"GGA1",0.756,0.0349219748463526
"LTA",0.89,0.0349260459426452
"STRN4",1.356,0.0349565091767497
"FOXL2",1.092,0.0349766017836124
"ACAN",1.09,0.0349807351362523
"GUCY1B3",0.837,0.035017726410386
"BCAS4",0.826,0.0350410327783691
"CCDC40",0.881,0.0350644993404885
"ZNF599",0.796,0.0351148722917391
"CD180",0.886,0.03512218257872
"GDF5",0.919,0.0351441683847286
"NR2F2",1.214,0.0351648656075565
"KLHL11",0.856,0.0351779618161923
"NCRNA00171",0.788,0.0351993036137884
"AVPI1",1.151,0.035201702908419
"MSH4",0.824,0.0352229765548817
"GLG1",1.362,0.0352569502136399
"PLCB3",1.313,0.035261684914104
"WDR52",0.887,0.0353419608068764
"PLCD1",0.84,0.0354041233246731
"HOXB9",1.045,0.035413918824366
"PARP11",0.838,0.0354166390901065
"MS4A8B",0.95,0.0354902654454805
"NRAP",0.861,0.0354925928761043
"PAN3",0.742,0.0354949708586452
"BMP3",0.938,0.0355164312234192
"TBKBP1",0.81,0.0355618364785798
"HP",0.952,0.0356272418479549
"LGALS8",0.737,0.0356285795778979
"C10orf111",0.851,0.0356306614043738
"PTP4A3",0.866,0.0356468823701665
"NUDT16L1",0.773,0.035667016395441
"TMEM66",0.78,0.0357317021478623
"CCND2",0.865,0.0357361139981694
"FAM119A",1.329,0.0357597537036883
"KCTD14",0.905,0.0357608252577285
"CHST11",1.163,0.0357749965042489
"EI24",1.406,0.0358126305793208
"C2",0.897,0.0358144839837195
"BMS1P5",0.848,0.0358151812144301
"APCS",1.149,0.0358217252044833
"ZNF207",1.706,0.03582372043138
"SAPS1",1.367,0.0358294239198237
"PCBP4",0.786,0.0358889146963479
"CASP9",1.291,0.0359525770910526
"PNP",1.226,0.0359578240799294
"FCN3",0.921,0.036022376042567
"FAM82A2",0.7,0.0360360686780546
"PPIF",1.279,0.0360368937643767
"ABCA17P",0.911,0.0360374356586384
"FUT7",0.893,0.0360507131285247
"USP1",1.315,0.0360534113938949
"FXYD6",0.863,0.0360746845938881
"VPREB3",0.912,0.0360770239286715
"MCL1",1.361,0.0360882854228187
"PSMB6",1.301,0.0361902396655206
"RPE65",1.276,0.0362136209512309
"PIK3R3",0.845,0.0362211257211472
"ZNF526",1.416,0.0362212422929701
"TPD52L2",1.355,0.0362223157889932
"SLC25A16",0.795,0.0362985383916679
"KCTD15",1.16,0.0363638155277925
"SCRG1",0.88,0.0363741807848676
"IFFO2",0.857,0.0363847968193512
"P2RX7",0.904,0.0364065465435778
"SUZ12P",0.812,0.0364721196509394
"DCN",0.89,0.0364920709374328
"FLJ36777",0.862,0.0364967586310347
"RWDD2A",0.776,0.036522405133777
"XCL2",0.888,0.0365326521266305
"NAP1L2",0.908,0.0365346738545681
"SSBP4",0.818,0.036590497812589
"ATP6V0E2",0.84,0.0365908174748689
"VOPP1",1.227,0.0366052959522524
"YPEL4",0.865,0.0366083868669355
"FBLN5",0.876,0.0366084949034749
"PAN2",0.821,0.0366280780123096
"PIPOX",0.899,0.0366559280946971
"ALG11",1.219,0.0366583237121938
"DEXI",0.741,0.0366670805575884
"GPR160",0.882,0.036678299037142
"RINL",0.829,0.0366894859165516
"HTR3C",0.835,0.036702328542333
"HGSNAT",1.223,0.0367214246870826
"CSDAP1",1.217,0.0367499474731756
"GLRA2",1.263,0.0367813997851209
"STXBP2",0.724,0.0367815276183789
"RNF26",1.342,0.0368141118000509
"FAM20A",0.891,0.0368464704032607
"ZNF658",0.842,0.0368888235763552
"SSB",1.409,0.0369044460663824
"KIF12",0.932,0.0369287899367493
"BCKDHB",0.776,0.0369533967815719
"CSF3R",0.905,0.036958908000757
"LOC115110",0.89,0.0369635207905892
"ITGA2",1.098,0.0369711184143747
"LGALS9B",1.077,0.0369792606320086
"TBXAS1",0.865,0.0369857866130256
"TMPRSS11F",1.251,0.0369907777061745
"ACER2",0.87,0.0370136875569968
"C6orf211",1.328,0.0370286668498964
"ARF6",1.387,0.0370863622282238
"GSS",1.33,0.0370898883453085
"C1orf158",0.925,0.0371559182363665
"CKAP5",1.283,0.0371960096545102
"SOCS1",0.868,0.0372054858489226
"BPIL1",0.957,0.0372516194994093
"FAM181A",0.92,0.0372530226873998
"C4orf23",0.692,0.0372937724897916
"RARG",1.21,0.0373196214729735
"CNTN6",0.929,0.037360614261952
"CSGALNACT1",1.169,0.0373639241877738
"C5orf15",1.319,0.0373754208652428
"SLC29A3",0.8,0.0373982863086112
"HIST1H2BO",1.126,0.0374601587848096
"ENTPD2",1.088,0.0375189073192012
"CCL19",0.932,0.0375480162516528
"C4orf48",1.118,0.0375666664218613
"RNF38",0.764,0.0375733496982434
"PMS2L3",0.842,0.0375821741708367
"MTA2",1.493,0.0375835200089179
"UBA7",0.848,0.0376450136266149
"ROD1",1.366,0.0376490948970734
"INF2",1.232,0.03766940793653
"KLK5",1.059,0.0376994093566323
"GATA4",1.077,0.0377303983908564
"NCKAP1L",0.892,0.0377799996151975
"SLC25A33",0.795,0.037813269209891
"CD96",0.892,0.0378497621828483
"GLDN",0.905,0.0378614851145422
"DEFB1",1.058,0.0378660229121008
"GPR34",0.894,0.037872483574887
"S100B",0.923,0.0378916853349997
"LTB4R2",0.862,0.0378935659141928
"ZNF512B",0.825,0.0379024827338948
"MAPKAPK3",0.801,0.0379746809726966
"LOC550643",1.274,0.0380168267254139
"UBXN2A",1.379,0.0380185038670805
"ABTB1",0.795,0.0380269120565015
"ITGAV",1.191,0.0380293277227074
"RRN3P2",0.862,0.0380615002768026
"TATDN1",1.236,0.0380667491402765
"BAZ2B",0.772,0.0380855540820659
"C13orf15",0.855,0.0381048769327819
"BHLHA15",0.91,0.0381113191262647
"MARCH1",0.879,0.0381434356320027
"FDPS",1.283,0.0381785411304145
"ANP32C",1.165,0.0381804468423613
"NIP7",1.33,0.0381980822746747
"RECQL",1.261,0.0382009976399781
"FLJ26850",0.873,0.0382765271832513
"PTX3",1.106,0.0383126271537366
"INSIG2",0.764,0.0383188485059987
"FAM162B",0.89,0.0383378437487052
"ZNF417",0.777,0.0383393452755399
"SIAH3",0.868,0.0383579479798945
"ABCC1",1.226,0.0384037782002094
"CHST5",0.874,0.0385019002022644
"SDC4P",0.477,0.0385068935784441
"BAT5",0.722,0.0385327815678655
"GART",1.335,0.0386061037418353
"DONSON",1.207,0.0386071572723185
"PRR15L",0.897,0.0386529910820125
"NPY2R",0.637,0.0386796452750287
"TULP2",0.839,0.0386861422289296
"HSPBAP1",0.774,0.0387103351260167
"LMBRD1",0.766,0.0387248422862158
"ALOX5AP",0.899,0.038767741691343
"TMEM119",0.887,0.0387869125262421
"HKR1",0.786,0.0387940632172515
"TMEM64",1.162,0.0387999295517529
"CFP",0.891,0.0387999898805081
"IQCG",0.834,0.0388634243834292
"SCTR",0.951,0.0389000122863693
"COLEC12",0.907,0.0389428715491343
"NLRP2",0.946,0.0389882139166361
"LCP2",0.87,0.0389975534581797
"C14orf86",0.862,0.0390741084690051
"E2F8",1.138,0.0390972082694591
"ZNF157",0.862,0.0391061740716067
"ADAM9",1.184,0.0391189049222395
"FGF1",0.891,0.0391527120743226
"AGAP2",0.876,0.0391689721144633
"GOLT1B",1.214,0.0391705657969895
"LOC284798",0.893,0.0392014916986326
"CLPTM1L",0.807,0.0392109775526155
"NOP10",1.268,0.0392114969903116
"MN1",1.129,0.0392199443627339
"C1orf173",0.943,0.0392372190983965
"ART5",0.902,0.0392511729311139
"HIST1H1A",0.577,0.0393151170162229
"AATF",1.399,0.0393266534981223
"TMEM168",0.737,0.039343255356084
"DNASE1",1.185,0.0393450684412235
"IWS1",1.552,0.0393658749995656
"KCTD5",1.28,0.0393749475136426
"LARGE",0.895,0.0393753753448269
"C17orf68",0.794,0.0393988081779888
"PPPDE2",1.213,0.0394065480424651
"GIMAP4",0.859,0.0394070294129491
"NOP16",1.239,0.0394263355312523
"UBR2",0.741,0.0394286691796207
"AMDHD1",1.099,0.0394325237057248
"CDHR2",1.059,0.0395179426538652
"DHCR7",1.218,0.0395562084182939
"EPHB2",1.121,0.0395650881854175
"DDB1",1.511,0.0395859653809719
"KCNK1",1.114,0.0395915901524872
"PPAPDC1A",1.075,0.0396030711462824
"HCCS",1.367,0.039633903317344
"ATP6V0A1",0.797,0.0396597125581923
"ARSG",0.86,0.0396967106906272
"SNX21",0.846,0.039701217594484
"FMO5",0.925,0.0397184278067116
"NFKBID",0.879,0.0397355716197986
"ENHO",0.91,0.0397881350422957
"SPIN3",0.813,0.0397898813358705
"LOC285548",1.134,0.0398021293126452
"ALPL",0.933,0.039815629655118
"FST",1.074,0.0398579266524395
"RAPGEF5",0.862,0.0398676258533719
"PMAIP1",1.117,0.0399205209479657
"MTHFD2L",0.8,0.0399524162735941
"CRP",1.113,0.0399541181619813
"DNAJC10",1.266,0.0399710596532208
"VRK2",1.332,0.0400069325062581
"HSD17B4",0.785,0.0400073271725821
"HPR",0.916,0.0400129054782892
"C1orf141",0.905,0.0400199584823402
"LOC100131434",0.902,0.0400252369766792
"PCDP1",0.939,0.0400420528717097
"ZER1",0.724,0.0400767776283254
"IL17RB",0.88,0.0400772140941024
"FOXF1",0.871,0.0400859099476236
"KCNJ5",0.913,0.0401245999619181
"MLKL",1.216,0.0401293772155109
"FKTN",1.365,0.0401367997319564
"LNX2",0.807,0.0401377330462484
"LOC285780",0.767,0.040174153962796
"THAP9",0.717,0.0401757313229223
"KCNB2",0.892,0.0401828127976011
"PRICKLE4",0.909,0.0401970787627385
"PGBD3",1.364,0.040208911158363
"ADORA2A",0.833,0.0402329874901158
"HSDL2",0.789,0.040239121332797
"JSRP1",0.93,0.0402499089009364
"COL5A1",1.116,0.0402516270473476
"WIT1",1.113,0.0402704096585271
"CLC",0.898,0.0402894209620137
"ICOS",0.898,0.0402974476763184
"OR7E91P",1.113,0.040316170751256
"DDX21",1.208,0.0403182317496161
"PHKB",0.782,0.0403819609133665
"GORAB",0.756,0.0404139773749666
"LOC284578",0.933,0.0404197247282173
"VCAN",1.109,0.0404240509109367
"PPP2R1B",1.233,0.0404466275780479
"LRRC2",0.895,0.0404552787111323
"LPIN2",0.847,0.0404761277737789
"MRPS11",1.3,0.0405149549823055
"CHPF",1.211,0.0405230538793152
"SLC38A8",0.9,0.0405247717678595
"C21orf84",1.137,0.0405937236732327
"TMEM150C",0.911,0.0405953645548682
"PABPC1L2B",0.858,0.0406299797657718
"KRT80",1.128,0.0406584142599517
"SLC5A6",1.279,0.0406609482480472
"SUGT1L1",0.833,0.0406827787137047
"ALDH6A1",0.844,0.0406976533281627
"SMCR5",0.812,0.040722624140674
"C4orf50",0.835,0.0407287310013588
"FOXO4",0.794,0.040738390945446
"SPACA5",0.696,0.0407572858902684
"SLC26A10",1.109,0.0407818384856507
"PRKCDBP",1.154,0.0407820552953432
"DOK6",0.899,0.0407903269197231
"MGAT4A",0.827,0.0408432589092785
"AMZ2P1",0.807,0.0409257811780663
"IL21R",0.894,0.0409493211010434
"SPANXA2",1.123,0.0409500933044947
"GOPC",1.395,0.040984986560062
"GNB3",0.889,0.0409961140204562
"RIN1",1.146,0.0410055257543198
"SF3B14",1.344,0.0411231377329855
"FKBP5",1.136,0.0411860717522709
"C15orf50",0.854,0.0411865014426636
"VCL",1.241,0.0412081962588211
"EIF3E",1.245,0.0412539402415303
"TRIM55",0.924,0.0413570803651954
"SNRPA",1.372,0.0413597950967597
"MRAS",0.831,0.0414021913575078
"C19orf44",0.784,0.0414157250478022
"OCM",0.834,0.0414390548382245
"KIAA1826",0.798,0.0414438360372198
"ICOSLG",0.838,0.0414485420218883
"CCNF",1.172,0.0414510182429774
"TDRD1",0.933,0.0414613270062604
"PSMB2",1.388,0.0414702498654297
"SLC25A32",1.338,0.0414859867313931
"LMF1",0.863,0.0415233926102711
"LOC96610",0.924,0.041533329794172
"LPCAT2",0.853,0.0415614832114887
"GNGT2",0.865,0.0415777258517147
"MTRR",0.811,0.0415980150643721
"SATB1",0.877,0.0416187910735408
"SACM1L",0.732,0.0416256529210693
"XPNPEP3",1.345,0.0416270060546005
"CLASP2",0.711,0.0416557583830052
"CDON",0.882,0.0416615638328217
"PDE4B",0.869,0.0417038954763793
"FRMD8",1.4,0.0418550072950555
"WDR86",0.925,0.0418680449872989
"TMEM38A",0.855,0.0418723157853779
"FBXO33",0.751,0.0419428447050998
"MAD1L1",1.285,0.0419515925010469
"NLRP3",0.89,0.0419655649943167
"GPR82",0.893,0.0419766638721574
"SMOC1",1.052,0.0419819096040698
"C12orf72",0.768,0.041982997283911
"SPANXE",1.12,0.0420073952120086
"GGT5",0.871,0.0420297364196836
"CLCNKB",0.921,0.0420586984179357
"SSBP1",1.315,0.0420592244079603
"ATG9B",0.909,0.042074350577154
"WIF1",0.957,0.0421031705825513
"C1orf194",0.939,0.0421130575797127
"GIT2",0.697,0.0421230152118139
"UPK1A",1.098,0.0422047528008299
"HDGFRP3",1.153,0.0422728854517977
"MYST1",0.753,0.0424275963751841
"SGSH",0.784,0.042443189231797
"GPSM2",1.195,0.042482596051837
"FAM105A",0.894,0.0424833742236768
"DOK2",0.887,0.0424835673430965
"TCL1A",0.928,0.0425033740878553
"ATL3",1.263,0.0425088724438473
"UPB1",0.882,0.042548744717525
"LRRK2",0.937,0.0425786338955022
"PMM1",0.844,0.0425926154944913
"ZNF438",0.737,0.042600583515091
"LOC100132707",0.811,0.0426700577190524
"C10orf28",0.692,0.0426743704231576
"NLRP14",0.836,0.0427253383743737
"AGPAT9",1.128,0.0427301795593914
"LOC643719",0.872,0.0427379021330079
"PRTN3",1.116,0.0427482799359449
"GINS4",1.139,0.0427752639625071
"UBP1",0.685,0.042777833281568
"WHSC1",1.23,0.0428085425496272
"NPEPL1",0.832,0.0428149516234131
"MGC29506",0.927,0.0428513456271831
"TREM1",0.921,0.0428559347975161
"C1orf172",0.785,0.0428661086798784
"MTIF2",1.399,0.042886903274145
"ELN",0.92,0.0428982946360295
"GIPC3",1.177,0.0429070884573002
"HN1L",1.31,0.0429078894282103
"PKIG",0.852,0.0429193815854267
"SRP72",1.336,0.042976124909539
"CPT2",0.711,0.0429926890444661
"EML3",0.735,0.0430521088995867
"SAMD10",0.826,0.0430872892797975
"FLJ45983",1.156,0.0431222627267822
"PLCL2",0.865,0.0431275314951412
"CYB5A",0.877,0.0431942267620669
"SYNPO",0.863,0.0432019555428265
"NKIRAS2",1.351,0.0432293136706924
"TRIM52",0.823,0.0432296855865862
"ATF1",1.292,0.0433153845960098
"FAM100B",1.273,0.0433583843919626
"ZBP1",0.906,0.0433929023479955
"PTPRO",0.903,0.0434125749556488
"HNRNPA0",1.42,0.0434145847498327
"IFT80",0.823,0.0434341795798181
"EVI2A",0.885,0.0435071280884144
"BMPR1B",1.083,0.0435269751211492
"TBC1D24",0.834,0.0436025992825705
"ALDH4A1",0.832,0.0436305873010327
"LINGO3",0.89,0.0436690194133389
"F8",0.849,0.0436706755063742
"CCDC14",0.84,0.0436746093116057
"FIP1L1",1.365,0.0437167988264666
"RBCK1",1.303,0.043723387799259
"T",0.933,0.043726709267761
"ANO2",0.883,0.0437319968980477
"BAHCC1",0.868,0.0437372545825282
"GCN1L1",1.299,0.0437471147369673
"PHF5A",1.253,0.0437481578985839
"DULLARD",1.507,0.0437508001261081
"C19orf59",0.937,0.043759920338971
"CSAD",0.888,0.0438661231860348
"ZNF732",0.891,0.0438964796548161
"HES4",1.126,0.0439181398625089
"HPS3",1.318,0.0439198031755005
"HSD17B8",0.857,0.0439337121288458
"C10orf2",1.247,0.0439340592177369
"AGPAT2",0.856,0.0439747373714103
"ANKMY1",0.821,0.0440067057932383
"ATG9A",1.451,0.0440117836279603
"ESRP2",0.819,0.0440259670653178
"SMCR7",0.775,0.0440378440524412
"USP49",0.867,0.0440708329901217
"SLC25A23",0.8,0.0440806850478847
"GPNMB",0.896,0.0441010367420656
"C20orf177",0.819,0.0441012939669492
"KCNE1",0.921,0.0441603178873956
"PSMC1",1.267,0.0441683775198681
"ABI3",0.857,0.0442103955986514
"ARSA",0.838,0.0442699713928919
"RQCD1",1.341,0.044356195968515
"ARG2",0.847,0.0443642964989913
"PIK3R5",0.88,0.0444037124992711
"TMEM53",0.773,0.0444422734517885
"SKAP2",1.21,0.0445276290195863
"PPFIA2",0.897,0.0445338852958046
"C3orf35",0.866,0.0445344258298488
"SOSTDC1",0.939,0.0445490780517044
"UCKL1AS",0.9,0.0445525034851794
"C16orf87",1.297,0.0445602111519895
"DUSP3",0.74,0.0445638879288782
"CES4",0.932,0.0445769759839801
"TMEM184B",1.323,0.0445893996603512
"ZNF501",0.853,0.0446031093421506
"C1orf213",0.864,0.0446113004473816
"C8orf85",0.923,0.0446184874516645
"GUCY2C",1.083,0.0446303325812513
"RING1",0.737,0.0446395115074234
"LOC572558",0.81,0.0446716753417845
"ZNF232",0.778,0.0446750857827151
"DOK3",0.873,0.0447208362562044
"D4S234E",0.911,0.0447273338339836
"IL2RG",0.886,0.0448013568398867
"GTF2A2",1.258,0.0448182841953677
"FAM150B",0.907,0.0448453369610481
"LPAR3",0.929,0.0448677379385015
"CYP27C1",1.076,0.044919022842666
"LOC399815",1.115,0.0449838591700931
"GSG1L",0.823,0.0449890601378489
"KRT38",0.779,0.0450248003629937
"WWP1",1.314,0.0450940893957997
"PCK2",0.795,0.045155953769453
"KIAA0141",0.756,0.0451739371444714
"CDHR3",0.948,0.0452473579321438
"MRPS9",1.36,0.0452605875548978
"ADORA3",0.892,0.0453034800571067
"IKBIP",1.239,0.0453088407345817
"FOXP4",0.822,0.0453134812733634
"MRPL3",1.333,0.045354925799332
"MOV10",1.291,0.0453550117791648
"ZC3H14",1.305,0.0453646970334226
"ZFP92",0.871,0.0453756507064552
"NRG4",1.082,0.0453788471201867
"SH2D3C",0.844,0.0453899821770418
"HOXC8",1.076,0.0455069477047422
"PACS1",1.285,0.0455164479796228
"KRT85",1.264,0.0455402334393859
"CRKL",1.315,0.0455597834931893
"PFDN4",1.213,0.0456114329452248
"NR2E3",0.836,0.0456244461228448
"LOC100190986",0.888,0.0456392401469256
"USP54",0.841,0.045647660768707
"SLC46A1",0.804,0.0457155473915581
"PPP2R2B",0.894,0.0457267674943793
"ZBTB38",1.324,0.0457360873269513
"AREG",1.067,0.0457504391456456
"BCL11B",0.898,0.045781971478665
"SPATA22",1.185,0.0457998203709014
"TDRG1",1.236,0.0458277212695013
"PLCL1",0.862,0.0458418274620492
"ADCYAP1R1",0.823,0.045900854421173
"TMEM164",1.239,0.0459265851388179
"PARVB",1.182,0.0459730211079771
"SNRPD2",1.217,0.0459811529350694
"PPM1D",0.731,0.0459930644928683
"NPFF",0.872,0.0459941768595355
"LYNX1",0.904,0.0460090215237278
"PLA2G2D",0.935,0.0460118660013086
"NDN",0.873,0.0460385751284116
"PLS1",1.207,0.0460485165278213
"C14orf109",0.752,0.0460517295831593
"DYRK3",0.852,0.0461054785129327
"COL1A1",1.097,0.046130924777366
"COL1A2",1.11,0.0461589873777809
"USP30",0.708,0.0461667782627124
"BIK",1.128,0.0461782608648994
"RFX2",0.874,0.0462300988817818
"CCDC37",0.934,0.0462385719839493
"CTNNBIP1",0.802,0.0462562147732533
"AFAP1",1.233,0.0463224815067031
"FHL2",1.111,0.0463392436727444
"VAV2",1.248,0.0463537774744466
"MFHAS1",0.864,0.0463641759761124
"RELL1",1.177,0.0464242541559579
"NID1",1.155,0.0464473610487924
"FAM161B",0.851,0.0464696875947943
"HNF4G",1.087,0.0464771653559468
"CXorf23",0.772,0.0464985789638922
"PDZRN4",0.901,0.0465171471775709
"KIAA1257",0.892,0.0465321721336122
"PDCD10",1.247,0.0465440534340797
"TDRD6",0.871,0.0465601688658207
"TPSD1",0.94,0.0466350552382434
"C10orf50",0.781,0.0466786656016318
"PRAF2",0.821,0.0466949595934087
"SASH1",0.834,0.0467811221941049
"USP51",0.883,0.0468329863255782
"ASB3",0.723,0.0468367999615683
"C6orf47",0.728,0.0468909166362366
"SFTPA1",0.963,0.0469068816506057
"SLC9A9",0.87,0.0469073331278858
"NACA",1.352,0.0469558599824362
"TMED7",1.294,0.0470129859418545
"BAK1",1.288,0.0470233778175485
"ADM2",0.885,0.047027290673504
"LOC653501",0.851,0.0470353863247336
"ZNF620",0.828,0.0470583064028601
"FBXO42",0.653,0.0470674090462716
"MTHFS",1.24,0.0470890976728051
"PGK1",1.195,0.0471051698420701
"B4GALNT1",1.077,0.0471219075743093
"YPEL5",0.758,0.0471464289024939
"NKX3.1",1.131,0.047152734210703
"FLI1",0.857,0.0471703457162619
"C3orf57",1.053,0.0471748820323986
"DUSP8",0.861,0.0472149745692076
"FCF1",1.412,0.0472203579215069
"TMEM63B",0.823,0.0472218277922665
"SLBP",1.292,0.0472480987267858
"NLRX1",1.307,0.0472777326521378
"C9orf72",0.819,0.047293469900154
"TMEM117",1.175,0.0473440284345025
"ZDHHC16",0.769,0.0473561980162029
"C2orf71",0.893,0.0474039508357989
"NLRP9",0.875,0.0474118671382304
"LBX2",1.134,0.0474267491135536
"COG3",0.724,0.0474390360728081
"HOMER1",1.181,0.047445274623388
"SWAP70",0.787,0.0474623620884921
"CDRT4",0.817,0.047486640206009
"FBXL19",1.223,0.0475248408187831
"SNX8",1.194,0.0475456920461535
"FLJ33360",0.883,0.0475560539247139
"UBE2V1",1.498,0.0475761720899729
"CCDC125",0.795,0.0476381019959003
"LOC284900",0.792,0.0476990571542252
"TNF",0.907,0.0477262862654654
"ZNF550",0.832,0.0478188070396033
"ZNF271",0.718,0.0478229393515041
"AGAP8",0.893,0.0478554126870274
"GORASP1",0.667,0.0478656079692193
"ATP5G3",1.271,0.0478878818372629
"SIAH2",1.314,0.0478915626340172
"SOBP",0.883,0.0478985259963503
"NMU",1.059,0.047941634554137
"KCTD16",0.883,0.0479427395962059
"FLJ90757",0.862,0.0479548266060746
"TTC9",1.147,0.0479616678806109
"PREX2",0.921,0.0479863304033889
"C17orf91",0.838,0.0481420844739893
"GTF2E2",1.305,0.0481637863194565
"NGF",0.929,0.048199476052193
"C20orf3",0.786,0.0482080184460896
"C17orf73",1.13,0.0482184896619385
"LARP4",1.345,0.0482332471808668
"CNTLN",1.141,0.048252442876316
"VNN1",1.084,0.0482553740029076
"NUAK2",0.842,0.0483096442003673
"HSH2D",0.858,0.0483495713609512
"COLQ",0.858,0.0483691974304424
"CEP152",1.181,0.0483747896015606
"ADAMTSL2",0.892,0.0483782094905055
"PHGR1",1.089,0.0483898075465146
"SLC12A9",0.81,0.0484382597170469
"PNPLA6",0.79,0.0484564641323299
"ELMOD3",0.765,0.0485257927858358
"GUCA2A",1.102,0.0485308507482052
"AVL9",1.232,0.0485586480456292
"CAP2",1.165,0.0485769233363979
"SLIT3",0.92,0.0486163010780857
"S100A1",0.904,0.0486416736203825
"ATP6V0D2",0.92,0.0487486877085476
"SC4MOL",1.21,0.0487626345752514
"BOP1",1.136,0.0487745295918321
"GOLGA7B",0.923,0.0487829203430354
"RFC2",1.238,0.0487885377741778
"CHRM2",0.835,0.0488035891381462
"ZNF384",1.369,0.0488244336535178
"ZNF500",0.75,0.0488303065658518
"GFI1",0.882,0.0488467118928977
"PIK3R6",0.891,0.0488906980432261
"SPRR2D",1.049,0.0488978891697307
"FOXD4L5",0.607,0.0489216142946718
"PDZD7",0.899,0.0489599489549724
"MRFAP1",1.447,0.0489687053202221
"ARCN1",1.367,0.048979586984438
"KDM6A",0.794,0.0490075471901875
"FAM129B",1.282,0.0490312417820861
"KRR1",1.342,0.0491130501028123
"PTGER3",0.917,0.0491556771497924
"C8orf4",0.914,0.0491578253263166
"GDA",1.053,0.0491754205113467
"COPG2",0.79,0.0491773464637581
"TTC24",0.895,0.0491842988309884
"NCEH1",1.178,0.0491979899273267
"MAGI1",0.851,0.0492015651070704
"C19orf40",1.182,0.049246295164827
"GAP43",1.081,0.0492465115638754
"SEPSECS",0.767,0.0492544413429453
"NAT6",0.791,0.0492839990335082
"SELP",0.915,0.0493055804278424
"ZFR2",0.932,0.0493203505943175
"WDR1",1.429,0.0493593719715752
"HS3ST5",0.934,0.0494114875905425
"CDC42EP3",0.851,0.0494140994426846
"CNTFR",0.912,0.0494258451370852
"DDX59",1.38,0.0494318176491017
"SLC35D1",1.271,0.0494471714733821
"C1orf129",0.908,0.0494977246207799
"PATE2",1.231,0.0495269815126024
"HBP1",0.749,0.0495433675993956
"GHDC",0.799,0.0495528759571355
"MRPS2",1.311,0.0495613450020065
"GDF7",0.844,0.0496153086643878
"MACF1",0.838,0.0496301263561384
"DTX2",1.185,0.0496444926533358
"LANCL3",0.921,0.0496859323284294
"GPR142",0.844,0.0496989233147671
"NAP1L5",0.84,0.0497184853132428
"LOC285419",0.889,0.0497303529292871
"KIF6",0.919,0.0497440444752829
"HSF1",1.282,0.0498513123513835
"ADH1C",0.951,0.049934120697745
"FAM136A",1.309,0.0499375721003456
"C10orf12",1.231,0.0499386990607582
"PAK1",1.282,0.0499755805553471
"IRGM",0.791,0.0500410282007683
"OASL",1.109,0.0500600127331983
"ATP11A",0.895,0.0500620728739215
"LSM11",1.314,0.0501106988601254
"MCM7",1.186,0.0501121210318852
"TEX9",0.899,0.0501649469411123
"PPP1R12C",0.807,0.0502047520476607
"HIST1H2BM",1.195,0.0502322080442678
"SMAGP",1.171,0.0502751076106925
"CDK6",1.134,0.0502792815646935
"CSDA",1.266,0.0502953149476884
"TMEM132C",0.918,0.0503066894155326
"PCDHGA1",1.108,0.0503504071479432
"MMP1",1.059,0.0503668578471892
"TMEM195",1.082,0.0503795652048651
"COASY",1.354,0.050474622880989
"TMED1",1.3,0.0504947984686785
"VPS13A",0.829,0.0505475120974137
"GBA3",0.9,0.0505508027232659
"LOC148696",0.889,0.0505559812634063
"PCK1",1.055,0.0505606914327253
"MTM1",0.797,0.0505619252750615
"RRAS",1.204,0.0505651402066033
"CHKB",0.825,0.0505679544764569
"WBSCR17",0.922,0.0505736396016846
"SHROOM3",0.851,0.0505758499721844
"GFRA2",0.898,0.0505992299099503
"THOP1",1.253,0.0506119463963358
"SGPP1",1.203,0.0506254918035047
"CPT1B",0.907,0.0507180951059178
"WFDC10B",0.923,0.0507203102011427
"FYTTD1",1.337,0.0507376212170593
"PCDH11X",0.878,0.0507739019793219
"SH3YL1",0.824,0.0507852273277861
"GPR126",1.12,0.05080661084307
"HCG18",0.721,0.05080745753056
"MAFF",1.214,0.050823780891925
"C9orf117",0.923,0.0508476778890461
"PSAP",0.773,0.0508649773135913
"ZNF792",0.782,0.0509098406474821
"APOC2",0.926,0.0509383850357816
"AOC3",0.902,0.050938894119082
"GJA10",1.184,0.0509599627700532
"PRAME",1.039,0.0509931231533156
"LOC644172",0.912,0.0510189600413052
"MTHFR",0.826,0.0510300518594942
"C5orf46",1.073,0.0510453524593473
"LOC727896",1.252,0.051058923554449
"ACRBP",0.876,0.051189867673327
"FTSJD2",0.709,0.0511917106357155
"C3orf72",1.097,0.0512662519234623
"TRIM58",1.091,0.0513134938326273
"SMAD7",0.825,0.0513250661282271
"NKX2.5",1.1,0.0513319775241871
"ODF3B",0.88,0.0513469183081152
"TIA1",0.809,0.0514093777051865
"NCRNA00085",0.868,0.0514295802045734
"CCDC163P",0.868,0.0514467242131228
"SIGLEC5",0.902,0.0514632366636227
"GHRHR",1.188,0.0515437727341787
"PAFAH1B3",1.173,0.0515523988890731
"HCRTR1",0.748,0.0515643196193526
"EAF1",1.368,0.0515669015197084
"ZNF177",0.86,0.0516408713291512
"CYP24A1",1.051,0.0516415962487297
"DECR1",1.278,0.0516624441166859
"PDP2",0.804,0.0516984348479283
"ZNF516",0.868,0.051733012633457
"DIXDC1",0.824,0.0517470398926794
"COBLL1",0.846,0.0518193813250944
"KLHL31",1.105,0.0518359658504544
"AFP",1.106,0.0519262715662173
"SLC39A14",1.172,0.0519367017368229
"MST4",1.176,0.0519611391275576
"LOC90586",0.851,0.0520755009804632
"NHLRC4",0.888,0.0521283541247997
"HSFX2",0.842,0.0521631764433097
"CRLS1",0.809,0.052188556774398
"BPI",0.873,0.0522030782868038
"LATS2",1.257,0.0522057331761836
"NCRNA00161",0.629,0.0522281899528816
"LMOD1",0.894,0.052262827910012
"COL28A1",0.937,0.0522878566400185
"ZRSR2",0.79,0.0522970373424717
"SLC5A9",0.917,0.0523068428066254
"UGDH",1.117,0.0523439386584288
"C20orf11",0.732,0.0523512271237101
"LOC401463",0.868,0.0523625552605718
"CHD9",0.806,0.052370235051881
"CNOT2",1.287,0.0523719853315032
"EMX2",1.111,0.0524730747778636
"DNAH10",0.924,0.0525048235090653
"ASCC1",1.345,0.0525074463279126
"ARHGEF2",0.818,0.0525090947185335
"GZF1",0.735,0.052543839216551
"SEPT10",1.258,0.0525716074530128
"CELP",0.813,0.0525949640947716
"DNAJC21",0.748,0.0526297649985693
"ZBTB40",0.815,0.0526339886806961
"OR6K3",0.654,0.0526501857154167
"NDUFA9",1.254,0.052772835616204
"ZNF214",0.901,0.0527896738891049
"WDSUB1",0.751,0.0527929554494099
"USP48",0.72,0.0528275184207566
"MICALCL",0.909,0.0528345975851508
"SQLE",1.149,0.0528451737907147
"SLA2",0.881,0.0528501613766104
"ENGASE",0.863,0.0528765087515429
"AMY2A",0.927,0.0528821887103397
"MYT1",0.93,0.0529055669744284
"PDCD5",1.215,0.0529187412471098
"COPB2",1.373,0.0529333081329318
"SLC20A1",1.204,0.0529609603066722
"LRRC18",0.918,0.0530786076173752
"GLIPR1L2",0.886,0.053080273256479
"VGLL3",1.111,0.0531130352526469
"FBXL16",0.924,0.0531483818955137
"OAT",0.854,0.0531891825346724
"ETFA",1.293,0.0532449255931472
"IPCEF1",0.903,0.0532611152906191
"LAMB3",1.121,0.0533684992285128
"FAM114A1",1.221,0.0534297471381586
"CHI3L2",0.929,0.0534558947096201
"FBXO22OS",1.242,0.053480113959873
"PSMD7",1.326,0.0534861662803185
"ACTR3",1.308,0.0534882389826698
"C6orf147",0.876,0.053517694409839
"ADIPOQ",1.149,0.053539850749163
"DUOXA1",0.933,0.0535520538983577
"LAD1",1.169,0.053558538042795
"CNR1",0.923,0.0536289755829664
"PPYR1",0.925,0.0537133471012256
"SRXN1",1.1,0.0537183526761048
"GRAP",0.849,0.0537422563288493
"LIMD2",0.869,0.0538326118072942
"KBTBD12",0.944,0.0538535884939507
"ZEB2",0.878,0.0538786506166917
"DLD",1.322,0.0538808713592689
"FARP2",0.807,0.0539029318430784
"IPPK",1.336,0.0539052644053492
"WFDC13",0.86,0.0539433262203717
"STAT5B",0.741,0.0539612787568486
"FLJ11235",0.857,0.0539698446086873
"GOLGA8B",0.918,0.053996822253583
"JAKMIP1",0.912,0.0539985226893834
"CDHR1",0.902,0.0540085458957672
"ANKRD58",0.888,0.0540978108126665
"C10orf95",0.903,0.0541028384907981
"KCNT2",0.898,0.0541212331327007
"HPRT1",1.208,0.054161544212195
"GP5",0.878,0.0541772219471429
"DNA2",1.135,0.0541817226021934
"FOXI2",0.883,0.0542136720990327
"TP53RK",0.76,0.0542671582052145
"TBCA",1.289,0.0542753822614361
"FNBP1",0.833,0.0542786159789104
"LOC100286793",1.166,0.0543268785425721
"GAS7",0.892,0.0543503275232698
"SELPLG",0.878,0.0543657270450555
"FEZ2",1.332,0.0543702824770644
"AP2B1",1.326,0.0544432470421416
"DENND1A",1.21,0.0544436017682851
"PTGR2",1.249,0.0544754032017179
"SULT2B1",1.095,0.054475496931414
"C9orf64",1.378,0.0544910136692037
"CLEC4G",0.902,0.0544945357836774
"C1orf94",1.18,0.0546188434636292
"UBE2J1",0.754,0.0546227996459851
"MYPN",1.089,0.05468715437066
"HAAO",0.874,0.0547020748051856
"WDR85",0.792,0.0547378642544697
"HSF4",0.918,0.0547644884264231
"NANOS1",0.795,0.0547923862607949
"ERMAP",0.819,0.0547950877589546
"SLC15A1",1.056,0.0548035949590474
"ZNF57",0.789,0.0548081468140558
"HSF2",0.751,0.0548130728318232
"ZNF747",0.746,0.0548577439933701
"ACER1",0.712,0.0548796202833393
"TUBG1",1.223,0.0548906689709801
"LOC100101266",0.879,0.0549229211946815
"NCRNA00181",0.887,0.0549235202106772
"ARC",0.915,0.054951850026467
"YDJC",1.2,0.0549526854538869
"PARL",1.308,0.0549847035711638
"NT5DC2",0.819,0.0550785427179511
"PFDN2",1.231,0.0550791973346386
"TCF7L1",0.893,0.0551530566891139
"CCDC78",0.926,0.0551574094155969
"USP27X",0.878,0.0552156167162749
"LOC338799",0.891,0.0552469653463445
"NOXA1",0.901,0.0552601263052746
"LSM14B",0.773,0.0552605525996967
"STK40",0.765,0.0552728721840178
"SMTN",1.2,0.0552840923788365
"FLJ34503",0.816,0.0552985508609213
"PCNA",1.203,0.0553028834833273
"SPATA5L1",1.32,0.0553256610097784
"TSSK4",0.87,0.0553741669361643
"PDE11A",1.095,0.0553933077763655
"RTN4RL2",0.926,0.0553969484862072
"ACSL4",1.168,0.0554287380450578
"COLEC11",0.914,0.055444289264901
"ATOH1",1.164,0.0554451519176473
"NME1",1.18,0.0554515900622797
"AIFM3",0.908,0.0554732662103577
"ZNF85",0.863,0.0555243834510966
"STARD6",1.541,0.0555580916109125
"VAMP5",0.885,0.0556218212288377
"HAT1",1.344,0.0556466546156065
"MGC16025",1.202,0.0556632770367495
"CST7",0.896,0.055702959352518
"RPF2",1.257,0.0557315772305374
"ZFP64",1.353,0.0557572076755073
"NSUN6",0.795,0.0557591688826063
"C18orf56",1.119,0.0557695653187455
"SLC25A24",1.214,0.0557774852227055
"MUCL1",1.07,0.0558012487673714
"RFFL",1.314,0.0558703431200221
"NR0B1",1.041,0.0559601273518906
"MAP2K1",1.337,0.0559620769548154
"RAD23A",1.35,0.056010752304189
"C19orf18",0.883,0.0560154178872676
"CMYA5",0.901,0.0560265747439719
"GTPBP4",1.246,0.0560289032397806
"RAD1",0.772,0.0560844998146315
"C2orf15",0.855,0.0561003997560769
"LOC148413",0.773,0.0561285510513988
"C17orf107",0.861,0.0561299846509974
"LUC7L3",0.799,0.0561929419626333
"MANSC1",1.163,0.0562751609548489
"MEGF8",1.203,0.05629036286593
"MGC23284",0.824,0.0563087261642257
"KLF2",0.883,0.056381268875852
"AMOT",0.926,0.0563951691734241
"C17orf65",0.801,0.0564007128562736
"STAG3",0.921,0.0565120771049197
"CXorf22",0.905,0.0565124385668286
"BNIPL",0.937,0.0565313673727059
"DYNC2LI1",0.771,0.0565425957214637
"FGF14",0.904,0.0565605965419841
"CTHRC1",1.101,0.0565709011353008
"GRIN2A",0.941,0.0566313563134627
"HSPE1",1.221,0.0566395027355466
"FGL2",0.9,0.0566839163157255
"TMEM33",1.312,0.0566931560816926
"WDFY2",0.766,0.0567032234068483
"NAAA",0.838,0.0567070801350079
"ZNF3",0.735,0.0567304199514244
"MRPS10",1.269,0.0567748776748241
"MAB21L2",0.77,0.0567797548127759
"C8orf74",1.387,0.0567884259941648
"ZNF321",0.859,0.056810423003295
"CLDN6",1.039,0.0568451743927938
"C13orf35",0.872,0.0568690342383061
"GTF2F1",1.417,0.056931476949066
"FABP1",1.131,0.0569904421069885
"HSPBP1",1.249,0.0569945862126145
"MUT",0.753,0.05706257924524
"RASGEF1C",1.071,0.0571024696994985
"STRADA",0.706,0.0571241039228924
"COL4A2",1.149,0.0571590502660581
"DHRSX",1.205,0.0573359309217874
"GNPTAB",0.78,0.0573639046483888
"ZNF419",0.799,0.0573803851155342
"KIAA0913",0.771,0.0573884252827393
"C12orf69",0.884,0.0574054829979309
"SNX25",0.862,0.0574761062057539
"IQSEC1",0.804,0.0574781710614109
"EEF1E1",1.251,0.0574990251666939
"C1orf203",0.83,0.0575084247950469
"FOXA2",0.949,0.0575326962631069
"RGPD3",0.808,0.05753885925584
"NCAM1",0.921,0.057587533583789
"ZFAND2B",0.759,0.057612034169397
"FAM118B",0.822,0.0576131698373552
"OSBPL7",0.871,0.0576501756003677
"LOC100130776",1.124,0.057658306805499
"SLC26A9",0.946,0.0576588376624485
"RNPEP",1.311,0.0576649844877508
"FLOT1",0.757,0.0577074345995357
"LOC285074",0.757,0.0577126515193245
"TBX19",0.849,0.0577311942192352
"ZXDC",0.738,0.057745024393444
"NUCKS1",1.323,0.0577889270459499
"C9orf169",1.09,0.0577945163838101
"CARD9",0.905,0.0577986040954972
"GALNTL4",0.868,0.057814689957859
"GEN1",1.203,0.0578300482503712
"LNP1",0.826,0.0578482309745134
"CDO1",0.908,0.0578654187358651
"CHST8",0.908,0.0578700764403286
"GREM1",1.064,0.0578945635697574
"SLCO2B1",0.902,0.0579199753869765
"NRGN",0.919,0.0579289907680589
"ENG",0.847,0.0579399827173356
"RNF5",0.768,0.0579489494351934
"TMC2",0.885,0.0580571186398534
"NHEDC2",1.148,0.0580661280259544
"LEF1",0.879,0.0580661605060905
"ZFHX4",1.082,0.0580704665142273
"CLDND2",0.851,0.0581058355440699
"SYNGAP1",0.836,0.0581931871514571
"LGI3",0.95,0.0582005945543151
"RNF216L",1.301,0.0582029195770097
"CHRNB4",1.1,0.058213843692754
"ITPRIPL1",0.883,0.0582562893961598
"PSMA3",1.254,0.0582860879114321
"FAM3B",0.943,0.0583195483715934
"C9orf156",0.739,0.0583675224347171
"CNPY3",0.744,0.0583860174079942
"ITM2B",0.811,0.0584112303838115
"FRMD4A",0.833,0.0585347566520173
"ARHGAP10",1.187,0.0585538774290321
"SENP2",1.278,0.0585835394069576
"NUP62",1.363,0.0585880804123183
"SLC7A1",1.184,0.0586764235784863
"KANK3",0.864,0.0586776981386706
"GBA2",0.789,0.0586789577013115
"KNTC1",1.149,0.0587217212282732
"PTTG2",1.185,0.0587686542064889
"GALK2",1.312,0.0587877743034934
"LOC344595",0.851,0.0588675761840503
"RNF149",1.396,0.0589257406018938
"C1orf110",0.934,0.0589296557253978
"ALS2CR12",0.909,0.0589301901190358
"NEGR1",0.911,0.0589395359841743
"MOBKL2B",1.146,0.0589718749882498
"HRH4",0.872,0.0589883598194253
"ST7OT1",0.871,0.059069759193277
"F2RL2",1.086,0.0590822410815484
"LSM14A",1.33,0.0591996906882478
"SH2D3A",1.188,0.0592255680928224
"FLRT1",1.121,0.0592506134402864
"MYH2",0.87,0.0592822993043596
"TCEB3",0.736,0.0593190995388985
"FDXACB1",0.812,0.0593593227130081
"DCDC2B",0.934,0.0593880754099646
"ZFAND2A",1.17,0.0594004626754342
"C8orf76",1.201,0.059401204549762
"NCOA4",0.786,0.0594467580409691
"ZNF98",0.919,0.0594874120054526
"DNAH6",0.931,0.0595265371541885
"KDELC1",1.156,0.0595488209594262
"C14orf156",1.227,0.0595709254784321
"GNG4",1.053,0.0595732002348845
"NCRNA00094",0.748,0.0596113325513315
"ZBTB8B",0.921,0.0596210678153467
"MINPP1",1.313,0.0596437669274034
"VWA3A",0.941,0.0596673288302043
"SLC6A10P",1.085,0.0597089362684927
"ARL4A",1.191,0.05971614860146
"MACROD2",0.937,0.0597738044888402
"ERP27",0.911,0.0597951237686567
"PPP4R4",0.925,0.0598037450087107
"DPP7",0.847,0.0598081545781038
"SKA2",1.219,0.0598446264364835
"TRIP4",1.393,0.0599272320731297
"ADH6",1.06,0.0599418124823019
"UTS2R",0.846,0.0600169042157874
"C9orf53",1.162,0.0600418371390671
"ADSS",1.369,0.0601033751969119
"TMC7",1.13,0.0601159378662145
"ZNF192",0.887,0.0601697846380097
"KIAA1530",0.851,0.0601813294524187
"SCAPER",0.819,0.0601910213790687
"COL4A6",1.076,0.0602068274410982
"WFDC1",0.906,0.060227065398997
"PPARA",0.793,0.0602356362358821
"HIST1H2AM",1.106,0.0603008381937848
"TNFAIP6",1.1,0.0603807210830282
"PXT1",0.838,0.0603860601395246
"SVOPL",0.928,0.0604012403300967
"MRPS5",1.365,0.0604054398771115
"PRRG2",0.84,0.0604071729079513
"TAF9B",0.794,0.0604845166242388
"MAP1LC3A",0.87,0.0605196657621819
"OR1J1",0.742,0.0605257398336205
"SNF8",1.337,0.0606587209872624
"PALM2",1.14,0.0606628154817069
"WDR70",0.747,0.0606710167944034
"NFE2L3",1.141,0.0606716835212185
"LRP12",1.15,0.0606755502138401
"FERMT3",0.884,0.0607249268810743
"SALL1",1.053,0.0607370503627747
"FLT3LG",0.877,0.0607815582172038
"C20orf114",0.964,0.060805907182124
"KPNA5",0.843,0.0608456592117865
"CYP2A6",0.928,0.0608521526877105
"ZNF362",0.79,0.0608631822409164
"TGM4",1.137,0.0609049558103954
"PLK3",0.825,0.0609131613710232
"TLR4",0.89,0.0609391870151988
"PDZD2",0.911,0.0609599675629439
"CRLF1",0.957,0.0610415322833158
"GPR143",0.921,0.0610584743910724
"LITAF",0.794,0.0610836219891149
"KLF16",1.243,0.0611487302547556
"CCL16",0.839,0.0611496558977865
"C17orf57",0.875,0.0612084117503535
"CRISP2",0.934,0.0612497614937341
"TPRKB",1.236,0.061266861340875
"TNFRSF11A",1.133,0.0613076880216368
"CACNA2D4",0.854,0.0614334713265916
"KIAA0513",0.847,0.0614552457405805
"OSGEP",0.781,0.0615478899717692
"SLC25A20",0.787,0.0615491348022482
"C9orf98",0.905,0.0615523769611046
"PDHX",1.318,0.0615773332470652
"SLC39A8",0.879,0.0617678993924645
"DHDPSL",0.912,0.0617695377617502
"MFAP3L",1.112,0.0617881183485718
"EXOSC2",1.31,0.0617952405122111
"TLCD1",1.163,0.0618121098012308
"TEKT2",0.943,0.0618305913578048
"ZSCAN4",0.92,0.0618463538685184
"LPCAT4",1.188,0.0618523531172762
"TCEAL2",0.92,0.0618573774239299
"MTMR1",0.733,0.061859499957118
"KIAA2026",0.789,0.0618696892690753
"C6orf97",0.921,0.0618706523049222
"KLHL8",0.791,0.0618781381625376
"ZSWIM1",0.759,0.0618786736987681
"OR2K2",0.652,0.0619021932133565
"TM7SF4",0.922,0.061952911048475
"STEAP2",1.098,0.0619648192371906
"ANO4",1.085,0.0619762372291082
"CDC37",1.352,0.061985298392486
"TMOD2",0.863,0.0620002435835427
"TMPRSS11D",1.074,0.0620134603069638
"NYNRIN",0.887,0.0620160734687763
"ELP2",0.762,0.0620419319182468
"GPRC5A",1.122,0.0620519496352764
"C6orf26",0.883,0.0621020851179772
"C6orf103",0.927,0.0621262733693508
"EIF4E",1.318,0.0621265375298067
"DIABLO",1.291,0.0621515634331447
"UBE2E2",1.179,0.0621587742627886
"CCDC92",0.782,0.0621771070776367
"AMFR",1.259,0.0621870310696553
"COPS2",1.308,0.0622024842909013
"PSD4",0.804,0.0622404382902502
"PTPN22",0.906,0.0622455879189423
"MBTD1",0.775,0.0623236877495606
"DNAJB11",1.278,0.062372234877045
"IL17D",0.892,0.06237637873687
"PIPSL",1.267,0.0623901065732976
"PRMT5",1.266,0.0624300563797547
"TCEAL1",0.8,0.062433432653966
"EIF1AD",1.444,0.0624436712757489
"AGTR1",0.914,0.0624778989157746
"DBF4",1.181,0.0625374294423891
"PDCD6IP",1.441,0.0625476627006767
"MTDH",1.275,0.0625640610313178
"PAQR5",1.11,0.0626142189422591
"HIST2H2BF",1.121,0.0626213171576316
"ITGAM",0.912,0.0627660326578376
"SAMD4B",1.276,0.0627662997429584
"PTPN11",1.285,0.0627905502857871
"KIAA1199",1.074,0.0627932136405198
"DNAJC14",1.419,0.0628353829243918
"CNKSR2",0.913,0.0628390728935186
"LYPLA1",1.161,0.0628400578611261
"SIM2",1.09,0.0628627215511446
"CDK5RAP3",0.837,0.0628779243523425
"ACOT8",0.77,0.062910189194573
"POFUT1",1.332,0.0629433720295349
"FZD3",0.876,0.0629896885985222
"CIDEA",1.164,0.0630058733285905
"PLXNC1",0.918,0.063016075271143
"WDR41",1.314,0.0630562780097883
"L1CAM",1.064,0.0631283688471698
"CPXM1",1.105,0.0631552804486313
"LCN1",1.16,0.0631610905832545
"GCLM",1.129,0.063255199021652
"C11orf86",1.053,0.0633368821255213
"SGSM2",0.849,0.0633760516182743
"CDC7",1.137,0.0633941600553307
"SYNJ1",0.818,0.063420302147105
"CCDC117",0.774,0.0634526720543828
"FAM154A",0.81,0.0634778925805155
"FBP2",0.841,0.0634791557745809
"P2RY2",0.865,0.063507170538119
"LOC442421",1.152,0.0635241152147151
"EPS15",0.674,0.0635480576265074
"HIST1H2BF",1.112,0.063552121369172
"IMMT",1.417,0.0635600586096524
"ZNF876P",0.883,0.0635774856412767
"FKBP10",1.102,0.0635941495459322
"LCTL",1.167,0.0636267904566883
"ANKHD1",0.795,0.0636274101364537
"CG030",0.878,0.0636346025031581
"FREM1",0.927,0.0636586505138278
"DEGS2",0.936,0.0637148249844292
"TLR8",0.917,0.0637616064541423
"ZCWPW1",0.879,0.0638187265078599
"COL6A1",1.127,0.0638197017636608
"LOC728264",0.901,0.0638261341912313
"COX4I2",0.903,0.0638337679317863
"LOC100271722",0.86,0.063853021746038
"C12orf29",1.235,0.0638599749979548
"LOC285629",0.938,0.0638760323501752
"PPP2R5A",0.802,0.0639139337236217
"MAP3K13",0.882,0.0639156218602435
"EFCAB10",0.9,0.0639281909758868
"NDEL1",1.418,0.0639423120694574
"PSMA1",1.321,0.0639578326918881
"RAD18",1.248,0.0639593694916628
"HERC4",1.359,0.0639936874635013
"DDO",0.907,0.0640168102509878
"OTUD5",0.713,0.064054844306252
"GH1",0.71,0.0641279075448793
"RPLP0P2",1.107,0.0641389399649397
"SMOC2",0.912,0.064153166306249
"WDR16",0.94,0.0641536094439714
"ZNF408",1.355,0.0641610298869957
"NEDD4L",0.863,0.0642117451456603
"KIAA1429",1.34,0.0642503843746384
"PNPLA3",1.088,0.0642956628733213
"DDX60L",1.151,0.0642963588906624
"RBM27",1.363,0.0644035922924586
"DES",0.94,0.0644083254798754
"PLEKHM3",0.831,0.0644234367533315
"NPLOC4",1.352,0.064451379970929
"SLC1A7",0.953,0.0644517705331981
"LOC100302401",1.173,0.064466425664297
"C1orf26",0.782,0.0644786775132911
"C20orf196",0.85,0.0644816099221462
"C9orf70",0.885,0.0644995445486982
"FOXD1",1.062,0.0645225779344645
"LAMA1",1.076,0.0645421760456124
"ARHGDIA",1.352,0.0645638410010481
"ZNF782",0.816,0.0645648846431081
"C17orf78",1.21,0.064565214360921
"NCF1",0.909,0.0646141941558241
"ERH",1.26,0.0646541819733315
"DAPL1",0.92,0.0646550113517002
"PRPF19",1.367,0.0647329257268203
"DYNC2H1",0.889,0.0647977724623082
"SGIP1",0.882,0.0648012359239399
"RMND5B",0.753,0.0648161866709556
"COX5A",1.243,0.0648172731780925
"LOC100287718",0.93,0.0648283595858474
"GAPVD1",0.745,0.0649004017527473
"TTC21B",0.776,0.064945128989345
"TSR2",0.733,0.0649598136285997
"PPM1E",0.913,0.0649635938869107
"TNR",0.862,0.0649966815637266
"FBXL14",1.305,0.0650000860796922
"BAG2",1.125,0.0650507666919985
"AIF1",0.893,0.0651372665343169
"RBMS3",0.901,0.0651393509204353
"CDK18",0.873,0.0651550581334764
"LOC84740",0.957,0.065156183217338
"A4GALT",1.128,0.0651569218898804
"RAMP3",0.884,0.0652512476846977
"DCC",0.907,0.0652528089921305
"NRN1L",0.904,0.065253856027956
"NOP58",1.347,0.0653361907680909
"STAM",1.323,0.0653419042418941
"AMAC1L3",0.777,0.0654103396979924
"RNF126",1.263,0.0654147880290461
"X..100133144",0.902,0.0654218895508968
"ASB1",1.325,0.0654692468614858
"ZNF788",0.88,0.0655504033761749
"CDC42EP5",1.096,0.0655889223987551
"PIKFYVE",0.772,0.0655983961279994
"SPSB1",0.831,0.0656097819715161
"FTSJ2",1.325,0.0656288768871627
"MT1X",1.113,0.0656747934821148
"KIF25",0.915,0.0657042417740903
"FIGNL1",1.178,0.0657448435869235
"IMP4",1.313,0.0657860297856632
"ADAMTS7",1.128,0.0658150120716875
"ZNF433",0.856,0.0658156405817444
"GLYATL3",0.825,0.0658192225714708
"ZNF33A",0.825,0.0658679204443205
"INPP5D",0.886,0.0658763317758531
"SLC6A20",0.949,0.0658901134607086
"MPL",0.856,0.0658974089099724
"CCDC141",0.91,0.0659385055978235
"GPR171",0.905,0.0659475388878635
"HMGB2",1.17,0.0659575937314621
"PLA1A",0.917,0.0659811184345983
"NFATC4",0.871,0.0659858720711752
"IL10",0.899,0.0660379572595559
"CLIC2",0.895,0.0660444986803522
"KIAA1324L",0.902,0.0660727917617294
"LOC25845",0.806,0.0660925993957815
"ASCL3",0.796,0.0661251139932008
"UNC13C",0.888,0.0661419355070675
"MYCNOS",0.844,0.066142043078434
"MC4R",0.87,0.0661637093537632
"TMIE",1.123,0.0662217542815313
"LOC440944",0.866,0.0663545265104035
"XPNPEP1",1.365,0.066364205709996
"GPR132",0.891,0.0663924118995184
"OVCH1",0.882,0.0664229482633099
"CSF2",0.928,0.0664519517236481
"ITSN2",0.773,0.0664632089757425
"NME2P1",1.114,0.06647000808941
"C12orf34",1.116,0.0665216909310065
"C15orf48",1.073,0.0666205564801532
"ANKRD12",0.799,0.0666297547944431
"APOB48R",0.894,0.0667460304934851
"LIPA",0.864,0.0667825233844596
"ZNF320",0.82,0.0667980800973606
"OR2W3",1.138,0.0668784153669458
"TBL2",1.295,0.0669339246617048
"HERC2P2",0.906,0.0669484546428134
"C14orf28",0.794,0.0669683328620071
"ALMS1P",0.861,0.0670010132512491
"ZNF304",0.805,0.067023700171597
"NOD2",0.874,0.0670286202120493
"MRPL42",1.231,0.0670330798279827
"HSPB6",0.915,0.0670462003721363
"TM4SF4",1.04,0.0671032712826635
"ABRA",0.823,0.0672310369476055
"PIR",1.11,0.0672381903338678
"IL6R",0.888,0.0672855066897769
"STAT5A",0.845,0.0672881910802934
"CCRN4L",1.197,0.0673144744029386
"C11orf9",1.081,0.0673277725564089
"TOMM22",1.262,0.0673372670589315
"SOD1",1.242,0.0673437132780567
"SHROOM4",0.9,0.067378560932982
"LECT1",0.955,0.067380465227983
"PID1",0.91,0.0673873670569262
"ZNF280B",0.918,0.0673964592963557
"C8orf77",0.89,0.0674209237084928
"KLHDC2",0.8,0.0674327267401559
"SETD8",1.314,0.0674553075156914
"BAHD1",0.793,0.0674641870687962
"FAM86C",1.28,0.0674691075142301
"C9orf131",0.857,0.0674783920399859
"LOC728613",0.89,0.0674923699004854
"LOC728024",0.819,0.0675042009479525
"NT5DC3",1.184,0.0675121319648308
"MYBPC3",0.882,0.067520604976306
"CELF2",0.888,0.0675358745014122
"C6orf217",0.892,0.06759911974336
"VSX2",0.831,0.0676314674758951
"C10orf116",0.927,0.0676926689324342
"C1orf189",0.901,0.0677113097706604
"OIT3",0.921,0.0677376992854537
"FBXO3",0.784,0.0677427398088593
"SSTR4",0.565,0.0677905943694424
"FAM20B",1.351,0.0677906002207651
"X..391343",0.85,0.0678948298580744
"SEBOX",0.562,0.0679140199533389
"MGST3",1.244,0.0679393434871326
"SCCPDH",1.19,0.0679724409007704
"MCAM",1.15,0.0679784735810676
"SLC36A4",1.202,0.0679915699996619
"CCDC45",0.781,0.0680115033625946
"HMX1",1.162,0.0680508837871973
"CLDN12",1.215,0.0680853831728178
"SS18L2",0.777,0.0680946943103381
"KIAA0090",1.274,0.0681619866776545
"PTPN5",0.884,0.0681958410552254
"CD8B",0.915,0.0682034339913564
"MDP1",0.813,0.0682076290655726
"PPT1",0.806,0.0682120849807143
"LOC150776",0.863,0.0682460633498642
"LOC220930",1.184,0.0682953515103642
"HDAC6",0.778,0.0683640351671098
"SOLH",1.24,0.0683888257946863
"VTI1B",1.399,0.0684581368939652
"DMXL1",0.796,0.0684719253065085
"DNAJC25.GNG10",1.248,0.0684775927755467
"XRCC4",1.226,0.0684957756125319
"EIF4E3",0.859,0.068498151716998
"LOC100272217",0.867,0.0685408737647618
"SGCA",0.928,0.0685727355886369
"WT1",1.069,0.0685740980976531
"FAM81A",1.108,0.068644231784766
"IGLL1",0.801,0.06867000349471
"LOC100289341",0.849,0.0687229059569869
"ZNF93",0.884,0.0687235935239581
"PTPN12",1.339,0.068744226688857
"C6orf225",0.885,0.0687672796842647
"C14orf68",1.185,0.0687718967931375
"SYT9",1.094,0.0687745252529511
"KCTD19",0.905,0.0688019834575529
"TBK1",1.366,0.0688027097133755
"DPCR1",0.947,0.0688148795908497
"CACNA1F",0.914,0.068848430993957
"SLC27A3",0.859,0.0688872871749117
"RNASEH2A",1.17,0.0689337536010289
"RPL39L",1.101,0.0689767824749287
"NCF1C",0.918,0.0689776362620463
"DCAF13",1.224,0.06898953161678
"FIG4",0.765,0.0690666630438082
"NCBP2",1.342,0.0691084926380124
"C18orf19",1.244,0.0691091966138246
"ACACB",0.883,0.0691102237016127
"KBTBD10",0.884,0.0691237936915465
"FRY",0.881,0.0691544840509327
"PRPF40A",1.389,0.0691554813482857
"CD244",0.895,0.0692251087326069
"RFWD3",1.27,0.069226012248689
"POM121L1P",0.865,0.0692459396191451
"KLK14",0.943,0.0692735074526505
"CHRDL2",0.936,0.0692895314284484
"DCAF4",0.794,0.0692901074003161
"HOXD13",1.062,0.06929627577524
"DDHD1",0.809,0.069337045118318
"ICMT",1.353,0.069343852563088
"MAPK8IP3",0.893,0.0693924059345642
"ZNF81",0.816,0.069394411464478
"PIAS2",0.84,0.069425369192629
"SKIL",1.202,0.0694271367878867
"ZNF71",0.81,0.0695210111332101
"ZFYVE27",0.758,0.0695576661397499
"ZNF808",0.781,0.0695772178885084
"C22orf36",0.885,0.0696147407766089
"PFDN1",1.317,0.0696371457310943
"GHR",0.901,0.0696756570140172
"ARHGAP32",1.179,0.0696903378487705
"MXRA5",1.1,0.0697138643938232
"CTDSPL2",1.282,0.069716177949973
"PFN2",1.104,0.0697417792837811
"ZNF579",1.185,0.0697836342020985
"SERP2",0.899,0.0697849289557186
"LOC441208",1.164,0.0698346705456198
"CERK",0.807,0.0698401097781349
"CA13",0.899,0.0698586011350116
"EHD1",1.233,0.0698686830390148
"SIRPG",0.912,0.0699490705244221
"LIMK2",0.812,0.0699866619956548
"MAGEE2",0.916,0.0699995944303986
"LMO2",0.851,0.0700029898752363
"ABHD14B",0.827,0.0700326492951739
"LOC100130581",0.835,0.07009725073233
"RPTOR",1.272,0.0701656234697833
"UQCRB",1.248,0.07018908449687
"CCDC151",0.925,0.0701969470825848
"NAA30",1.229,0.0702187727582677
"SUMO3",1.25,0.0702220596704516
"PDLIM2",0.852,0.0702839274810449
"NMNAT3",0.899,0.0702897861184849
"NDUFA10",1.336,0.0703901483080015
"KLHL5",1.169,0.0704508873522519
"LOC100127888",1.069,0.0705139621172229
"EIF2C1",0.793,0.0705832573551851
"RASSF1",0.767,0.0706340635457859
"PDXK",1.232,0.0706916101576909
"HK3",0.921,0.0707015720074271
"UBOX5",0.774,0.070708643686354
"RBP2",0.904,0.0707180930709267
"CA9",1.043,0.0707340618539142
"SLC25A12",0.746,0.0707898024058685
"TLR5",0.873,0.070807445907973
"SLC17A9",0.914,0.07083027481433
"SENP8",0.815,0.0708334375422671
"ARHGAP20",0.92,0.0708388237017128
"ORMDL1",0.747,0.0708784289692028
"GRAPL",0.871,0.0708804117392582
"TNFRSF1B",0.863,0.0709199082528847
"LDHB",1.144,0.070991817864952
"CMA1",0.886,0.0710065306121455
"ISLR2",0.915,0.0710285274878033
"RCE1",1.306,0.0710575619307939
"PXDN",1.111,0.0710884689242712
"ME3",0.87,0.0710907094136795
"DCPS",1.301,0.0711357000065679
"C2orf85",0.874,0.0711479867232974
"KDELC2",1.192,0.0711887779077916
"SLC1A1",0.917,0.071194210821177
"DGKE",0.862,0.0712177152274355
"SLC25A15",1.21,0.0712952066672872
"PPP2R5E",1.276,0.0713077831014722
"TWSG1",1.192,0.0713808284644391
"HEPACAM",0.774,0.0713876670524603
"CAB39L",0.845,0.0713924564798289
"TARP",0.91,0.0713971465275307
"C4orf29",0.796,0.071414501179253
"ACBD7",0.906,0.0714661393389121
"SCG2",1.063,0.0714827574335836
"ARMC2",0.856,0.0714878569572009
"NAGS",0.878,0.0715079206099065
"CHPT1",1.143,0.0715221101068805
"CSTF3",1.362,0.0715741472529034
"MMD",1.13,0.0715834331569429
"FAM89A",1.127,0.0715836066402875
"VEZF1",0.761,0.0715941478033739
"CXCL13",0.944,0.0716658311600841
"TP53I11",0.845,0.0716827590076264
"ARPC1B",1.227,0.0716997009597173
"RALA",1.303,0.0717308396241623
"SLC22A15",0.889,0.0718054122410441
"DUSP14",1.212,0.0718233195833923
"CPLX3",0.865,0.071843830799004
"CTNS",0.777,0.0718446422464366
"PLEKHA6",1.108,0.0719287044125197
"NUDCD3",1.335,0.071959665732142
"MMP23A",0.929,0.0719655212521158
"P704P",1.105,0.0719860724221142
"RAB1A",1.432,0.0719986841824419
"TTC12",0.854,0.0720380682708187
"SNHG10",0.879,0.0720519865908083
"INPP5K",0.767,0.0720839964536705
"TIMP4",1.078,0.0721042467601038
"TRAPPC2",0.768,0.0721157438753009
"GPR19",1.109,0.072162184428498
"LOC84931",0.889,0.0722048184244587
"JPH1",0.921,0.0722234021406447
"ZNF295",0.791,0.07223225146236
"C1orf130",0.917,0.0722416399036235
"PDSS1",1.193,0.0722461624099249
"PMCH",0.894,0.0722477510854832
"BAI1",0.941,0.0722610999490058
"CTSD",0.854,0.0722767680996065
"DHRS12",0.811,0.0723197087871815
"CDH20",0.92,0.0723621827102484
"ZNF606",0.828,0.0723716206601223
"KIAA0182",0.84,0.0724335691018195
"CDHR5",1.052,0.0724454414184569
"SENP6",0.733,0.0724600820349018
"ATP2A2",1.25,0.0724863685118155
"NCRNA00152",1.138,0.0725479603750641
"TET2",0.8,0.0725721255062237
"RNF121",1.369,0.072606793641889
"MUTYH",0.83,0.0726298162147688
"VDAC3",1.204,0.0726421176829396
"PRG4",0.946,0.0726628089093785
"BICD1",1.153,0.0726858505932321
"RAB2B",0.748,0.0727889321187956
"C10orf107",0.939,0.0727981122105766
"FASLG",0.911,0.0728459731874316
"DAG1",1.267,0.0728546252391533
"ANTXR2",1.176,0.0729318328215614
"LOC80154",0.885,0.0729687427798671
"ADARB2",0.907,0.0729954160256258
"MED18",0.762,0.0729954859957299
"PSMG3",1.174,0.073037764033683
"TAF1",0.807,0.0730611251556701
"LASP1",1.266,0.073113811559943
"PCDHB8",1.08,0.0731290799502275
"TNFSF12.TNFSF13",0.919,0.0731291569379778
"CGGBP1",0.73,0.0731644192061508
"KIAA1012",0.767,0.0731892363796979
"DPF3",0.893,0.0732266467982985
"C9orf50",0.832,0.0732757244299992
"NAMPT",1.121,0.073293998828158
"SSFA2",1.208,0.0733114257290984
"PIK3CA",1.269,0.0733234373593792
"CDH7",1.084,0.0734543254856683
"LIX1L",0.85,0.0734752614699948
"ATP9A",0.855,0.0734974749103351
"BLVRB",1.145,0.073509367910766
"C22orf39",0.751,0.0735106676616524
"TRIM35",0.755,0.0735138957130359
"STX16",0.819,0.0735170095282142
"XPC",0.784,0.073545726987873
"BACE2",1.103,0.0735578226985374
"IPO7",1.268,0.0735641332524607
"RGS2",1.115,0.0736368445068249
"ANKRD30B",1.209,0.073657022996298
"IL6ST",0.909,0.0736818125606524
"OXCT2",0.902,0.0736973984631464
"NSUN2",1.228,0.0737059142855002
"TMSB10",1.166,0.0737243439366214
"LOC644936",1.19,0.0737339026349327
"CEBPE",0.874,0.0737546943713152
"FAM13AOS",0.885,0.073786769337307
"BNIP3L",0.808,0.07378765987845
"F13A1",0.93,0.0738153870442192
"MAPK15",0.938,0.0738409829739385
"PARP1",1.293,0.0738415799421831
"PRMT3",1.283,0.073894722811098
"PHB",1.302,0.0739170354072461
"CAV1",1.098,0.0739642721309494
"TMEM176B",0.897,0.0740112963079976
"RPA2",0.764,0.0740134267238381
"HAR1A",0.92,0.0740368035920082
"MYOM3",1.081,0.0740523922184271
"PITPNB",1.393,0.0740851603948857
"MARCH2",0.784,0.0741060482799764
"NMBR",0.785,0.0741133752594167
"GABBR1",0.913,0.0741520505908868
"CD300C",0.91,0.0741533623835769
"PHF19",1.2,0.0741649167594775
"ZNF770",1.235,0.0741879177974663
"DUSP5P",1.073,0.0742200829983233
"UEVLD",1.259,0.0742221441180942
"MYBPC2",0.932,0.0742629316960485
"ZC3H18",1.33,0.0743175601524229
"SLC38A1",1.133,0.0743694191807322
"PRKAR1B",1.168,0.0744586898135105
"CELA2B",0.667,0.0745026112895489
"TOMM5",1.214,0.0745032423233924
"CHRNA10",0.869,0.0745805438779505
"CUBN",0.89,0.0746050484234376
"C12orf43",1.413,0.0746383344683581
"PPAN.P2RY11",0.949,0.0747472246677833
"EDEM1",0.837,0.0747484529335535
"THTPA",0.802,0.0747827141450332
"NACA2",1.163,0.0748193144053609
"PTPRZ1",0.953,0.0748265204856661
"TWIST1",1.069,0.0748680118944942
"CCDC85A",0.909,0.0748912592750391
"MSX1",1.121,0.075006278816803
"LHX1",1.07,0.0750114393277878
"TM4SF1",1.123,0.0750153602132326
"KCNIP2",0.881,0.0750571775435199
"KLHL14",0.918,0.0750951029431691
"PI16",0.932,0.0751273172125633
"IPO13",0.728,0.0751301508664783
"P2RX4",0.805,0.0752012510510247
"C19orf20",1.133,0.0752223741346002
"USMG5",1.209,0.0752269754978941
"KLHL38",0.899,0.0753220833789086
"SLC7A6",0.799,0.075348700178384
"POC1B",1.19,0.0754612330122929
"ZNF430",0.849,0.0755853784385484
"TNFSF15",0.919,0.0755919851102169
"DBN1",1.18,0.0755990457509873
"LRRC48",0.921,0.0756246034877279
"TPI1P3",1.226,0.0756989429855216
"MRPS27",1.293,0.0757176421811737
"FAM177B",1.056,0.0757241342740477
"LOC153684",0.881,0.0757523926664697
"COX18",0.77,0.0759351336287205
"PCBP1",1.556,0.0759397554406633
"LUZP2",0.936,0.0759747336305965
"EIF2B3",0.743,0.075985028892501
"EIF2C2",1.192,0.0760128847075887
"GABPB1",1.381,0.0760741982613432
"DTHD1",0.936,0.0761163683168182
"PYROXD2",0.901,0.0761366003846803
"PTPRT",0.949,0.0761496661036717
"MYOZ2",0.86,0.0761677861413671
"THG1L",1.218,0.0762066256995323
"DIRAS1",0.938,0.0762599798144423
"ANXA6",0.844,0.076276403324884
"PSMD8",1.252,0.0763115060191825
"PALLD",1.144,0.0763200935110445
"SLAMF7",0.915,0.0763236594608173
"SPSB3",0.818,0.0763292896180858
"RUSC1",1.248,0.0763353422494308
"ACTN3",0.836,0.0763722726304881
"FBN3",0.946,0.0764009136893644
"B4GALNT3",0.923,0.0764143844715887
"TMEM55A",1.163,0.0764356252709069
"LOC643763",1.061,0.0764464309834404
"INADL",0.817,0.0764549727498737
"IL28A",1.266,0.0764851475827328
"YEATS4",1.126,0.0764895752079486
"C2orf80",0.71,0.0766157971099323
"UTP6",1.356,0.0766164825753394
"PPP3CA",1.255,0.0766254624526118
"C2orf34",0.828,0.0766482461849176
"TTC39B",0.873,0.0766725883422049
"PPARG",1.092,0.0766972256642291
"TMEM212",0.933,0.0767052357709896
"RPP40",1.179,0.076729204032348
"ABLIM3",1.105,0.07674498354394
"MAGT1",0.802,0.0767898545931539
"C18orf21",0.785,0.0768080024548766
"TMCC2",0.88,0.0768094387317269
"GTF2IRD2",0.841,0.0768744545618069
"GATA5",0.913,0.0769196175565319
"DEFA4",1.275,0.076967891057598
"SESN2",0.823,0.0769903605346128
"SLC25A1",1.239,0.0769950659244088
"CUL4A",1.251,0.0770284371946112
"CCDC39",0.911,0.07706913341055
"DNAJC5G",0.85,0.0770816741377658
"SDPR",0.915,0.077104988589258
"MSL3",0.742,0.0771166771297164
"ARMC5",0.83,0.077167176500598
"MUC15",0.948,0.0771858865781901
"S100A7",1.055,0.0772558112474401
"SIK1",1.1,0.0772873426372442
"C11orf90",1.142,0.077293615865421
"CA5BP",1.257,0.077347202152142
"PRR3",0.791,0.0773530690929901
"ACSBG2",0.852,0.0773597504151815
"KATNB1",0.796,0.077362585386487
"PAR5",0.911,0.0773846470089417
"CASQ1",0.89,0.0774191383384565
"IFT74",0.828,0.0774423200064022
"NRD1",1.334,0.0774516306823898
"HSPA1B",1.169,0.0774744394917464
"EIF3D",1.324,0.0774913598389024
"CCDC106",0.844,0.0776137700142358
"ZNF710",0.887,0.0776148008380877
"CAPZA2",1.171,0.0776176942766553
"PPP1R12A",1.296,0.0776888820567749
"CLN6",1.253,0.07769563115097
"CAMK1G",0.882,0.0777088994915526
"ARHGEF10L",0.848,0.0777116073036051
"SLC6A14",1.064,0.0777119251474115
"KLC2",1.242,0.0777129994073495
"CT45A2",0.888,0.077801926422265
"KCNN4",1.077,0.0778393022756469
"SEC14L2",1.115,0.0778680854712803
"RHOT1",0.731,0.0778845787160035
"PHLDA2",1.113,0.0779109837959819
"FAM198A",0.904,0.0780148022306495
"GMNN",1.165,0.0780515057955068
"EPB41L4A",0.894,0.0781014255730878
"PRPF4B",0.741,0.0781025482298618
"PLEKHO2",0.854,0.0781343278959577
"ZNF568",0.878,0.0781558595610721
"ZNF641",0.852,0.0781865410895866
"ZNF669",0.794,0.0781872607956947
"GIP",1.124,0.0781952906332782
"CCDC41",0.814,0.0782713834516888
"SHF",0.897,0.0782969804354683
"TOP1P2",1.195,0.0783067185941365
"SRGAP3",0.897,0.0783298797977703
"GALNT14",1.065,0.078374411246246
"ACO2",1.325,0.0783921173927418
"NSMCE4A",0.784,0.0784638058049766
"ATP5SL",1.307,0.0784668431218584
"PRKX",0.834,0.0784799252266788
"DUSP28",0.799,0.0784801441138058
"UBN2",0.824,0.0784915375244987
"PSMC3IP",1.134,0.078560674236194
"LRRC29",0.877,0.0785646442237204
"USH2A",0.876,0.0785680894807625
"LMBRD2",0.865,0.0785880159637728
"BOLA3",1.186,0.0785999460969858
"PLEKHM2",0.743,0.0786860785380321
"EXOG",0.774,0.0787562911623187
"SERPINA9",0.913,0.0787577326009234
"ARMCX5",0.739,0.0787608061316899
"DPH1",0.774,0.0787785809973321
"NXF3",0.93,0.0787803676957327
"TPTE2P3",0.774,0.0787886624650573
"PDAP1",1.29,0.0788429834110957
"FLJ13197",0.908,0.0788633792357011
"NR1H4",1.068,0.0788653227409014
"IL17A",0.854,0.078883749564566
"FARS2",0.77,0.0789157944602943
"GLT25D2",0.917,0.0789231266797062
"CLEC14A",0.877,0.0789276780931627
"C20orf160",0.869,0.0790240707279032
"SLC4A4",0.928,0.0790261675381093
"KCNMB4",1.081,0.0790349569703625
"MRPL11",1.221,0.0790370942376753
"C19orf42",0.741,0.079070562937299
"RNF217",1.136,0.079108540817144
"KIAA2022",0.94,0.0791255446738335
"ALKBH3",0.842,0.0791464187113916
"LRRC61",1.199,0.0791486498647885
"RACGAP1P",1.148,0.0791640890355377
"FCGR2C",0.909,0.0791858777701614
"SETD2",0.769,0.0791863098025102
"SERPINA5",1.058,0.079231983015548
"SNX22",0.83,0.0792422828871776
"YBX1",1.283,0.0792773656665958
"PIGL",0.845,0.0793275340410821
"SFRS4",0.715,0.0793299274004734
"C18orf20",1.316,0.079330323476193
"U2AF2",1.364,0.0794608746637598
"HTR3E",0.776,0.0794883723159777
"ADCYAP1",0.929,0.0794888718788391
"VMO1",0.91,0.0795208452482615
"C18orf10",0.805,0.0795850867496279
"EYA3",0.84,0.0795957623864686
"RNPEPL1",1.26,0.0796008316033218
"MYL12A",1.248,0.0796338370237066
"LGR5",0.936,0.0796648931959714
"MAP7D2",0.943,0.0797164159374254
"PCDHGB1",1.078,0.0797311923640518
"C17orf103",0.86,0.0797407459818086
"LILRB5",0.922,0.0798281783375496
"ARHGEF15",0.884,0.0798282225800855
"HIATL1",1.384,0.079908478787688
"TSPYL1",0.794,0.079925272416937
"MARCKS",1.176,0.0799652843510957
"FGD5",0.881,0.0799950740940123
"MEOX2",0.918,0.080075047944414
"C19orf57",0.908,0.080078916386717
"RASA1",1.21,0.080094582263783
"RGS14",0.842,0.0801120044191821
"HOXA3",1.083,0.0801298430903249
"DIAPH1",1.291,0.0801508123380343
"OR2A1",0.85,0.080228146402482
"SERPINE2",1.087,0.0802579303588936
"TMC3",0.813,0.0803484653896774
"LOC100129726",0.882,0.0803728465112935
"PARP16",0.805,0.0804211966010602
"PCOTH",0.911,0.0804239828535461
"WDR35",0.838,0.0804720738191227
"ANO10",1.346,0.0804772512242485
"KCNQ4",0.917,0.0805320064038941
"OMG",0.848,0.080542469023262
"DYRK4",0.848,0.0805665690834679
"CCDC51",1.266,0.0806088081483852
"LOC388692",1.146,0.0806519456505698
"ZNF323",0.899,0.0806653804007552
"RASL10A",0.884,0.0806779356400701
"C8orf55",0.861,0.0807013804890573
"CMKLR1",0.904,0.0807858590620607
"ZNF281",1.178,0.080822618601137
"RANBP6",0.802,0.0808940714988269
"MUC13",1.034,0.0808982287484947
"RWDD4A",1.345,0.0809227483577096
"TGFBI",1.093,0.0809443552985455
"GJC1",1.121,0.0809718773010212
"IL2RB",0.898,0.0809723482036685
"C12orf66",1.235,0.081027245114432
"NUDT4",1.225,0.0811024821430613
"PNO1",1.25,0.081112341398801
"FCGR2B",0.913,0.081114090523798
"HADH",0.809,0.0811552328522625
"ITGA2B",0.927,0.0811616741881282
"SEMA4D",0.827,0.0811755070293968
"LOC441046",0.891,0.0811883847850605
"MBOAT7",1.233,0.0812383543872295
"SMPDL3B",0.9,0.0812418407922757
"SBSN",1.052,0.0812491743256426
"ADAMTS5",1.096,0.0812766843590269
"MYC",1.124,0.0812828631167751
"LTF",0.955,0.081294281902657
"UBL3",0.83,0.081337238106537
"CTSS",0.875,0.0814150273220756
"C8orf12",0.827,0.0814431469679477
"EFNA3",1.128,0.0814889275161598
"CDR2L",1.147,0.0815300612630656
"LOC388588",0.903,0.0815557179081318
"HSD3B1",1.123,0.081563574122296
"MSTO2P",0.883,0.0815898887688303
"IFI30",0.877,0.0816099046597388
"FAM115A",1.169,0.0816807816289154
"DACH1",0.916,0.0816832329129056
"NME2",1.195,0.0817136443581511
"AKR1CL1",1.16,0.0818889606816084
"DNAJC1",1.244,0.0819110499259607
"SLC12A8",1.151,0.0819179113195519
"MIAT",0.928,0.0819446041789189
"PDZD8",1.171,0.0819593534387443
"SLFN12L",0.898,0.0819896088988277
"OTUD7A",0.895,0.0820340330960313
"FAM156A",0.856,0.0821195859125328
"CLIP1",1.243,0.0821695182507543
"ZNF285",0.911,0.0821777904357204
"WDR27",0.888,0.0821943793415294
"DMC1",1.098,0.0822800239207193
"MMACHC",0.829,0.0822850433643493
"ADSSL1",1.107,0.082312512490861
"XKRX",0.935,0.0824900125913991
"LOC283731",0.91,0.082493155548025
"WNT11",0.922,0.0824940762712043
"SNRPD1",1.219,0.0825501517419009
"CYBB",0.918,0.0826251536259322
"UTP15",1.3,0.0826370829954963
"GALNT13",1.062,0.0826787679057368
"C4orf27",1.249,0.0827604669407461
"APH1B",0.846,0.0827619813204776
"COL5A3",1.088,0.0827856944641917
"PAPD7",0.803,0.0828253436880117
"ADAP2",0.861,0.082828591948613
"F5",1.06,0.082863885125197
"TMEFF1",1.117,0.0828747166001351
"LANCL1",1.247,0.0828937074916333
"NPL",0.886,0.0829203599020124
"SLC7A10",0.954,0.0829629044193753
"CRELD1",0.821,0.0829884881218812
"ZNF576",1.29,0.0829896998764804
"RNFT1",0.83,0.0830319586639498
"FAM38A",1.187,0.0830642950610851
"NES",1.12,0.0830838554513824
"PIP5K1B",0.922,0.0830933703532607
"C3orf43",1.231,0.0831974566255756
"ITPR1",0.882,0.0832154427348052
"FGB",1.026,0.0832202222298701
"KLRK1",0.913,0.0833453406757448
"ACVR2A",0.807,0.0833488086248452
"C13orf29",1.097,0.0834866077303922
"TXNDC16",0.844,0.0835611564521911
"S1PR1",0.882,0.0835664948049734
"OSBPL5",1.139,0.0835788153643325
"LOC80054",0.911,0.0836283595927722
"GPR141",0.902,0.0836791866364985
"MAPRE1",1.348,0.0837157800374025
"CHST7",0.847,0.0837277856615136
"GPD1",0.936,0.0839067342810601
"PRELID1",1.245,0.0839163516099297
"TMEM45A",1.08,0.0839404798920576
"TMED10",1.31,0.0839460699474842
"CYB561D1",0.839,0.0839514001299243
"WDYHV1",1.185,0.0840651823879466
"TSTD1",0.875,0.084136202467013
"ZBTB7C",0.932,0.0841460319807884
"USP6",0.828,0.0841594524368429
"MGRN1",0.826,0.0841632615742724
"BAIAP2L1",1.197,0.0842359191982293
"LRFN1",1.11,0.0842693874536898
"FAM98A",1.356,0.0843280009663542
"EVI5L",0.82,0.0843302793669525
"NUP54",1.291,0.0843618540431802
"VPS37B",1.256,0.0844880677767796
"MEF2B",0.915,0.0845062046402836
"F11",0.947,0.0845510915654024
"PI15",1.075,0.0845621095899529
"C13orf36",0.93,0.0845800253563135
"EML2",1.194,0.0846440105436906
"SFPQ",1.41,0.0847359591852349
"NDUFA12",1.256,0.0847857533469804
"FRAT1",0.856,0.084807713189303
"NOL10",1.321,0.0848200143183653
"ZNF454",0.923,0.084837479500644
"MDM4",0.839,0.0849338324552556
"TEKT4",0.917,0.0850004578286382
"EXOC7",0.725,0.0850031858177805
"RRS1",1.163,0.0850144953632987
"RARA",0.822,0.0850165201567401
"C1orf100",0.492,0.0850232697296511
"RNF126P1",0.928,0.0850424044849812
"INHBA",1.085,0.0850853076370305
"BAIAP3",0.919,0.0850962377101844
"RABL2A",0.817,0.0851385224535008
"TRIM78P",0.894,0.0852213024810751
"BIRC2",1.279,0.0852971426726932
"KIAA1875",0.927,0.0853110941269917
"TACO1",1.294,0.0853539225000308
"CXCR2",0.916,0.0853677474100517
"C10orf67",0.909,0.0854106984339975
"ZNF566",0.814,0.08542636684242
"ATXN1",0.826,0.0854464246973718
"GRIN2D",1.067,0.0854935037312368
"ARHGAP24",0.86,0.0855375552930292
"MTSS1L",0.872,0.0855556842479032
"TMEM59L",0.956,0.0855580181758063
"C1orf187",1.126,0.0855889273280851
"ANGPT1",0.922,0.0856241083470312
"SEPT8",1.266,0.0856930598652982
"CLIP4",0.86,0.0856969732246186
"SOX9",1.069,0.0857521089691511
"HCST",0.893,0.0858152178340721
"FAM190B",0.804,0.0858203610899293
"DGCR6",0.877,0.0858647805335729
"LASS6",1.163,0.085878951023869
"HTA",1.397,0.0859989971605956
"FABP5",1.09,0.0860196476841927
"ZSCAN1",0.907,0.0860400245954393
"TBC1D19",0.849,0.0860475164710189
"PLOD3",1.237,0.086057542988009
"ITPRIP",1.17,0.086117448953609
"LRRC37A",0.843,0.0861280658681446
"SMUG1",1.226,0.0862304596487821
"PRSS45",0.92,0.0862751981996428
"ATL2",0.815,0.0862986352177456
"FHDC1",0.869,0.0863608800611283
"CSNK2A1",1.268,0.0863636068200875
"CRNN",1.169,0.0864572045925482
"RIT2",1.4,0.0864785446058052
"TNFRSF12A",1.113,0.0865335476318659
"HDDC3",1.199,0.0865643758784743
"WFDC6",0.905,0.0866053194614135
"OTC",0.854,0.0866186271289852
"RAP2B",1.217,0.0866216170196016
"CLEC2D",0.814,0.0867082109563003
"GADD45A",1.126,0.0867117639711445
"ABCA10",0.909,0.0867611139613605
"FAM63A",0.859,0.0867861003884382
"RSPH4A",0.941,0.0869272492273433
"CHST4",1.064,0.0869306071195027
"ARL5B",1.168,0.0869425036127632
"SENP1",1.285,0.0869967971845502
"COBL",1.085,0.0870101408561761
"G2E3",1.177,0.0870303266312945
"FOXI1",0.901,0.087054357711902
"SERPINF2",0.92,0.0870734131983618
"LSG1",1.248,0.0871070213898937
"LOC729603",0.881,0.0871668894696731
"KIAA0240",0.813,0.0872187411568107
"OLR1",0.925,0.0872502652683204
"HIST1H3H",1.089,0.0873333783524454
"NBLA00301",1.154,0.0873739776412556
"CC2D1B",0.759,0.0874533683839632
"C21orf82",0.88,0.0874754659714575
"NFAM1",0.909,0.0875043893648125
"ANAPC2",0.793,0.0875362120187003
"RRAD",0.935,0.0875381133415148
"SPTBN5",0.921,0.0875665953047684
"UCKL1",0.814,0.0875885492424772
"CTNND1",1.266,0.0875958381363583
"PDE4DIP",0.797,0.0876218039617091
"PPP2R2D",0.74,0.08768468144122
"HRH3",0.88,0.0877038529348081
"MAEA",1.35,0.087716037450387
"METAP1",1.329,0.0877264253439846
"TAL1",0.888,0.0877523077913126
"PTGES",1.093,0.0877825120781228
"PTHLH",1.064,0.087787785104599
"SLC4A5",0.861,0.0877985583664361
"PCNXL3",1.268,0.0878390334619223
"BMP10",0.486,0.0878595318172619
"SEC1",0.868,0.0879026149069405
"SAPS2",0.8,0.0879604500689227
"CDC123",1.269,0.0879886126839004
"CT62",1.156,0.0879957688753374
"SUV420H1",0.76,0.0879957832255795
"C7orf28B",1.185,0.0880411854222178
"LOC100189589",0.849,0.0880869046567738
"ANGPT2",1.101,0.0881029343583913
"CYYR1",0.874,0.088109170592167
"USP18",1.159,0.0881905758840829
"PLA2G6",0.897,0.0882026204586433
"TIMM17A",1.28,0.0883095569865765
"BAGE2",0.908,0.0883351075508818
"C10orf114",1.108,0.0883649057637678
"ADAR",1.289,0.0883808046919796
"CD300LB",0.89,0.0883837852192974
"NCRNA00182",0.852,0.088391669027249
"ZNF26",0.815,0.088456976579337
"TROVE2",1.343,0.0886245751175734
"DDX60",1.121,0.0886447462696791
"PPP1R3C",0.913,0.0886609154807937
"ASCC3",1.239,0.0887696111429701
"FAM128B",1.189,0.0887718309167546
"PLCXD3",0.94,0.0887803357870549
"AQP7",0.946,0.0888703022774212
"ARHGAP8",0.867,0.0889299551983528
"C2orf3",1.282,0.0889408119744329
"UGT3A1",0.939,0.0889558613394642
"KIF16B",0.835,0.0890172988316312
"NUDT18",0.853,0.0890340412041011
"NPR2",0.866,0.0890429990309489
"MTFR1",1.154,0.0891937363533511
"RNASE6",0.894,0.0892061868328183
"LOC401010",1.208,0.0892728354138178
"TRIM54",0.946,0.0892831883803496
"EP400NL",0.861,0.0893195351395652
"FAM40A",0.745,0.0893455799439402
"COPS6",1.254,0.0893684328009128
"TMEM52",0.912,0.0894834753481523
"NFX1",0.772,0.0895346857889908
"TNFSF11",1.064,0.0895750537228968
"DNAJB1",1.204,0.0895825215015378
"SULT1C4",0.914,0.0896169638614635
"BIRC7",0.927,0.0896421098102182
"AVIL",0.917,0.0896451212684181
"MPZL1",1.315,0.0897472845364395
"SCAMP1",1.228,0.0898257372857514
"BCCIP",1.285,0.0898260605491934
"LOC728855",1.141,0.0898417376878444
"ARPC5",1.247,0.0898540978374018
"SNORD10",0.835,0.0898833287477266
"LOC90110",0.833,0.0898999462127135
"IP6K1",0.711,0.0899496539205391
"ATP6V0A4",0.953,0.089967470390813
"WDR12",1.227,0.0899702344775809
"CHRM1",0.911,0.0899707397115684
"NUP88",1.273,0.0900392663679159
"THAP6",0.731,0.0901685955391721
"FAM110C",1.097,0.0902275637810359
"ZGLP1",0.9,0.0902711275645575
"BTBD1",1.37,0.0903320069588413
"WASH7P",0.855,0.0903324622274968
"AIG1",1.209,0.0903442736934148
"ZNF547",0.848,0.0905603187793681
"CLEC18C",0.878,0.090584289702327
"PDZD4",0.919,0.0906077553057366
"SNRPF",1.197,0.0906570906239043
"UBE2Z",1.412,0.0906772249509831
"XPO1",1.326,0.0906827746761623
"ALDH3A2",0.891,0.0906906463920138
"SPANXB2",1.076,0.090782179436724
"ARMCX1",0.876,0.0908549793705511
"TMEM155",0.914,0.0908613421096876
"ULK2",0.832,0.090886348139382
"NPM1",1.213,0.0909243742663103
"FAM182B",0.915,0.0909293910149955
"PDCD11",1.24,0.0909461210789648
"LRRC58",1.233,0.0909544653447251
"ABCF3",1.332,0.0910151155154253
"OR7E37P",0.844,0.0910549746193879
"ARRDC3",0.882,0.0910800069510203
"RBM14",1.465,0.091145693671829
"TGFBR2",0.874,0.0912484303139633
"PREX1",0.878,0.0913115630747832
"FERMT2",1.19,0.0913393976923036
"FLCN",0.803,0.0913531615831349
"LOC100129387",0.852,0.0913633748745953
"RDH5",1.103,0.0913954741889314
"ITGB2",0.912,0.09141565306553
"SFN",1.124,0.0914365765225681
"CBX2",1.087,0.0914497720599606
"CCDC24",0.872,0.0915700567803989
"RERE",0.827,0.0915771785829493
"LOC391322",0.92,0.0917499528321476
"SYF2",0.714,0.0917587655263969
"TFRC",1.118,0.0917635538101953
"PRDM8",1.097,0.0917708327180162
"PI4KB",0.72,0.0918298790670683
"TMEM151A",1.067,0.0918365143226969
"FIGLA",0.55,0.0918419739214734
"AZU1",0.932,0.0919067066576715
"C3orf16",0.94,0.0919295598501415
"TRIM16L",1.076,0.0919755332217403
"MEGF9",0.881,0.0921424219777174
"UBE2L3",1.328,0.0921600260672946
"DOCK9",0.869,0.0921707012511005
"PRKAB1",0.832,0.0922795515933302
"SOD2",1.153,0.0923063983255628
"C22orf43",0.872,0.0923098676961052
"C1orf131",1.3,0.092324626754332
"MEIS3",1.113,0.0923460033337168
"DHRS3",0.885,0.092349695622434
"CCR8",0.907,0.0923520430112311
"OSGEPL1",0.782,0.09236297628058
"ZNF843",0.885,0.0924409158619863
"SYT1",1.06,0.0924932153496472
"ACE",0.891,0.092504168943979
"HYDIN",0.938,0.0925109795414781
"WDR31",0.878,0.0925234527697221
"GPCPD1",0.875,0.0925255996972105
"FLJ45340",0.881,0.092537028005106
"C9orf7",0.838,0.0925385419970822
"UROD",0.794,0.0925420172074769
"NDRG1",1.128,0.0925662629877506
"USP2",0.921,0.092620518255293
"CNST",0.775,0.0926218339653794
"AK3",0.805,0.0926223530151911
"KRT15",0.94,0.0926229122388506
"PLCH2",0.933,0.0926254796390063
"PYGM",0.907,0.0926487142539392
"GPC5",0.943,0.0927027947615031
"OSCAR",0.912,0.0927221817659311
"SYT13",1.036,0.0927568856915525
"BID",1.155,0.0928938582922535
"HRH1",1.179,0.0929078675608907
"WNT8B",0.887,0.0929246703018025
"ELAVL1",1.559,0.0930380488595849
"C9orf96",0.884,0.0930509545252779
"TFEC",0.915,0.0930561592598562
"HOOK1",0.848,0.0930735046851491
"USP6NL",0.786,0.0931909179678838
"WDR48",0.736,0.0932532449472797
"C16orf75",1.138,0.093288078303268
"SUV39H1",1.209,0.0932978192277251
"C14orf180",0.882,0.0933402755451679
"DHX16",0.758,0.0933647808988787
"MBD2",1.351,0.093404191648834
"HOXC9",1.056,0.0934043635865617
"ALG5",0.826,0.0934773946023275
"MYH11",0.937,0.0934872804477161
"TRIM13",0.788,0.0935355039288915
"MALAT1",0.906,0.0935582289601033
"LDB2",0.882,0.0937048463185062
"LOC729176",1.164,0.0937210077134129
"JUP",1.177,0.09374522039315
"TM9SF4",1.342,0.0937637626229029
"SUV39H2",1.18,0.0937658120883225
"EML6",0.911,0.0937680304885527
"C1orf49",1.139,0.093791043347977
"UAP1L1",0.87,0.0938220584954393
"NOS1AP",0.894,0.0939335576373796
"LAMA5",1.123,0.0940180718264366
"NKAPL",0.884,0.0940182890479674
"KCTD9",1.228,0.0940345069654864
"SILV",1.118,0.0940613111433133
"SF3B4",1.27,0.0940773078703793
"LAIR1",0.909,0.094123523764388
"EPSTI1",1.111,0.0941465464004186
"FOXJ3",0.769,0.0942589691312766
"CRYZL1",0.773,0.0942625650534244
"KIAA0406",1.281,0.09427961726121
"SLC39A11",1.194,0.0943201405505719
"ORMDL2",1.24,0.0943349801973579
"HAL",1.055,0.0944032234304041
"RNMTL1",1.253,0.0944139031254338
"ADCY4",0.877,0.0944386106156205
"WBSCR26",0.927,0.0944397789536625
"NAA25",1.239,0.0944549607457133
"GCHFR",0.855,0.0944940698348961
"KLHL30",1.079,0.0945272261658237
"MYO9B",0.822,0.0945323579972372
"RAD51AP2",1.119,0.0945846284783259
"ZCCHC9",1.285,0.0946015687400513
"C6orf226",0.862,0.0946437528813352
"IGFL1",1.067,0.094672625044131
"CBLC",1.103,0.0946907990757309
"NOTCH3",1.144,0.0947205518695403
"CPA2",0.827,0.0947565472366658
"ATPIF1",0.824,0.0948091753962899
"AK5",1.079,0.0948153933309377
"KIRREL3",1.077,0.0948171753906622
"SCD",1.113,0.094824874353241
"TYK2",0.794,0.0949170641114903
"SRP68",1.384,0.0949351976065599
"CXCR3",0.91,0.0949389692170457
"PDE6G",0.904,0.0949417000599406
"LILRB3",0.906,0.0949547178637275
"DHRS7",1.185,0.0950580424405171
"NECAP1",1.306,0.0950727034322469
"TAP1",1.122,0.0951186976552313
"CDC25B",0.874,0.0951749398549642
"SAT1",0.857,0.0951853290318004
"ZNF114",1.053,0.0952219463259832
"CPB2",0.956,0.0952360073945614
"RBM44",0.882,0.0952832777164124
"RFC5",1.187,0.0955664849354063
"GDF3",0.862,0.095574950291326
"EDDM3B",0.766,0.0955939809586783
"GYS1",1.304,0.095606546218823
"SLC5A5",0.954,0.095619287659422
"GEMIN8",0.807,0.0956223545557976
"CLLU1OS",0.908,0.0956458592388442
"C6orf70",0.802,0.0958113816209154
"C2orf61",1.165,0.095842001961492
"SCARNA5",0.867,0.0958625018177862
"WBP1",0.794,0.0958934478076565
"EIF2AK2",1.187,0.0959273371811448
"G0S2",1.082,0.0960073139933378
"SERPINF1",0.913,0.0960087835445924
"RAD17",0.75,0.0960886195274965
"PLAC9",0.924,0.0960923891975188
"APBA1",0.886,0.0961291395288174
"KRT72",0.768,0.0961974493775271
"FAM116B",0.874,0.0962343051995167
"DIS3L",0.758,0.096270428084405
"MRPS16",1.302,0.0962858712472711
"IGSF11",1.075,0.0962910924138012
"INSM2",0.886,0.0963180489021703
"FAM182A",0.893,0.0963256556995854
"MGC16384",0.895,0.0963511006876982
"CYP21A2",0.922,0.0963784961050739
"SRP19",1.351,0.0964762320181153
"PSPN",1.229,0.0964838372701171
"FAM20C",1.144,0.0964962450024985
"RBM10",0.827,0.0965449647489171
"TMEM45B",0.911,0.0965798519809071
"FAM165B",0.833,0.0965858961789018
"CTCF",1.42,0.0966306301814419
"CRYBB2",0.874,0.096631455060522
"FAM179B",0.824,0.0966839247961785
"SMC4",1.156,0.0967038684900274
"UBAP2",1.237,0.0967413251543782
"LRRC37A4",0.901,0.0967579281741815
"RUNX1T1",0.918,0.0968663706919115
"FOXL1",1.089,0.0968733018113426
"FLJ10213",0.884,0.0969487016194286
"TUBB",1.197,0.0969714613671646
"CADPS2",0.881,0.0970712537799145
"HGS",1.285,0.0970820981512791
"TUB",0.913,0.0971175140838362
"CITED2",0.894,0.0971228495720601
"MRPL46",1.271,0.0971432166357158
"SAMD12",0.871,0.097149623178808
"ALOX5",0.908,0.0972168648373416
"SNCAIP",0.91,0.097350305453517
"RPA3",1.181,0.0973842009897841
"NCS1",1.142,0.0974103477987994
"LGI4",0.892,0.0974266996549678
"DMRTC1B",0.939,0.0975214804134138
"CALML5",1.046,0.0975287966429014
"IL1R1",0.878,0.0975641696165647
"SOX8",0.924,0.0975977281160197
"NAALADL2",1.104,0.0976004857663211
"MEOX1",0.923,0.0976349750658892
"C10orf35",0.847,0.0976698332400506
"TMC8",0.888,0.0977180530560608
"RAB1B",1.347,0.0977239420109945
"RAB33A",0.891,0.0977497119556024
"ST6GALNAC1",0.946,0.0977726363354163
"MAPK12",1.112,0.0978224978537987
"TUBE1",0.806,0.0978840300922642
"MMP19",0.867,0.098000401638022
"MBOAT2",1.129,0.0980974291849593
"LOC100129055",0.777,0.0981383691195977
"DLAT",1.272,0.098259964505095
"SVEP1",0.923,0.0982833774866476
"AKAP7",0.87,0.0983358960396207
"KRTAP3.1",0.921,0.0983862315455888
"KCND2",1.071,0.0983881971284347
"DDX17",0.767,0.0983995533871492
"ZNF777",1.279,0.0984005025636674
"ATP2A3",0.906,0.0984205089064269
"STAT3",0.773,0.0984355641388045
"VWA3B",0.945,0.0984456859036239
"GTF2IRD2P1",0.857,0.0984676827395618
"TIGIT",0.915,0.0984768299337438
"NUDT13",0.874,0.0984803336671446
"DNAJB9",0.857,0.0985054996789878
"NFATC2",0.927,0.0985252888772348
"LOC728723",0.877,0.098597822723733
"PTPN9",1.342,0.0986093411742666
"IBSP",1.051,0.0986491413974617
"SMARCA2",0.856,0.0986556932151981
"NGRN",1.218,0.0986572166481171
"ANKRD10",0.834,0.0986918237329417
"RWDD3",0.795,0.098736271651087
"ASTN1",0.928,0.0987422727658655
"TECPR1",0.865,0.0987521326979883
"OVCA2",1.228,0.098761791682818
"BAALC",0.94,0.098780267673021
"SOCS5",0.775,0.0988674790977386
"SUZ12",1.241,0.0988784103208905
"CACNG5",0.751,0.0989332222819042
"ZFP14",0.824,0.0989623457585415
"UNC5CL",0.92,0.0990208174656211
"MAGEA1",1.04,0.0990835613928957
"FZD8",0.894,0.0990857702522499
"PRKCA",1.109,0.0991205190059202
"EPO",0.841,0.0991453402827219
"SCARA5",0.949,0.0992432827526971
"COX7A1",0.893,0.0993009873879723
"CES2",0.819,0.0993461337070738
"SLC41A1",0.86,0.0993521930442645
"C10orf72",0.901,0.0993591224566576
"MIXL1",0.89,0.0993609085458569
"TUBG2",0.835,0.0993614239726194
"HGD",1.043,0.0993738503960965
"ERLIN2",1.191,0.0994568906748995
"WNK2",0.935,0.0994674403774364
"NR1D2",0.843,0.099532654033227
"UACA",1.155,0.0995450961383413
"KDELR2",1.242,0.0995624162024393
"NLRP7",0.924,0.0995775294524904
"GPX2",1.032,0.0996118222971198
"ARID5B",0.836,0.0996197261117578
"WDR8",0.783,0.0996392754304704
"C1orf106",1.128,0.0996692484169279
"CTNNA1",1.251,0.0996738646124694
"C2orf51",1.158,0.0996849941692749
"HRCT1",1.091,0.0996879408661269
"TBC1D10A",0.814,0.0996976332007262
"POM121L10P",0.917,0.0997219165186952
"IPO5",1.251,0.099849771829286
"TTTY10",0.71,0.0998806961811838
"MR1",0.866,0.0999046048895648
"SF3B2",1.393,0.099923498548308
"HMBS",1.19,0.0999298537596558
"EFNA2",1.083,0.0999519780098349
"TRIM11",1.272,0.099982895877939
"SCYL3",0.771,0.0999948262170891
"CHRAC1",1.256,0.100050853703381
"FBXL22",0.852,0.100069061676448
"TCP11L2",0.867,0.100134705482421
"PSMD4",1.25,0.100181125263616
"ZNF212",0.772,0.100204809634361
"OLFML1",0.895,0.100276845303025
"TPM2",1.119,0.100313291527261
"VCP",1.365,0.100353181649865
"ZNF432",0.84,0.100427184140032
"SLC25A3",1.305,0.100533915988566
"DCLRE1C",0.789,0.100562807632305
"ATP5D",1.183,0.100604874814555
"SNHG3",0.888,0.10070308139972
"LOC400940",0.874,0.100718318066074
"MS4A6A",0.911,0.100727549316262
"ERC1",1.201,0.100794900906229
"PAK6",0.859,0.100843927522897
"CYP1A1",0.936,0.100887631936758
"LOXL3",0.89,0.100996083940186
"ATP2B3",0.863,0.10101292829179
"CARD14",1.073,0.101037162914684
"PATL1",1.245,0.101084667998623
"TMEM100",0.941,0.101104070807682
"AKR1C4",1.049,0.101122628867882
"C7orf54",0.868,0.101191343609128
"GAS8",0.849,0.101217744238272
"DLEU1",1.157,0.101273478423276
"LHPP",0.866,0.101317315507262
"C15orf57",0.79,0.101330387286732
"UGT1A8",1.073,0.101390224277597
"KIR3DL3",0.838,0.1014850759155
"SLC7A4",0.944,0.101515711650437
"SLC17A8",0.897,0.101525741222199
"PALMD",0.888,0.101584606661582
"HPX",1.073,0.101603249757676
"NUDT19",1.192,0.101724108024451
"SLC30A7",1.295,0.101763640861881
"CCDC71",0.767,0.101769744603444
"ADCY5",0.941,0.101795031011867
"HBBP1",0.6,0.101798151958874
"SLC37A2",0.916,0.101974117377206
"CCNK",1.362,0.101997095282114
"RERGL",0.943,0.102021004355016
"CCDC77",1.202,0.102042516240084
"TRIM31",1.048,0.102085327619071
"GGA3",0.78,0.102113610543711
"WDR53",1.209,0.102137451996427
"LOC283332",0.695,0.10224565978224
"COL24A1",0.902,0.10231638122426
"TIMP1",1.138,0.102403349293618
"SORBS1",0.903,0.102424628086923
"SULT4A1",0.95,0.10242754604742
"RIF1",1.175,0.102436540467367
"IRX1",0.952,0.102484259977411
"SNRNP27",1.32,0.1025380481129
"CXCL16",0.867,0.102603203142392
"TAF13",1.18,0.102656933894898
"PLA2G2A",0.954,0.102715737474426
"AQPEP",1.082,0.102719258192033
"ARID3A",1.129,0.102777901866147
"ZNF569",0.867,0.102839932797802
"PQLC1",0.824,0.102847806524004
"DPP3",1.251,0.102850072353888
"GIMAP2",0.899,0.102904228603234
"ACR",0.878,0.102951041965389
"IGSF1",1.06,0.102983120081455
"SYCE1L",1.082,0.103118931172356
"PRDX6",1.227,0.103153576726358
"S100G",1.159,0.103200262161123
"EPAS1",0.868,0.103248948286506
"PRDM6",0.901,0.103304425711045
"TLK1",1.328,0.103333149656055
"IFNK",1.513,0.10334901013809
"SUPT16H",1.259,0.10335669175535
"PODN",0.908,0.103447905482325
"FAM153B",0.917,0.103465723176497
"STAC2",0.938,0.10347352830696
"C20orf72",1.245,0.103534865544475
"C5orf34",1.11,0.10353973302431
"SRM",1.218,0.103571478340566
"GNG2",0.877,0.103692465379416
"FADS6",0.949,0.103703293985865
"C9orf37",0.824,0.103706007676315
"NXF5",0.781,0.103718729063038
"SLC2A7",1.24,0.103732986242701
"MUM1",0.808,0.103759602724528
"PLEKHH3",0.851,0.103804411609517
"PAPOLB",0.795,0.103806277439489
"ELL3",0.855,0.103824171565088
"PCBP2",1.345,0.103833291545212
"WIPF3",1.082,0.103842178986368
"PHF17",0.862,0.103879826178321
"CXXC4",0.926,0.103888404231927
"ZBTB43",0.822,0.10396242784478
"TNKS2",0.768,0.103973158480893
"CYP2R1",0.834,0.103975507717776
"PSG5",1.075,0.10398028427968
"GBX2",1.085,0.104028835503711
"RDM1",1.084,0.104032284043662
"FCN2",0.836,0.104040251685006
"TIMM22",1.318,0.104083524561429
"YSK4",0.949,0.104114183076054
"RAVER1",1.27,0.104150709941606
"HCK",0.915,0.10417662290177
"RCC2",1.226,0.104220327388552
"TYROBP",0.908,0.104278120589455
"UNC5A",1.081,0.104303174153747
"CNGA1",1.066,0.104335237156617
"EGFR",1.084,0.104425917782788
"RANGRF",0.849,0.104498522045595
"ZCCHC4",0.781,0.104562384132581
"THBS2",1.08,0.104564797334654
"TMEM56",0.894,0.104708390804619
"AKAP8L",0.806,0.104782762775096
"HIF1A",1.171,0.104785494103994
"FOXP3",0.911,0.104806467715746
"PPP1CC",1.284,0.104872197327285
"CT45A1",0.94,0.104873649600165
"TNPO3",1.242,0.104888987955136
"UBL4B",1.131,0.104893931718756
"SETD3",0.713,0.104935177916308
"PGCP",0.889,0.104973250284439
"LOC339524",0.901,0.105106987358797
"HIST1H2AC",1.1,0.105116433984414
"LOC649330",1.143,0.105140717611531
"HOXA11AS",1.071,0.105161286784716
"FBXL20",0.816,0.105186964906404
"RTN4",1.27,0.105222003182029
"KLF1",0.854,0.10524582754354
"LTB4R",0.902,0.105253273051283
"HSPB3",0.9,0.105261321729964
"REN",0.928,0.105291879099553
"FBXO22",1.239,0.105299795331703
"LCLAT1",1.249,0.105302699877811
"ATPBD4",1.216,0.105350511681128
"FAM158A",1.172,0.105436211336488
"FAM9C",1.096,0.105439913696076
"AIP",0.804,0.105543085361513
"PRDM13",1.076,0.105572473029849
"TSC2",0.819,0.105580563158646
"RAB25",0.864,0.105592921677577
"HTR2B",0.932,0.105673346114831
"RHCE",0.929,0.105775052376065
"KIF13A",0.871,0.105781942249096
"STAB1",0.898,0.105799705336675
"WBSCR16",1.308,0.105815407209982
"LOC282997",0.838,0.105906196791839
"KRTAP10.2",1.433,0.105998023603043
"ZNF776",0.804,0.106074452121869
"ENTPD4",0.837,0.106236615203798
"TFAMP1",1.18,0.106265821843737
"UFD1L",1.234,0.106276748295667
"MARK4",1.265,0.10628723049366
"GRAMD4",0.862,0.106317752809331
"SOX2OT",0.927,0.106352537861197
"LTK",0.944,0.106357647927228
"MEX3A",0.926,0.106374914978591
"RNF8",0.742,0.106417972429909
"TMCC3",1.138,0.106422116173549
"ZNF492",0.933,0.106505581123249
"NDFIP2",1.194,0.10653159424874
"LOC150622",0.933,0.106582293081574
"ATG16L1",1.329,0.106601144377816
"GCG",1.075,0.106615991275288
"TMC5",0.918,0.106649368604463
"TDRKH",0.852,0.106681616127494
"ESF1",1.212,0.106719214824162
"BMS1",1.318,0.106724771037508
"RGS18",0.915,0.106776587945718
"MRPL17",1.221,0.106777626766109
"KBTBD2",1.341,0.106940194597463
"BCL11A",0.924,0.106977000232813
"AHSA2",0.909,0.106978399620475
"NRXN1",0.918,0.107007896759798
"COL3A1",1.082,0.107050260357545
"HSD17B11",0.873,0.107118897382222
"SERPINB10",0.847,0.107121551270432
"IFI35",1.138,0.107121850452741
"LRRC1",1.203,0.107122002704316
"CBLN3",0.868,0.107211346955206
"L3MBTL4",0.92,0.107221222987117
"DPRXP4",0.87,0.107254477163678
"DCLRE1B",1.235,0.107287327129668
"CBX1",1.231,0.107438443602294
"UBE2I",1.357,0.107505824432345
"CCR9",0.902,0.107510598927537
"NCRNA00105",0.936,0.107515313383319
"ZNF714",0.908,0.107530307406063
"PCDHB17",1.088,0.10755226200295
"NKAIN1",1.063,0.107612654326284
"YAP1",1.192,0.10761761659772
"ZBTB26",0.85,0.107624417824828
"PLD1",1.149,0.107640136013527
"STAT1",1.138,0.107648164588799
"ODAM",0.922,0.107716438593685
"LOC647979",0.785,0.10774417014472
"CYP4A22",0.825,0.107750940660223
"SERPINA4",1.041,0.107794773905064
"RTEL1",0.87,0.107868430695866
"CSDE1",1.289,0.107884514185154
"HUNK",0.932,0.107898668264563
"FOLR3",0.926,0.107908644999775
"C22orf15",0.934,0.108080419684089
"SH3BGRL",0.848,0.1082157227825
"CHRNG",0.816,0.108310854231569
"MKS1",0.787,0.108350746960696
"RGS1",0.92,0.108365276423623
"HIST1H2BI",0.794,0.108434618002704
"SP4",0.859,0.108491707901933
"KIAA1033",1.27,0.108559601072956
"CLEC16A",0.828,0.108623793573199
"KCNK10",0.93,0.108627606105308
"MXD4",0.822,0.108633051042591
"HOOK2",0.858,0.108682630088828
"ZNF436",0.792,0.108684103504759
"LPCAT3",0.815,0.108741807363063
"CNTNAP1",0.881,0.108824240562057
"IFT140",0.875,0.108824998970637
"C17orf64",1.105,0.108852138824584
"ESCO1",0.765,0.108955101317049
"GKN2",0.965,0.108970393956128
"TIGD4",0.892,0.109033579435234
"GTF2H4",0.809,0.109090764716206
"HIST1H3D",1.066,0.109103000673724
"LOC389333",1.156,0.109108144545337
"ZP1",0.893,0.109132049971232
"APBB2",1.177,0.109190002480069
"LOC494141",0.667,0.109250083439644
"CP110",0.841,0.109312967841999
"ABCB6",1.113,0.109314186532805
"ABL2",1.237,0.109385053919304
"NSDHL",1.256,0.109394424704494
"PAMR1",0.918,0.109446534488428
"CTU1",1.184,0.109531829896379
"LOC100128239",0.904,0.109534955983433
"MEIS2",1.133,0.109539814856495
"BARX1",1.032,0.109670934092664
"BCL2L12",1.195,0.109720531954586
"LRRTM3",0.896,0.109774803963317
"METTL8",1.249,0.109798515071507
"PARP3",0.852,0.109848642260054
"STK32B",0.931,0.109880357288879
"AZIN1",1.218,0.109940026328144
"CYP4A11",0.881,0.109984836805267
"QSER1",1.266,0.110043042528546
"PKD2L1",0.922,0.110057274180419
"PODXL2",0.941,0.110058150666132
"ZRANB3",1.17,0.110079121299629
"KCNN2",0.914,0.110186084470568
"C4orf39",0.91,0.110191756825199
"REEP3",1.163,0.11023356355437
"HBD",0.87,0.110253448530008
"RSU1",0.786,0.110363002964516
"LDLRAD2",0.873,0.110363708874455
"SPHK2",0.834,0.110391401094287
"MTMR3",0.836,0.110619790471339
"KLHL25",1.168,0.110646337845308
"VPS33A",1.291,0.110646956006101
"FLG",1.083,0.110715038650428
"TMUB2",0.749,0.110729710903548
"C5orf53",0.863,0.110755728279857
"UNC80",0.905,0.110768327514136
"MKNK1",0.767,0.110822532577735
"ZNF324",0.787,0.110926453807002
"SLC25A22",1.22,0.110939850699959
"LOC441204",0.905,0.110946063773615
"SLC25A43",1.209,0.111045857316638
"FREM2",0.949,0.111081611300448
"MTX1",1.205,0.111095409427844
"B3GAT1",0.948,0.111096250057646
"KIAA1267",0.776,0.111183376866698
"CYP4F3",1.04,0.111268641911867
"MRPS25",0.855,0.111305343736003
"CTRB2",0.801,0.111337154793932
"RHBDL3",0.932,0.111377815076299
"POR",0.831,0.111403124993665
"PDCD2L",1.177,0.111501809324284
"ZNF34",0.824,0.111518254652342
"EIF5A2",1.13,0.11153648153427
"IGFN1",0.933,0.111547277443988
"FNDC5",0.918,0.111577260140776
"AQP8",0.863,0.111622240881586
"CYP3A5",1.051,0.111646220074884
"ACBD5",1.242,0.111725541039397
"ZXDA",0.842,0.111754233379752
"SCLT1",1.223,0.111785950968857
"RARRES2",0.91,0.111788880982365
"FBXO46",1.216,0.111800220503882
"ZNF84",0.821,0.11185176640174
"SNURF",0.939,0.111879148644962
"BTC",0.926,0.111884838326489
"C1orf87",0.951,0.111903815096554
"CPSF3",1.284,0.111911866113229
"SNTB2",1.261,0.111994915880412
"ANO8",0.887,0.112019095507974
"GPR3",0.895,0.112100261351274
"URGCP",1.257,0.112110912040798
"SEPT7",1.315,0.112144309192407
"MYCBPAP",0.93,0.112149624570847
"INPP5E",0.836,0.112178673359987
"TAF15",1.217,0.112189207883933
"C20orf123",0.854,0.112189947169677
"ABT1",0.788,0.112198986248386
"ASB8",0.726,0.112251416891206
"LOC390595",0.893,0.112261463152205
"NPY5R",1.104,0.112295209691797
"TMEM217",0.89,0.112323787139646
"TRIB3",1.124,0.112369719126627
"ZNF354A",0.811,0.112454826662328
"C11orf30",0.816,0.11246023527638
"ZNF610",0.898,0.112507622339583
"SULF1",1.078,0.112517888874474
"ITIH5",0.932,0.112533832651584
"C2orf7",0.847,0.112558565845727
"C15orf27",0.882,0.112569932515713
"ALDH1A2",0.948,0.112575145999258
"RNF10",1.396,0.112627213547641
"PLBD1",1.1,0.1126659493208
"ABCC11",1.074,0.112694838220381
"C3orf51",0.658,0.112703514604787
"ADI1",0.84,0.112726328069092
"COL6A2",1.103,0.112736272866452
"MAP1B",1.085,0.112792786850939
"SLC35C1",1.171,0.112798815885253
"PRSS8",0.886,0.112812652776639
"ST6GALNAC2",0.924,0.112841505861301
"CD40",0.908,0.112880059432773
"NR1H3",0.847,0.112884753509117
"IGSF22",0.906,0.112956953988731
"SLC25A26",0.746,0.113110146281942
"AFAP1L1",1.14,0.113115120104118
"SLC2A9",0.899,0.113196531048538
"MAGED2",0.825,0.113200522808065
"SNORA62",1.602,0.113276495371823
"KRT73",0.729,0.113285641845013
"SFRS5",0.8,0.113298276662824
"RASA4P",0.856,0.113397559361121
"FHL3",1.203,0.113399788338797
"EPRS",1.247,0.113439348820487
"MTERFD1",1.202,0.113479403825439
"SYK",0.873,0.113497510706694
"TMEM146",0.935,0.113534974358812
"MRPL32",1.213,0.113584469296054
"URM1",1.295,0.113603908616499
"IL22RA2",0.943,0.113673568767051
"KRIT1",0.759,0.113689224524769
"MYSM1",0.883,0.113707829452852
"UBE2W",0.843,0.113847775544822
"DLG5",1.171,0.113894373278224
"ZNF649",0.872,0.113895395798534
"IFT46",0.847,0.113907323169853
"MUC5B",1.031,0.113997774386447
"RGPD4",0.802,0.114014682321802
"FBXO11",0.711,0.114112397262377
"LOC400696",1.071,0.114130390372149
"C2orf55",0.905,0.114146527921447
"DCTN1",0.799,0.11415409806198
"ARID3C",1.182,0.114179867160903
"AMN1",1.195,0.114208814618541
"PHB2",1.204,0.114211766066739
"RASA4",0.879,0.114246708622847
"EMX2OS",1.092,0.11434342128537
"PPIL6",0.916,0.114399921597478
"TRPV2",0.895,0.114475898452138
"SMAD6",0.891,0.114484808317518
"TMEM19",1.2,0.114499111448788
"AQP2",0.927,0.114527362927176
"ADAMTS15",1.075,0.114592876882722
"RPTN",1.109,0.114617362666746
"CCL23",0.935,0.114722168457296
"FITM2",0.874,0.114735514918231
"TRNAU1AP",0.845,0.114794347919487
"LRRC70",0.872,0.114852627668314
"GPRC5C",0.926,0.114913114646198
"TBC1D3P2",1.379,0.114923221909965
"RIMKLB",1.102,0.114927860122612
"FGD6",1.145,0.115108243100846
"IL27RA",0.898,0.115137296185633
"KIAA0319L",0.83,0.115178207323474
"CXCL5",1.047,0.115201856998124
"BTN3A3",0.873,0.115219944198574
"HDAC11",0.848,0.11525835895367
"RAPH1",0.854,0.115497456987866
"ELAVL4",0.914,0.115555478386136
"TMEM27",0.939,0.115565340830931
"YIPF5",1.267,0.115620420564088
"TLL2",1.072,0.115652596524383
"TTC39A",0.904,0.115743808616174
"CSF1R",0.913,0.115855009613236
"EXOC5",1.257,0.11586697789597
"CPSF4L",1.406,0.115906346230271
"PRPF6",0.796,0.115910539250849
"GALNT7",1.14,0.115920947543357
"ANXA8",1.048,0.115929022512774
"LMAN1L",0.821,0.115930275240524
"DTNB",0.841,0.115962000741802
"GNGT1",1.074,0.115967065516288
"TMEM182",1.179,0.116017936726947
"TMEM9B",0.802,0.11602562716556
"C17orf56",0.839,0.116031542073564
"CSMD3",1.092,0.116049449239519
"SFRS6",0.755,0.116067385228925
"MAK",0.921,0.116080438897254
"MFN2",0.759,0.116165230554632
"FMR1",0.79,0.116178619661837
"FGF13",0.929,0.116191582017685
"C8orf34",0.944,0.116203475725103
"IRF2BP2",0.78,0.116208385142409
"KIAA2018",0.826,0.11621532835013
"EPHA4",0.926,0.116241982520147
"TRIM6.TRIM34",1.123,0.116250161433873
"CSPP1",0.848,0.116302952841827
"ST7OT3",0.872,0.116431589722928
"EFNA1",0.885,0.116442395698691
"TTC38",0.826,0.116453398390337
"SLC25A38",0.771,0.11646228101223
"ZMYND11",0.798,0.116521570423744
"COQ2",1.234,0.116577848089802
"CCT6B",0.906,0.116614520408477
"SELO",0.86,0.11661943952544
"LOC646851",0.924,0.116714221290157
"FABP3",0.937,0.116715312822916
"ABCD4",0.8,0.116733091968192
"TPPP3",0.93,0.11676936794612
"SLC25A17",1.269,0.116809867791319
"ZNF23",0.801,0.116835487143194
"TRIM66",0.891,0.116864675017763
"INTS9",0.781,0.116940227159057
"SLC9A5",0.919,0.116954929400178
"PILRB",0.906,0.117019375996794
"SNORA6",1.373,0.117023039065517
"CHMP1A",1.249,0.117057006074655
"IFNAR1",0.774,0.117108640406191
"REL",0.892,0.117127076732596
"SYS1.DBNDD2",0.929,0.11725859526687
"RECQL4",1.094,0.117258974725728
"RTN3",1.288,0.117321157805082
"CCDC91",1.26,0.117340727534094
"FLRT2",1.084,0.117405810958982
"BAG5",1.355,0.117458690498625
"DAP3",1.264,0.117528291250223
"ZNF665",0.891,0.117592147390581
"UGGT2",1.219,0.117609022491859
"NCRNA00201",0.906,0.117611943177783
"CXCR2P1",0.939,0.117740297900044
"LOC653786",0.913,0.117774352021972
"CPEB2",1.173,0.117781621963917
"RFX8",1.08,0.117783081013378
"CLDN3",0.927,0.1177832776592
"AKR1B10",1.029,0.11780756221144
"SNX18",0.852,0.117915486454858
"PPIC",1.205,0.117917446264422
"X..155060",0.9,0.117946527601594
"WIPI1",0.832,0.117954993495627
"AASDHPPT",1.281,0.117975178443618
"C2orf86",0.834,0.118008785388334
"BRDT",0.966,0.118019425845712
"MRGPRX3",1.121,0.118042704061766
"YTHDF1",0.766,0.118054598661802
"SPRY2",0.873,0.118162768866361
"FGF11",1.077,0.118245283191748
"TXNDC9",1.208,0.118297763746024
"ABCA9",0.917,0.118371373517315
"CCDC104",0.806,0.118383275627194
"RCHY1",0.798,0.118414247703278
"CPEB1",0.925,0.118421399583379
"SLC26A4",0.95,0.118455349821191
"EIF3C",1.089,0.118500113044564
"MTO1",0.771,0.118534393167802
"CDC23",1.355,0.118579406014204
"GLYATL1",1.068,0.118637281508696
"TNPO2",0.791,0.118665310557281
"POU2F2",0.913,0.118681618631331
"SNIP1",0.745,0.118737925762253
"HARS2",1.309,0.118790336857155
"DLX4",0.916,0.118915633393408
"HOXB6",1.069,0.118948764886828
"CWC27",1.305,0.118958945843539
"CAPN1",1.252,0.119014272515451
"MYOF",1.134,0.11908206307502
"PPAP2A",0.871,0.119143940161922
"LMBR1L",0.807,0.119195359703817
"PAPSS2",0.902,0.119201025623077
"DEAF1",0.842,0.11920625854597
"SLC37A1",1.195,0.119234200518761
"LMNA",1.196,0.119290645338221
"ACSF2",0.879,0.119303269157257
"RAB24",0.833,0.119313370075182
"CHCHD6",0.848,0.11931342968288
"KRT19",1.111,0.119332292944252
"MAPKBP1",0.843,0.119332783265255
"VSIG10L",1.08,0.119343722840749
"UTRN",0.875,0.1193981987485
"RRP1",1.23,0.119401193838082
"SLC39A1",1.257,0.1194028476431
"FGF9",0.947,0.11941730602019
"TOR2A",0.821,0.119467060642291
"ZSCAN23",0.933,0.119526712008921
"C7orf70",1.221,0.119584861162579
"HPN",0.934,0.119612831031084
"SST",0.952,0.119612946700436
"ICAM1",0.914,0.119613712725727
"ANKRD34C",0.841,0.119638937681853
"FLNB",1.174,0.119718308764589
"C1orf128",0.762,0.119888981948007
"HOXB8",1.043,0.119957286893871
"B3GNT7",0.929,0.119989200013871
"PHKA2",0.798,0.120027407942619
"ZNF654",0.799,0.120146391785593
"LOC100268168",0.898,0.120192285436104
"TMOD1",0.885,0.120203133083992
"RASL12",0.896,0.120308336313144
"GJA1",1.089,0.12032760200419
"FAM149A",0.929,0.120365884428657
"GBX1",0.861,0.120373647000817
"HLA.E",0.871,0.120373688662841
"FBL",1.22,0.120374335381423
"FAM5B",1.081,0.120380619037691
"ZNF169",0.84,0.120401537052874
"ROR2",1.098,0.120431109670386
"MED8",0.77,0.120446101407841
"INTS10",0.813,0.12045166857784
"X..100134869",0.899,0.120475721595297
"C14orf105",1.048,0.120489306848724
"URB1",1.18,0.120503534724665
"CDK10",0.87,0.12060704949819
"GALNS",1.186,0.120611870185401
"C2orf66",0.873,0.120620859281945
"CNTF",0.884,0.120703491632348
"ZC3HAV1L",1.124,0.1207196082952
"GNRHR2",0.838,0.120724834981397
"C2orf88",0.896,0.120733725671451
"UBR3",0.797,0.12077971064586
"TNFSF18",0.897,0.120820841656177
"TBX21",0.922,0.120830486106669
"DNAH7",0.934,0.120885965645293
"ALDH5A1",0.881,0.120938678684444
"NAPA",0.789,0.121026550521876
"MEIS1",0.883,0.121080451439143
"COL4A5",1.071,0.121087087336662
"UBE2U",0.859,0.121115564565592
"UST",0.919,0.121117552727595
"SLC25A21",1.07,0.121163119265937
"KRTAP4.1",1.048,0.121217840329772
"YWHAB",1.366,0.121218364450775
"KRTAP5.2",0.923,0.12127268192984
"FAM200A",0.793,0.121299043479427
"DENND4A",0.834,0.121328501613164
"C6orf118",0.948,0.121348297948099
"TSC1",0.823,0.121365092757876
"POLR2C",0.829,0.121492943183777
"TRIM61",0.922,0.121495018690821
"OTUB1",1.285,0.121495450269466
"HSPA8",1.187,0.12153159794742
"PRSSL1",0.887,0.121569966220621
"SETMAR",0.81,0.12165338861104
"ZDHHC8P1",0.933,0.121743222900574
"METTL3",0.83,0.121768299348386
"SOAT2",0.866,0.121820889758562
"ST8SIA4",0.907,0.121848796773948
"RALBP1",1.233,0.121863057607783
"CCDC7",0.807,0.122035066922991
"EID3",1.103,0.122044475754614
"MAPK7",1.247,0.122054228824643
"SLC15A4",1.302,0.122126040715517
"MAP3K7",1.291,0.122211698403388
"SAP30L",0.801,0.122298305948384
"PTRH2",1.217,0.122343258527975
"TTC3",0.81,0.122372976063926
"SCD5",0.925,0.122538418021245
"ZNF841",0.862,0.122567118851333
"IARS",1.247,0.122598576609121
"SH3GLB2",0.833,0.122693452893021
"MYH13",1.134,0.122701476526086
"OTUD1",0.83,0.12272306684501
"PPP1R3D",0.821,0.122729794509514
"MYPOP",1.224,0.122749084489371
"DOCK7",1.219,0.122823212030724
"CDK7",1.224,0.122921181683556
"LRRC31",0.958,0.122922527526174
"NACAP1",1.241,0.122980942056777
"LRRC67",0.913,0.123017663075111
"PRKCG",1.078,0.123060476070345
"TNNT3",0.927,0.123086807167231
"FAT3",0.932,0.123087055702709
"SFRS11",0.811,0.123089015621863
"SIRT1",0.813,0.123098582155817
"TNFRSF25",0.924,0.123190410191693
"MYO9A",0.881,0.123329613130112
"PACSIN1",0.928,0.123407855428375
"GEFT",0.895,0.123627063436518
"TPM4",1.176,0.123627338908418
"LMBR1",1.258,0.12363388293375
"CCNL1",0.852,0.123646862807854
"KIAA1598",1.169,0.123669408012252
"KIR3DL1",0.914,0.123689562969037
"SEZ6L",0.922,0.123746980188311
"ARGLU1",0.878,0.123768364013751
"CD86",0.911,0.123887426333021
"DOCK10",0.914,0.123915569923252
"ZNF652",0.802,0.123952386290093
"TBC1D17",0.797,0.124211860452071
"PHIP",0.824,0.124239124534648
"LOC144486",0.892,0.124254769191525
"MTX2",1.269,0.12432202880338
"ZNF418",0.918,0.124327406128973
"KLHDC3",0.804,0.124336698273605
"SH3BGR",0.894,0.124350549755492
"OR2A9P",0.86,0.124423075300672
"EMCN",0.919,0.124442456199024
"REPIN1",0.803,0.124500362004293
"LOC100132247",0.914,0.124500480595053
"GLB1L",0.86,0.124519240947065
"QRFP",1.181,0.124549466771663
"IGSF8",1.172,0.124561111077443
"POLI",0.837,0.124633536915282
"ANXA8L2",1.05,0.124658494911774
"IMPA1",1.182,0.124660756511806
"ARPC5L",1.277,0.124708051572367
"KCNN3",0.924,0.12474501497646
"TBCE",1.184,0.124799755958982
"DDX11",1.124,0.124805732879277
"CCDC46",0.898,0.1248308787846
"SHPRH",0.88,0.124831949734006
"LOC150197",0.928,0.124866976261454
"CCDC42",0.855,0.124888058654636
"ZNF720",0.801,0.124972330127488
"X..728788",0.79,0.1249884960311
"STX18",1.285,0.124995943121469
"PGAM5",1.176,0.125003478618075
"COX8A",1.205,0.125026604250766
"NR5A1",1.083,0.125064509495706
"KIAA0146",0.822,0.125065027677548
"C11orf71",0.862,0.125081362107545
"ARHGAP4",0.901,0.125081879531263
"C9orf130",0.886,0.125083683719402
"PPIL5",1.163,0.125087536184715
"GNB4",1.134,0.125106331155604
"IRF5",0.895,0.125111924885451
"ZNF383",0.82,0.125210156023008
"NHEDC1",0.874,0.125244973072966
"PRR19",1.119,0.125339000663059
"TMEM190",0.957,0.125422886381892
"MGLL",0.907,0.1254356658409
"EPHX4",1.068,0.125452821711641
"LOC402644",1.532,0.125572598529642
"CALHM3",1.082,0.125599273568389
"KCNMB1",0.915,0.125698258085074
"SCNN1G",0.946,0.125701840426359
"DVL3",1.233,0.125711458217009
"SCUBE3",0.947,0.125764298040536
"SHISA5",1.286,0.12578625138268
"LOC100272216",0.913,0.125805299391308
"C1orf64",0.927,0.125805951219898
"C7orf51",1.095,0.125813750487531
"NDUFB4",1.198,0.125814903218552
"CCDC59",1.198,0.125831208736362
"ISG15",1.081,0.125939788667953
"TTC39C",0.888,0.125950279062617
"NMT1",1.357,0.12595073209885
"ELP4",1.271,0.125957946242011
"FCGR1C",0.92,0.126007190849687
"ISM2",1.076,0.126044842885739
"ULK3",0.827,0.126064101552227
"APPL1",0.783,0.126108759937314
"LRRC39",0.908,0.126125295331934
"ZNRD1",0.816,0.126132671923321
"SMEK2",1.315,0.126136306214929
"EBF4",0.911,0.126187293910873
"KLHL17",0.897,0.126190688955717
"HEBP2",1.172,0.126201465856375
"PLEKHG2",1.109,0.126205321466328
"CRYBB3",0.863,0.126215007642012
"MASP1",0.936,0.12631022450015
"SNORA27",0.535,0.126326245125564
"LRCH4",0.851,0.126350499219776
"ATP6V1D",1.287,0.126350982999494
"KLF11",0.849,0.126356599894255
"PHC2",1.278,0.126358158372799
"KIF1B",0.826,0.126478367596636
"FUT2",0.921,0.126527413970472
"COL4A3BP",0.829,0.126546555235022
"NPIPL3",0.916,0.126612702041175
"LCN6",0.855,0.126616144076742
"LRP2",0.962,0.126626639834464
"APOC1",0.929,0.126653845322936
"COL14A1",0.936,0.126665824068798
"RPRD1B",1.271,0.126698855283148
"CROT",0.867,0.126717326611126
"LRP8",1.111,0.126758467364838
"DKC1",1.225,0.126802523374192
"RLTPR",0.933,0.126862203086598
"CEMP1",0.88,0.126956918843385
"PPP1R9B",0.821,0.126975082836596
"TMEM188",0.781,0.127041210748379
"AAMP",1.348,0.127066222174332
"LOC285359",0.856,0.127078555735757
"CPA4",1.06,0.127109142039906
"SYN3",0.931,0.127262284080835
"LOC400657",0.829,0.127281956195126
"MRPL28",1.232,0.127306817288755
"GLP2R",1.093,0.127352391499117
"LSM12",1.264,0.127424876165194
"CELA2A",0.605,0.127472366768159
"PPARD",1.206,0.127485752457032
"UBL4A",1.227,0.127528322724552
"SLC9A3R2",0.883,0.127580368883655
"PAQR6",0.928,0.127616798354592
"RAD9A",0.854,0.127662684805711
"DNPEP",1.314,0.127672511964646
"HERPUD2",1.34,0.127705845798344
"ZNF573",0.876,0.127708717260936
"SYTL2",0.905,0.127795764623893
"PHF12",0.788,0.127869317965894
"TMEM88",0.9,0.127885300391391
"GTF3C3",1.288,0.127902575311703
"YME1L1",1.313,0.127971798551886
"FLVCR2",0.893,0.128010186222926
"GTPBP8",1.239,0.128025689123842
"ZNF319",0.832,0.128036811223326
"RPS6KA3",0.839,0.128037326904184
"C14orf1",1.226,0.128187069309076
"AMH",1.064,0.128243753115617
"LRIT1",1.294,0.12825780848804
"HIST2H2BA",1.115,0.128285883365939
"CLEC1B",0.723,0.128301412514492
"UNC45A",1.301,0.128311189439533
"GDPD5",0.894,0.128348993241741
"PITPNA",0.755,0.128356781144172
"PRKD3",0.858,0.128432099705167
"CDC14B",0.841,0.128545621455931
"THSD7B",0.934,0.128607974358851
"UGP2",1.282,0.128618499180627
"SDR39U1",0.845,0.128618520577661
"RAGE",0.893,0.128717601841163
"BTN3A1",0.866,0.128746407476079
"MFAP5",1.05,0.128754343059683
"ZNF498",0.764,0.129033819325645
"PCDHAC1",1.067,0.129035443489064
"C9orf150",0.882,0.129054151991811
"C10orf53",0.761,0.129129223924748
"LOC26102",0.842,0.129254713281571
"OSBPL3",1.138,0.129287583940547
"LUZP4",0.737,0.129312602911398
"CIB3",0.779,0.129315556028133
"CSDC2",0.922,0.129348256755455
"PWWP2A",0.793,0.129354693529838
"HBQ1",1.083,0.129392118106227
"SAC3D1",1.175,0.129533640072295
"CHID1",0.822,0.129660976281945
"B3GALT5",1.053,0.12968683455246
"NECAP2",0.793,0.129811444442174
"ARL17A",0.842,0.129869952483732
"NR2C2AP",0.837,0.129902422535826
"PRSS53",0.903,0.129904550456638
"MCART1",0.809,0.12992460093729
"TMED3",1.157,0.129939685074422
"VPS37A",0.842,0.129950097340819
"METRNL",1.13,0.12995535908772
"C1orf162",0.91,0.130008729687742
"TPTE2",0.894,0.130010959416377
"DNAI2",0.954,0.130057577781978
"HOTAIR",1.047,0.130095369553447
"TTF2",1.208,0.130109808753955
"CLCN5",0.87,0.130118929954435
"LSM3",1.262,0.130138841941639
"ZP3",1.111,0.130273387690042
"C12orf26",0.837,0.130281940148475
"FCAR",0.935,0.130296623559282
"RNASEH1",1.238,0.130321114365129
"TNFSF9",1.085,0.130380492114223
"CCBL2",0.817,0.130388258570202
"PSMB1",1.201,0.130556684086543
"P4HA2",1.166,0.130566907896114
"RGS5",0.907,0.130629877864546
"TAX1BP1",1.254,0.130758944383479
"MATK",0.915,0.130876628376254
"GPR89B",0.898,0.130906859513609
"LOC100133331",0.901,0.130908352633645
"HINT2",0.828,0.130978603451685
"DIRC1",1.155,0.13102428384231
"ZNF469",1.101,0.131029611836127
"OGFOD1",1.317,0.13104691777401
"VPS25",1.244,0.131051713249021
"C17orf72",0.927,0.131073718485935
"LOC642852",1.142,0.131078711885409
"ABCA13",0.956,0.131108097332786
"GEMIN8P4",1.138,0.131222520904424
"HIST2H3C",1.089,0.131271363590764
"PIGH",0.79,0.131326625169555
"ZCCHC14",0.831,0.131429384351138
"MYF6",0.805,0.1314600587144
"ANKRD49",0.806,0.13150365636515
"MYO16",0.937,0.131527076967451
"EGR3",0.924,0.131532927434554
"C1orf84",0.852,0.131579928605285
"XPOT",1.175,0.131597911412121
"SNORA12",1.413,0.131615138644535
"IQCE",1.17,0.131688517173895
"SPINK2",0.939,0.131791127718873
"PURB",1.26,0.13179515251409
"LEMD1",1.05,0.131853153545664
"GPR176",1.085,0.131869750666488
"HSPA13",1.154,0.132013313671779
"HEY2",0.904,0.13210303639956
"TBC1D8B",0.86,0.132202860612261
"TIMM9",1.204,0.132275940327897
"ZNF189",0.818,0.132302656648693
"RAB19",0.897,0.13246360009098
"ZNF789",0.875,0.13246778178226
"ESPN",0.948,0.132492260118286
"TACC1",0.887,0.132570179175258
"ACVR1B",0.877,0.132570490213574
"STT3A",1.238,0.132601901013645
"TCHH",1.069,0.132785795713153
"DNAI1",0.953,0.132828235893326
"POMGNT1",0.795,0.132894139708236
"NDUFB5",1.177,0.132944866517188
"CHAC2",1.127,0.132982480363771
"WDFY1",1.26,0.133147948567873
"SNX11",0.784,0.133220411020111
"PHAX",1.3,0.133414633713085
"SPI1",0.914,0.133431454711754
"TGFBR1",1.167,0.133438002258037
"DYDC1",0.927,0.133542435554235
"GLT8D1",0.736,0.133566875552511
"C10orf118",0.862,0.13359057924014
"MICALL1",1.185,0.133599053558995
"LDHAL6A",0.888,0.133604244031685
"FLJ35776",1.12,0.133657314352533
"ESM1",1.079,0.133709545107029
"ATRIP",0.753,0.13371301275689
"ERI1",1.199,0.13372339262405
"WNT16",0.933,0.133748639695129
"C2orf54",0.942,0.13376819869897
"LYPD1",1.064,0.13382588321699
"SSTR1",0.943,0.13385704236343
"ADCY6",0.858,0.133858462430793
"ADAMTS6",1.097,0.133885184317041
"MYST2",0.79,0.133907000881969
"ANKS3",0.875,0.133940604258984
"C16orf61",1.185,0.133967383021266
"TRIAP1",1.218,0.133986931508778
"PNLDC1",0.911,0.134003723443707
"TLX3",1.105,0.134007480376044
"RALGAPA1",0.867,0.134011717685585
"TMEM114",0.857,0.134180828349689
"NOX4",1.082,0.134261887347508
"BSN",0.918,0.134315795730232
"ENPP2",0.908,0.134320152736487
"FER",1.15,0.134353858486605
"LOC348840",0.835,0.134362076697412
"ERN1",0.905,0.134370821234068
"AKR7A2",0.804,0.134412088314586
"CDKN2AIPNL",1.196,0.134418202948172
"CACNB3",0.882,0.134452507869422
"TARBP1",0.854,0.13446363056231
"C17orf86",0.867,0.134549268876264
"PNMA1",1.176,0.134577061245979
"LOC285847",0.825,0.134616329823257
"TMEM223",1.167,0.134637621824617
"RGS22",0.946,0.134690838358531
"PHYHIPL",0.94,0.134711003198284
"LOC550112",0.797,0.134729977003859
"YTHDC2",0.814,0.134753663213001
"C9orf71",0.872,0.134912196467166
"SPTBN1",1.178,0.135033224519705
"TERT",1.065,0.13505440808986
"TMEM59",0.829,0.135110084341167
"IFNA5",0.567,0.135118340359415
"TTLL11",0.863,0.135174191856431
"PHF7",0.852,0.135291851839868
"RIPK1",0.751,0.135309453985958
"ANP32D",1.229,0.135318413499312
"OTX2",0.907,0.135319818397179
"TAF1D",1.221,0.13537573869694
"ZCCHC16",0.741,0.13539773790546
"SUMO2",1.258,0.135431612031145
"STX11",0.904,0.135459127376982
"APOA1",0.916,0.135470908641262
"FAM82B",1.264,0.135670106829981
"ATP6AP1",0.763,0.13572746129347
"TJP1",1.207,0.135761214159247
"PCDHB14",1.107,0.135780617982661
"PDE5A",0.898,0.135840340002622
"KIAA1549",1.096,0.135899259071862
"IGF1R",1.118,0.135947771922701
"PI4KA",0.845,0.135960645126177
"PEX5L",1.079,0.135995464772332
"NBEA",0.933,0.136086668401626
"HORMAD2",0.908,0.136092544258815
"C7orf63",0.907,0.136112301161567
"FAM76B",0.807,0.136125584210432
"USPL1",0.781,0.136152898348156
"EBAG9",1.208,0.136242304940859
"CPNE2",0.857,0.136261697069423
"FOXC1",1.079,0.136308440485573
"RNF2",1.224,0.13633002350288
"HES6",0.93,0.136424928734308
"C1D",1.198,0.136444602254345
"CTNNA2",1.072,0.136475333145766
"NUBP1",0.79,0.136477635587936
"TRAF5",0.895,0.136536491294988
"EIF4EBP1",1.098,0.136610475619351
"GRIPAP1",0.826,0.136654092785702
"LOC595101",0.88,0.136723985217019
"C19orf39",0.834,0.136820534729852
"PEX3",0.833,0.136910380481037
"POM121L2",1.098,0.13691401186803
"FBXO17",1.087,0.136953940842984
"ZNF70",0.841,0.136970560872113
"FBXO43",1.092,0.137060037940968
"HPCAL1",1.18,0.137081238445688
"FOXQ1",1.048,0.137145505237066
"PICALM",1.277,0.137158347877614
"SMC1A",1.196,0.137174668399792
"TRA2B",1.424,0.137177567797157
"MAPK10",0.932,0.137300649634832
"ELL",0.799,0.137348653131859
"CADPS",0.933,0.137387139233927
"BMP15",0.707,0.13741765678843
"KLHL4",1.079,0.137445091953498
"SF4",0.745,0.137451225774407
"CXCL12",0.923,0.1374662473539
"INPPL1",0.844,0.137473144916315
"MAP6D1",1.108,0.137479305195287
"FAM83G",1.125,0.137482619166612
"SIGLEC9",0.921,0.137560307925393
"UBE2Q2P1",0.919,0.137628053473776
"N4BP3",0.883,0.137689450245004
"HGFAC",0.928,0.137690116033287
"NOC4L",1.221,0.137718405683909
"PCGF5",1.193,0.137802280197033
"TNXB",0.936,0.138004745684292
"SLC6A16",0.917,0.138119593342859
"GPR183",0.919,0.138195002438672
"DHX33",1.168,0.13820937530678
"SPAG9",0.843,0.138227554059618
"AIMP1",1.318,0.138251306779878
"SLC35B4",1.239,0.138288200805329
"FBXO38",0.829,0.138337832740813
"MIDN",1.177,0.138358506692479
"PAPSS1",0.784,0.138416397507495
"CYP4V2",0.878,0.138439009171574
"XKR6",0.909,0.138486732000774
"ZNF583",0.857,0.138546172593125
"PLG",0.879,0.138564920310143
"NTF3",0.921,0.138625474438055
"PNPLA1",1.088,0.138634951914893
"ZNF688",0.86,0.138644940086926
"SNORA57",0.843,0.138647193940864
"DALRD3",0.799,0.138723938868663
"LSM4",1.184,0.138854160407992
"ZIM2",0.839,0.138981662846261
"KCTD1",1.124,0.138991675821842
"APCDD1",0.911,0.139118042290628
"ANKRD13D",0.847,0.139132619820169
"LPPR4",0.922,0.139293757405688
"MRPL52",1.159,0.139339508747552
"UNC13D",1.096,0.139371674592754
"SAP30BP",1.307,0.139413106134434
"HOXD12",1.29,0.139523231077261
"ASCL1",0.968,0.139559433897835
"LOC440905",1.044,0.1395620218964
"SOS2",0.795,0.139582484655407
"RAB3GAP1",1.294,0.139671497801598
"S100A9",1.049,0.139672677656403
"E2F2",1.098,0.139755523815445
"ELOVL7",1.093,0.139786399804929
"MARCH11",1.081,0.139817554923677
"SLC4A11",1.058,0.139853463322435
"TMEM229A",0.953,0.13986621377868
"PTPN14",1.138,0.139951904328231
"MCF2L",0.912,0.139951958858488
"WDR63",0.943,0.139954075132994
"MTMR15",0.807,0.139976648253166
"EPHA3",0.94,0.140043802547861
"GTPBP5",0.835,0.140051219445214
"HIST1H2BE",1.105,0.140203377251124
"LGMN",0.852,0.14037605438688
"C3orf42",0.881,0.140395100831106
"REXO2",1.23,0.140407394096291
"DMRT3",1.058,0.140414007012478
"CRYGS",0.909,0.140501702406647
"DNMBP",1.173,0.140505142080767
"ZAR1",0.837,0.140578573780496
"CCNT2",0.789,0.140636192487634
"PSG1",1.067,0.140674604185886
"FAM149B1",0.785,0.140706453436032
"AKT2",1.246,0.140731982807027
"CSPG4",1.098,0.140735451823117
"ETV4",0.929,0.140748512418595
"MARCH6",0.847,0.140756555496451
"ARHGEF37",0.916,0.140819696662176
"LPHN2",1.097,0.14092753863552
"ZNF667",0.936,0.140940079735791
"RUNDC3B",0.918,0.140971353254111
"MOSPD1",0.863,0.140998199970186
"TAF8",0.808,0.141079557258655
"PDE6A",0.922,0.141098959494765
"ACSM1",0.931,0.141142394866097
"HS3ST3A1",1.087,0.141296691988653
"GLIPR2",0.905,0.141310036867821
"KHDRBS3",0.929,0.14133042313339
"ARFGAP2",0.754,0.141412213599684
"ITLN2",0.95,0.141459264904744
"SYNPO2",0.919,0.14146250474989
"MBL2",0.721,0.141536768049168
"RAMP2",0.893,0.141576453766075
"REPS2",0.903,0.141593394262901
"KLHL3",0.899,0.141650246183113
"RABL2B",0.846,0.141669998875003
"REEP2",0.926,0.141802986595618
"CELF3",0.956,0.141832725144086
"TBCCD1",1.216,0.141833274482689
"LARS2",1.275,0.141933198459265
"MYH14",0.905,0.141940686587125
"SOX14",0.936,0.141968424567419
"STEAP4",0.938,0.142011853002643
"CRYBA1",0.654,0.142028619877333
"ARHGEF18",1.215,0.142180527749302
"SNORD115.26",1.389,0.142185362630274
"EIF2AK1",1.269,0.142209669487928
"TTYH3",1.143,0.142268559501124
"ZSWIM2",0.641,0.142377461076664
"MYL6B",1.166,0.142431183239941
"PHLDB3",1.14,0.142486963280247
"C16orf91",1.19,0.14251814353673
"C20orf26",0.939,0.142528273185059
"WHAMML2",0.907,0.142563458002873
"NACC1",1.199,0.142565863915791
"ADCY7",0.889,0.142569231409587
"GPR63",1.094,0.142611565317727
"LIN7A",0.922,0.142654944246249
"SAMSN1",0.917,0.142774004033195
"TRIM23",0.838,0.142801201931633
"ZNF416",0.828,0.142804410908071
"A2BP1",0.935,0.142849461910405
"C13orf26",0.926,0.142930026066817
"APC2",1.087,0.142943384760932
"CAB39",1.256,0.142977332310932
"KRT222",0.835,0.142999677886432
"SPTA1",1.094,0.143025469334747
"ELF3",0.889,0.143030416652299
"ATP1B3",1.172,0.14304282645742
"C12orf49",0.858,0.143089918954087
"PCDHGC5",1.083,0.143102731846706
"MYLK4",0.904,0.143212947783892
"KDR",0.918,0.143246015745111
"MRPL21",1.169,0.143385828051194
"SNX2",0.803,0.14349092940918
"MTMR6",0.843,0.143509851365423
"RNF19B",0.827,0.143592915228818
"MRPL9",1.223,0.143689047992715
"PUS1",1.169,0.143781016097376
"ADAMTS20",1.061,0.143796372608855
"FRG2",0.868,0.143830864125741
"ZMYM3",0.817,0.143859650762437
"IL8",1.063,0.143889320728989
"NT5C1B",0.879,0.143905409949481
"PRRX2",1.057,0.144035574548895
"C7orf65",1.185,0.144125445135974
"SLC25A19",0.848,0.144149311330537
"DHX32",1.168,0.144155826564555
"ACTA1",1.077,0.144192960672702
"HMX2",1.092,0.144199401096669
"MLF2",1.211,0.144234572770853
"DCAF16",0.822,0.144254619159672
"C14orf176",1.095,0.144306345785251
"ADCK5",0.898,0.14434547330786
"EIF2B1",1.306,0.144543639664749
"HDHD2",0.82,0.14462642419039
"FOXK2",1.25,0.144647743605771
"C3orf27",0.711,0.144664419633366
"MPO",0.911,0.144820480838008
"BAP1",0.777,0.144823480727293
"NUP35",1.228,0.144959560025856
"LEMD3",1.224,0.144960323358046
"MID1IP1",0.878,0.144967490637356
"C16orf71",0.925,0.144994224500367
"ZNF681",0.892,0.145025549513694
"UBA1",1.258,0.145060363420364
"NANOS2",1.26,0.14508147346143
"C1orf157",0.704,0.145179628296134
"TCP11L1",1.165,0.14522877160042
"U2AF1L4",0.861,0.145240157019579
"KIAA0226",0.837,0.145256015451712
"FAM27A",0.921,0.14529110192902
"BBS9",0.84,0.145333840703232
"IL17RE",0.915,0.14544538077651
"FAM187B",0.8,0.145447335264445
"SF3B1",0.739,0.145468862997015
"C3orf1",1.235,0.145493367814243
"GNA12",1.197,0.14552540075563
"TRMT6",1.193,0.14558293071425
"CR1L",0.92,0.145587980668678
"HSPA6",1.084,0.145719727690976
"SERPINI2",0.925,0.145720052378803
"LYZ",0.94,0.145729065435123
"ITIH3",0.925,0.145745683712448
"RPAIN",0.84,0.145762431404357
"TBL1XR1",1.271,0.145857333846529
"RSBN1",0.818,0.14586576788293
"HOXC12",1.075,0.145955473998021
"LRP6",0.875,0.146012956125349
"PRKAR2B",0.92,0.146073788386131
"RGR",0.636,0.146090432931011
"KRT39",0.92,0.146135595285365
"GPR173",0.917,0.14614279375189
"LPA",0.864,0.146187242141436
"TCEA1",1.191,0.146212464203167
"FAM117B",0.836,0.14623840706641
"EXTL3",1.161,0.146256458059905
"DMXL2",0.863,0.146362222074445
"HMGCS1",1.131,0.146432808333507
"IDH2",0.868,0.146448905898188
"KIAA1009",0.85,0.146618982626131
"TMEM198",0.905,0.146653550880538
"SLC22A3",0.953,0.146706859634895
"WLS",0.916,0.146714945833532
"PTGIR",0.899,0.146734344729372
"PDE3B",0.919,0.146747666732281
"SPAG1",1.12,0.146774415289582
"HAUS2",1.268,0.14686326931226
"LOC442454",1.167,0.146908209866433
"GCFC1",0.83,0.146916765995916
"C1orf51",0.928,0.146955625199687
"LOC100271836",0.88,0.146962195468478
"FGF3",0.784,0.146977355478106
"DDX58",1.145,0.146997638370724
"PKD1",0.885,0.147168014708845
"VASH1",0.895,0.147173186072643
"CLDN16",0.929,0.147216800525118
"RPL22L1",1.11,0.147228189728016
"ACP1",1.271,0.14724214967912
"CAPN9",0.958,0.147256163747633
"GPKOW",1.254,0.14731933702312
"MRPL22",1.191,0.147337457339361
"KIAA1737",0.807,0.14736332435133
"C5orf49",0.949,0.147555310671989
"APOA5",0.911,0.147568287957562
"YTHDF2",0.739,0.147580639542458
"CDC20B",0.953,0.147600725166329
"EVC",0.882,0.147612428498626
"MAGEA5",1.091,0.147791514285401
"CLNS1A",1.246,0.147823623277232
"DNMT3B",1.078,0.148001753712235
"WNT6",1.088,0.148094637722091
"GJA5",0.915,0.14826180893686
"ACAA1",0.838,0.148294644126664
"SERPINB6",0.852,0.148309889630366
"CPNE8",1.133,0.148345937753886
"PRSS23",1.106,0.148410148639552
"PRODH",0.953,0.148436464826948
"CYP26C1",1.124,0.148441683845664
"AGRP",0.926,0.148450856782378
"GZMH",0.931,0.148476486189216
"VPS26A",1.26,0.148545124850759
"AIM1",1.087,0.148554316156242
"RSL1D1",1.231,0.148931346924727
"ZNF484",0.871,0.14905585767515
"STX10",0.842,0.149088344287282
"C14orf153",1.198,0.149107690329449
"C1orf182",1.078,0.14912963973134
"ELP3",0.829,0.14913435822231
"OAS2",1.098,0.149193299174946
"HSD17B2",1.041,0.149203312458678
"MGC27382",0.919,0.149216366783697
"UGT1A3",1.068,0.149225636673019
"PPME1",1.24,0.149369500540585
"ZNF445",0.849,0.149392989457915
"USP40",1.194,0.149541491476167
"CAD",1.145,0.149624456009097
"SPATA20",0.865,0.149649222390052
"UCHL3",1.184,0.14965916077146
"BAMBI",1.058,0.149687228732954
"TSPAN19",0.956,0.149702605210292
"MED4",0.792,0.14976658576347
"C7orf53",0.908,0.149853599294579
"KAZALD1",1.095,0.149899272394958
"JAZF1",0.88,0.149936246412869
"NPHP4",0.862,0.14993765749777
"VARS",1.192,0.149963091194168
"THUMPD3",1.324,0.149998892653103
"NXF2B",0.885,0.150081813834399
"GRIK4",0.92,0.150100060159925
"C21orf96",0.876,0.150109200504527
"ODF3",1.198,0.150121713684
"LOC399744",0.897,0.150131516576124
"WWOX",0.874,0.150205498990524
"SNORD116.4",0.949,0.150231217626735
"PCYT1B",0.933,0.150241570166354
"GPR50",0.894,0.150242943569451
"SPATA1",0.87,0.150317221373108
"FAM199X",1.198,0.15033885395164
"SLC13A3",0.94,0.150452563484312
"CHRNB3",0.822,0.150484539004545
"NAA20",1.173,0.15049769547112
"MORF4L1",1.258,0.150610160814023
"HNRNPUL1",1.282,0.15061666389043
"S100A12",1.067,0.150625581779002
"CSRNP3",0.926,0.150643268821749
"UBE2NL",1.09,0.15065345212774
"GPR27",1.077,0.150659617366528
"AQR",1.257,0.150742046424412
"LRSAM1",0.832,0.150783449658488
"PSMD9",1.241,0.150801159694799
"GTF3C2",1.294,0.150903380840416
"CYC1",1.139,0.150907727253322
"RBKS",0.875,0.150938215504434
"C7orf57",0.949,0.150973628276781
"RUFY4",0.944,0.15099122914374
"WRB",0.838,0.151014401418129
"ARHGAP33",0.923,0.151017015191767
"ADPRHL1",1.095,0.151057979002537
"PRPF39",0.837,0.151085008757325
"BMP2K",0.873,0.151093291407625
"KIAA1751",0.942,0.151145529913805
"CD8A",0.928,0.151205315174569
"HIST1H2AE",1.05,0.15124707261796
"CSF1",0.914,0.151273170411266
"RABGGTB",0.817,0.151292879934262
"MRO",1.083,0.151474139653036
"PNMAL2",0.922,0.151489202864256
"DDX28",0.813,0.151499326589644
"MORN5",0.953,0.151502238474429
"DZIP1L",0.922,0.151523648616735
"HUS1",1.275,0.151550685027072
"CNTNAP5",1.092,0.151617349591062
"LOC100288778",0.886,0.151636922513217
"LRRTM2",0.906,0.151651862007673
"MESP1",0.93,0.151697687352627
"DCAF15",0.816,0.151706316876267
"ELK3",1.12,0.151775507468433
"SEC13",1.258,0.151813170573958
"INTS12",0.769,0.15183264288157
"MAGI2",0.89,0.151967911880177
"CNGB3",1.054,0.152115686745631
"SPTBN2",1.112,0.152146733023499
"CES1",0.951,0.152152862997162
"CC2D2A",0.889,0.152177746164521
"KDM1A",1.246,0.152183847262131
"POMC",0.931,0.152236077806084
"VWA1",0.888,0.152243447626545
"RRAGA",0.776,0.152264101833729
"MACC1",0.925,0.152324141705431
"WSCD2",0.929,0.152325756094987
"C11orf46",0.787,0.15239168558123
"EML5",0.884,0.152401073101029
"FAM48B1",0.712,0.152472496282188
"SNAPC1",1.182,0.152500712160307
"PGAP1",0.878,0.152509008318557
"LOC168474",0.906,0.152522466027542
"CRIM1",1.116,0.152556660106663
"ATP5G2",1.201,0.152565215841139
"DLGAP2",0.913,0.152565851225498
"NHEJ1",1.258,0.15257158771334
"GOT2",1.227,0.152574295764186
"HBB",0.952,0.152620627426613
"NR4A2",1.071,0.152853945654102
"ACVR2B",0.864,0.152862403679249
"NBEAL1",0.909,0.152862834404347
"C14orf48",0.612,0.152927667880596
"DDR2",0.929,0.153062985789113
"MID1",1.112,0.153091498858021
"NCRNA00111",0.577,0.153093205487252
"CNTROB",0.849,0.153178972016408
"FNIP1",0.816,0.153181055192676
"ZFP106",0.86,0.153225152131507
"C11orf84",1.174,0.153307858199395
"BMP7",1.049,0.153339400636143
"PCDHB2",1.073,0.153377534062027
"RP1L1",1.07,0.153407289729081
"PDIA2",0.956,0.15341081233942
"C2orf68",0.815,0.153415011917627
"OSBPL6",0.936,0.153456668743584
"C9orf172",1.097,0.153501281232167
"GLP1R",0.931,0.153560743713688
"DUSP12",1.248,0.153561020733179
"HBA1",0.964,0.153647161532285
"HEXDC",0.89,0.153664442485968
"SSX2IP",1.124,0.153768582068957
"CPD",1.104,0.153771637803122
"LRFN5",0.917,0.153807516581303
"ZBTB41",1.207,0.153824090135489
"ZNF814",0.858,0.153827127863193
"POMP",1.196,0.153831083039918
"TSHZ2",1.075,0.153899774205523
"ZNF329",0.874,0.153941901244702
"NCK1",1.181,0.153945974286642
"ZNF721",0.8,0.154015582114136
"VPS11",0.76,0.154047203059634
"SSTR2",1.08,0.154080849813987
"EHHADH",1.154,0.154092169803815
"AKAP9",0.858,0.154100795735614
"FBXL8",0.914,0.154193258652587
"SMTNL2",0.933,0.154223863764158
"SBF2",1.126,0.154226798137737
"OAF",1.124,0.154233177506938
"MRPL16",1.244,0.154282651655512
"ANKRD16",0.835,0.154438799525526
"PLEKHO1",0.892,0.154441934438732
"FHOD1",0.881,0.154476017372312
"EBNA1BP2",1.235,0.154490897667038
"A4GNT",0.898,0.154545780061532
"RHBDF2",1.15,0.154623435167878
"CACNA1C",0.92,0.154632587569499
"OPRK1",0.957,0.154714395779474
"MYL3",0.909,0.154810578999495
"GSTT2",0.941,0.154823544197321
"AGPAT5",1.16,0.154863834925326
"KDM2B",0.807,0.154875637391283
"C2orf49",1.203,0.154913293401729
"LOC100272228",0.928,0.154914943102282
"FAM155B",1.054,0.154946827985569
"TAT",1.075,0.154970917093299
"AP1S1",1.173,0.155047381471785
"LYST",0.884,0.15509214717145
"ZCRB1",1.25,0.155149262413069
"CNTN4",0.933,0.155188840472377
"SLC5A1",0.964,0.155247308221739
"SAMHD1",0.91,0.155288862726263
"CYP7A1",0.827,0.155303653175432
"CHMP6",0.84,0.155304507813275
"SDHAP1",0.893,0.155352335304122
"ADRB3",0.924,0.155356883930667
"PTCD3",0.789,0.155377881732505
"CD70",1.068,0.155529540366916
"BCAS2",1.23,0.155543230666016
"PLK2",1.106,0.15559873420227
"NPM3",1.14,0.155598882826005
"SLC41A3",0.804,0.155606688006343
"CSTF2T",1.282,0.155616187497394
"GPR45",0.844,0.155747824189545
"STAMBPL1",1.132,0.15575312896496
"NCRNA00167",0.884,0.155776200930104
"H2BFWT",0.802,0.155782019739391
"MYCBP2",0.87,0.155938960220411
"LBXCOR1",0.887,0.155946521852024
"NDUFS1",1.226,0.1559497522246
"OR52K2",0.692,0.156085067535778
"ARID5A",0.876,0.156110208914663
"OTOP3",1.231,0.156113401369986
"COL8A2",0.932,0.156122991165005
"IFT88",0.841,0.156205553169023
"LY6G5B",0.913,0.156242677554082
"C8orf86",1.263,0.156246102362644
"LOC152225",1.067,0.156286236920476
"SYCP2",0.949,0.156311533098021
"AP1G2",0.879,0.156423939955282
"ACSF3",0.841,0.156425449409359
"TRPM5",0.938,0.15650910520678
"ENDOU",0.899,0.156524471622005
"SLC9A6",0.833,0.156525980650399
"ITSN1",1.188,0.156715307583918
"C11orf83",1.138,0.156805442177642
"DCT",0.868,0.156863118354646
"ZNF878",0.906,0.156934116638357
"HINFP",0.797,0.156941433949328
"SNRK",0.819,0.156957170195717
"RASAL1",1.07,0.157003591916098
"FN3K",0.885,0.157034631708481
"CEP63",0.764,0.157039783466003
"NTF4",0.933,0.157145104386458
"MAEL",0.951,0.157351178334459
"BBOX1",1.052,0.157450657243229
"MIB2",0.884,0.157487795952168
"ANO7",1.116,0.15751867246348
"C14orf64",0.943,0.157609546407985
"WASH3P",0.86,0.157618685834323
"OR52I2",1.35,0.157653696308901
"AAAS",1.257,0.157655529980826
"CHAC1",1.099,0.157807554106477
"NRBP1",1.286,0.157820082501693
"TLR6",1.104,0.15782295525011
"RPS19",1.133,0.157826551877221
"RTN2",1.116,0.15783923083743
"NRM",1.138,0.157858578312986
"CYFIP1",1.265,0.157957673445466
"NETO2",1.102,0.158041410800391
"C9orf21",0.85,0.158072211399278
"EDC3",1.268,0.15817090653147
"C6orf89",0.784,0.158251144935624
"CYP2D7P1",0.934,0.158264836656001
"GYPE",0.918,0.158400849983137
"RB1",0.85,0.158415930178239
"PAFAH1B2",1.152,0.158465635870682
"LOC284551",0.926,0.158515486858198
"LOC100133920",1.495,0.158535086112204
"MPHOSPH8",0.823,0.158567625841822
"MRPL54",0.87,0.158571630177578
"LOC285593",0.893,0.158592338274908
"EMG1",1.146,0.158633220491994
"AWAT2",0.917,0.158763912216364
"NCSTN",1.235,0.158789003643571
"TPST2",0.838,0.158837469787414
"TIMM8A",1.182,0.158838683724124
"TLE3",0.836,0.158841562585054
"EDEM3",1.194,0.158854826942778
"ZNF137",0.881,0.158863326792551
"HHIP",0.963,0.15887098098756
"APBB1IP",0.912,0.15890231595395
"C6orf106",0.811,0.159097955995317
"POU2F3",0.937,0.159157204597299
"CXorf41",0.949,0.15920688390265
"ZNF514",0.882,0.159241608322509
"STK36",0.875,0.159244007455065
"RPUSD1",1.176,0.159266882918075
"C1orf89",0.872,0.159347362968041
"CAPN10",0.877,0.159363690291303
"IQCJ",0.569,0.159363940772897
"CBWD6",0.88,0.159385706798565
"USP19",0.789,0.159515120885331
"RC3H1",0.787,0.159522392240793
"MBD4",0.794,0.159538944576791
"C2orf62",0.943,0.159554402474645
"MMRN1",0.94,0.159557577817506
"TRAF2",1.161,0.159665211100477
"SP140",0.916,0.159719154787373
"C1orf91",0.861,0.159795835768175
"DDAH1",0.887,0.159799695496525
"C17orf93",1.066,0.159898694161093
"CHRNE",0.911,0.159929358537301
"H2AFV",1.247,0.159946324731634
"LRRC41",0.755,0.160037575356389
"POLR2K",1.176,0.160104145785876
"LCAT",0.907,0.160113641150563
"FAM19A1",0.867,0.160188880341141
"DSCR3",0.785,0.160194567779681
"SMPD4",1.239,0.160322561510787
"OR2B11",0.72,0.160332240661415
"MYO1C",1.208,0.160340094488857
"JMJD4",1.197,0.16036307336464
"C8orf44",0.867,0.160374572777198
"LOC728276",0.785,0.160391328269307
"QARS",0.77,0.160426708972618
"PTBP2",0.879,0.160431863832238
"SPDYE6",0.907,0.160453016148309
"PPIAL4D",1.152,0.160468287774335
"CYBRD1",0.921,0.160490534543493
"CEP120",0.838,0.160520000900043
"NDUFB3",1.199,0.160554449010247
"GRSF1",1.285,0.160555598113484
"ADRA2C",1.06,0.160641359133386
"STX1A",1.08,0.160762741986984
"PCSK1",1.032,0.160768902928183
"XRCC3",1.138,0.160782095159682
"ZNF140",0.801,0.160818245838435
"NDUFAB1",1.2,0.160831039652551
"CSTB",1.132,0.160998738278913
"LOC389791",0.916,0.161018330772544
"FAM138F",0.865,0.161022849779833
"A1BG",0.931,0.161039489262513
"ABTB2",1.104,0.161058674395372
"HOXB5",1.071,0.161141181695175
"DYNC1H1",1.21,0.161159754968095
"LOC100129066",0.918,0.161261249326297
"C19orf38",0.913,0.161263429632979
"POLR2H",1.176,0.161325705102161
"BAT2L2",1.183,0.161455635517076
"GPR180",1.162,0.161460796883939
"STX12",0.789,0.161469292555999
"KLRC2",1.064,0.161547169616071
"TTC4",1.287,0.1615524897012
"FLJ43390",0.909,0.16162161388425
"DAB1",1.118,0.161843930050969
"APOD",0.952,0.161845201935456
"DSPP",0.779,0.161853196400087
"GABRR2",0.902,0.16190398014635
"CFHR4",1.198,0.161939929949216
"MXD3",1.149,0.162060542186807
"GNPAT",1.272,0.162123205973689
"ZNF282",1.248,0.162158424741195
"SLC35A2",1.173,0.162211120175592
"DRD5",0.92,0.162255586844246
"MPDU1",1.178,0.162398350855367
"FBXW4",0.86,0.16247051756553
"LIMS3.LOC440895",0.93,0.162578584174857
"PCDHB18",0.9,0.162625494086395
"GLOD4",1.279,0.162672833186837
"LOC100132724",1.103,0.162677439220491
"C6orf27",0.918,0.162747857197624
"GAST",1.133,0.162777246718788
"RSPH6A",0.862,0.162780992628326
"C2orf27A",1.125,0.162814657273939
"GREB1",0.943,0.162887376619725
"AP1B1",0.809,0.162899936543748
"ASPG",0.959,0.162968414073156
"S1PR5",1.083,0.162983721551599
"BCOR",0.862,0.162988140842103
"ZG16",1.07,0.162989666220082
"COX6B1",1.142,0.163007424505166
"ISG20L2",1.249,0.163035518153137
"ACTC1",0.929,0.163071620447249
"PLXNB3",0.954,0.163080248005179
"DRD2",0.935,0.16311448755604
"GSTCD",1.176,0.163122499543521
"SYT3",0.945,0.163131603991793
"LOC90834",0.916,0.163162426257648
"EXTL2",1.163,0.16317116784324
"MNX1",1.054,0.163190057755891
"CATSPER4",0.722,0.163262497087984
"ZNF628",1.18,0.163315647035728
"BEST1",0.903,0.163339224498473
"IL28B",1.286,0.163366964528951
"SIKE1",1.239,0.163396842271978
"NR2C1",0.808,0.163428915304902
"C20orf144",0.81,0.163429404359987
"KIAA0427",0.863,0.163433023867958
"SLC35F4",1.141,0.163482595260701
"MYH3",0.922,0.16351124725207
"PAGE4",0.849,0.163632256717338
"FAM160A1",0.895,0.163700163584253
"CACNA2D3",0.933,0.163740863539091
"CYP2E1",0.943,0.163812657215342
"FAM175A",0.857,0.163884641456291
"GGT8P",0.935,0.163919907304975
"PADI2",0.935,0.16402224189595
"MORC2",1.255,0.164046862157383
"HSPH1",1.166,0.164059170258963
"GABBR2",0.956,0.16409501622989
"WIPF1",0.895,0.164128152426057
"FOXK1",1.143,0.164129306842516
"INTU",0.894,0.164151693168897
"TMED6",0.957,0.164270804609476
"LOC338651",0.937,0.164358047339749
"NBPF22P",0.825,0.164358255105529
"FLJ42627",1.11,0.164376103541244
"FRMPD2L1",0.83,0.164409998528827
"ABCA7",0.902,0.164470381636933
"KLHL21",0.851,0.164482597812835
"ITGA7",0.915,0.164502626117482
"DCTN3",0.826,0.164510096384705
"VRK1",1.148,0.164575399007726
"FXYD5",1.105,0.164617872806356
"NT5DC1",0.827,0.164624520630856
"RGS4",1.07,0.164690913352992
"TMEM120A",0.846,0.164727194949087
"PHLDA3",0.903,0.164740509131006
"CPVL",0.93,0.164753790421414
"FMO6P",0.919,0.164754514168415
"NAP1L6",0.932,0.164757204118395
"GAS2L3",1.084,0.164772851277842
"RNF181",0.855,0.164919028627087
"MAPK4",1.043,0.164959560480875
"CHN2",0.92,0.164976583741297
"SPEF1",0.946,0.164987661566138
"ZNF37A",0.878,0.165027013513125
"CTPS2",1.201,0.165049334904661
"CNRIP1",0.897,0.165054855887016
"WDR34",1.153,0.165106241523826
"AKAP13",0.887,0.165155056738675
"MRPS31",0.791,0.165203965133021
"GUCA1A",1.068,0.165257926533786
"SRL",0.915,0.165311199517218
"LAPTM5",0.915,0.165469853939218
"C4orf33",0.867,0.165500058377629
"IRS1",1.084,0.165519650374232
"ABHD11",0.888,0.16555678855204
"ATP9B",0.855,0.165603535050337
"CALCR",1.062,0.16565910240041
"ANKRD45",0.949,0.165685268894784
"SLC16A14",1.051,0.165742995047218
"TTC33",0.842,0.165869290174932
"PTPRB",0.91,0.165947929656214
"TIPRL",1.23,0.165991295212013
"C17orf69",0.892,0.166045502888231
"NPY6R",0.876,0.166055507131371
"PATZ1",0.825,0.166087707560799
"HPCA",0.923,0.166096735738504
"PLK1S1",0.849,0.16611476803365
"BRD8",0.815,0.166140621810689
"PCGF2",0.869,0.16618272072356
"NAP1L3",0.919,0.166204740107049
"TMEM80",0.888,0.166324293931814
"DMRTA2",0.963,0.166347848616218
"WDR38",0.96,0.166353133978919
"XKR5",1.084,0.16635655718461
"NCRNA00174",0.912,0.166473153209076
"LYPD6",1.049,0.166501214775187
"C7orf61",1.103,0.166532358894847
"FAM9B",1.073,0.166560819300796
"LOR",0.812,0.166597099459162
"C9orf3",0.869,0.166701118633767
"C10orf90",1.066,0.166777165805804
"ZNF826",0.942,0.166777515853184
"LRRC50",0.951,0.166906015511813
"CLEC4M",0.912,0.166928141731096
"KIAA1671",0.877,0.166975246682184
"KCNK2",1.058,0.166977016493564
"SP1",1.271,0.167062309092865
"MPDZ",0.897,0.167351977448557
"DOCK5",1.087,0.167424198461559
"MESTIT1",0.882,0.167474441059424
"PAK7",0.91,0.167481701801429
"SRI",0.865,0.167497182363783
"CDK17",1.243,0.167536799636444
"ANGEL2",0.783,0.167595745691084
"FBXO6",0.883,0.167654823168892
"SEPT3",0.944,0.16771914889569
"MAMSTR",0.918,0.167761560871509
"FGF19",1.039,0.167778280711701
"MBD3",1.201,0.167826247776649
"MSL2",0.804,0.167912109171854
"MMP3",1.045,0.167929815243831
"SALL3",0.937,0.167931904670544
"KCNH4",0.914,0.167951078066668
"PRX",0.918,0.168089255048996
"ABCB11",1.085,0.168213253722264
"FAM119B",0.858,0.168227283788698
"FBXO30",1.22,0.168259402927406
"PXDNL",1.073,0.168268996847891
"LOC100192379",0.809,0.168295426552818
"MPP2",0.934,0.168301698131229
"UGT2B4",0.95,0.168358621471419
"SIN3B",0.84,0.168394065113975
"ZC3HAV1",1.265,0.168440593560564
"SEPN1",0.831,0.168460050102361
"LTBP1",1.101,0.16851138702516
"ASS1",0.927,0.168540755192028
"PHF21B",1.079,0.168552402557005
"GTF3C5",1.225,0.168615761797408
"C11orf94",1.493,0.168631132384753
"GPR89C",0.903,0.168652229436472
"SPRYD5",0.821,0.1686572473974
"GYPC",0.9,0.168672789222896
"FBXO48",0.85,0.16869397737276
"HMGCS2",0.963,0.168776509766763
"SLC22A13",0.837,0.168886721849093
"EIF4EBP3",0.905,0.168941008192804
"SERPINA6",0.933,0.168975346762417
"KIAA0664",1.163,0.169053101400367
"ODF4",0.665,0.169075765924124
"GTPBP2",0.827,0.169079703857583
"C4orf22",0.931,0.169099756609894
"WDR5",1.247,0.169102436695276
"GZMA",0.932,0.169107256008132
"ODF1",0.756,0.169115651778866
"GUCY2D",0.926,0.169181421675269
"ASB13",0.836,0.169209343606239
"KIF3A",0.86,0.16922226488206
"SLC25A28",0.79,0.16924254483255
"VAMP4",0.792,0.169289949625728
"PILRA",0.921,0.169350054723195
"MARCO",0.956,0.169391369712645
"TRPM7",0.819,0.16949352370746
"RBM12",1.325,0.169543738382932
"NUDCD2",1.203,0.169564199047423
"CD36",0.937,0.169625255760491
"ACBD6",1.228,0.169740963454725
"SMC3",1.19,0.16975354064525
"CUZD1",0.916,0.169764615323807
"C3orf33",1.175,0.169808978616301
"LOC221710",1.179,0.169825059172616
"GABRG2",1.05,0.169850946212698
"ALDH18A1",1.199,0.169856111389917
"A1CF",1.066,0.16985690498949
"PRMT1",1.209,0.169893488313794
"MYH15",1.066,0.169899556101078
"NCR2",0.772,0.169903034043585
"DUSP10",0.9,0.169919815121411
"HES2",1.06,0.170068119494941
"TMEM111",0.82,0.170082819983752
"SP3",1.28,0.170114533783175
"PRPH2",0.918,0.170134746483827
"ZNF503",0.896,0.170186409255842
"TNNI3K",0.936,0.170200016968297
"C7orf25",1.193,0.170201101831117
"RIMS1",0.951,0.170277724754426
"PDE1B",0.918,0.170384043681336
"DPPA3",0.845,0.17054665172736
"SLC6A1",0.927,0.17058363381209
"ID3",1.111,0.170621838464311
"LOC151009",0.923,0.170631635685904
"C1orf175",0.937,0.170700105770008
"LOC349114",0.909,0.170795149145032
"SV2C",0.888,0.170839420690657
"TICAM2",1.12,0.170882061376819
"DAD1",1.205,0.17089055228036
"DCAF5",0.803,0.170916482454939
"TUBA3E",1.072,0.171066791877427
"UBTD2",1.215,0.171087384206763
"LY6D",1.033,0.171088357937499
"CDKN1A",1.133,0.171112871270332
"C1orf177",1.102,0.1712620894406
"JUND",0.875,0.17127543983975
"KIAA1984",0.94,0.171278803181952
"IL1RAP",1.1,0.171424886328654
"C19orf45",0.937,0.171605048642998
"NPAT",0.836,0.171619210093555
"POLDIP2",1.263,0.171639708757234
"STAT4",0.91,0.171640265589023
"BTAF1",0.861,0.171735430135987
"C1QTNF9",0.924,0.171773817639092
"GNB1L",1.128,0.171833649975922
"RELN",1.052,0.171840343972065
"SLC9A11",0.915,0.171841682483619
"GCNT7",0.853,0.171880314017327
"LOC728819",0.936,0.171964371505192
"CCDC56",0.874,0.171982654440428
"ADAMTS12",1.06,0.172103264661194
"CCDC21",0.862,0.172113381337255
"PHLDA1",1.092,0.172131071342631
"DIS3",1.257,0.172146154290103
"AGBL3",0.897,0.172196543329521
"GPR21",0.901,0.17220596526338
"PLXNA3",0.891,0.172218382785433
"LIG1",1.165,0.172237985539399
"EAPP",0.843,0.172246473217832
"PCDHA13",1.052,0.172264628243151
"MCOLN3",0.948,0.17236280498463
"DEM1",0.838,0.172393709469439
"TEAD1",1.172,0.17241328423
"LOC100128288",0.903,0.172514104501074
"GRN",0.85,0.172569310553571
"HS1BP3",0.836,0.172607630230962
"MTCH2",1.243,0.172649132111414
"SGTB",0.856,0.172673047404674
"SART1",1.202,0.172677592054034
"IVNS1ABP",0.825,0.172678137665226
"SCNN1A",0.926,0.172693003463732
"ATP13A3",1.161,0.172700134599985
"CAMK2G",0.823,0.172780225927614
"COX4NB",1.222,0.172834395596353
"HDLBP",1.231,0.17283601810338
"FAM95B1",0.941,0.172849313234562
"SLC27A6",1.062,0.17285244903827
"TMEM176A",0.924,0.172880025503271
"CHCHD7",0.859,0.172932347335439
"CLUAP1",0.844,0.173120293768731
"C5orf42",0.88,0.173134000792865
"DSE",1.111,0.173267416603468
"GLRX",1.104,0.173278121009536
"ZNF33B",0.857,0.173418540002509
"TOMM70A",1.26,0.173493851808518
"MAMDC4",0.938,0.173553606205542
"APOC1P1",0.871,0.173631826631013
"ZNF195",0.844,0.173657886404249
"TMEM232",0.949,0.173777091361048
"PRPF38B",0.783,0.17386035591809
"MST1R",1.106,0.173886318377056
"CST3",0.895,0.173966520958213
"ANKRD5",1.145,0.173989406540489
"ORM1",0.964,0.174075358704937
"UBE2N",1.208,0.174075600373236
"APRT",1.148,0.174136198471272
"CASC2",0.897,0.174157127117629
"NCRNA00113",0.813,0.174166174706997
"ARPM1",1.124,0.174176973407166
"TOLLIP",0.814,0.174235294174557
"HAND2",1.086,0.174242502156258
"ATHL1",0.944,0.174269886606476
"FUZ",0.876,0.174307310120106
"PCSK2",0.974,0.174326613373459
"CDR1",1.075,0.17435632918796
"GNL1",0.806,0.174522667938967
"TTN",0.909,0.174524468971105
"RAD21",1.163,0.174676535045746
"CDSN",0.941,0.174696404515613
"FSTL1",1.106,0.174703581021719
"SPATA24",0.873,0.174756496660896
"PELI2",0.92,0.174831059363421
"PIK3R2",0.827,0.174845737349385
"THAP2",1.143,0.174981748131786
"FAM166A",0.901,0.175074439979759
"RPP14",0.751,0.175096127479141
"TAOK2",0.846,0.17513320556744
"PADI3",1.037,0.175174637290217
"RFX3",0.91,0.175360273116809
"TSPAN8",1.039,0.175498592637941
"ZNF860",1.121,0.175568486808953
"ATP6V0B",0.86,0.175658890695015
"ZNF107",0.873,0.175680021566585
"KHDC1L",1.043,0.175734293205681
"IGLL3",0.857,0.175739904338273
"FAM171B",1.081,0.175776769565598
"HAS1",1.054,0.175833665536815
"FAM173A",1.134,0.17585858483195
"C1orf50",0.815,0.175877384387039
"KBTBD5",0.74,0.175921042097307
"ARAP3",0.88,0.175942545685917
"HNF1A",1.051,0.175991959686131
"CCNJL",0.927,0.175997617049159
"GATC",1.146,0.176015902211541
"HOXD1",0.959,0.176049409867452
"CIT",0.946,0.176064108018334
"CES3",0.953,0.176074548194799
"ARHGAP31",0.915,0.176074834706395
"ZNF692",0.904,0.17609796008824
"LIN28B",1.044,0.176163594794121
"CSNK1A1",1.252,0.176185070633432
"FAM190A",0.926,0.176217789205302
"PDCL3",1.219,0.176250710503795
"IP6K3",0.959,0.176330666812746
"LIPN",0.869,0.176391455126612
"CCDC75",0.892,0.176411950502587
"LIPE",0.914,0.176468967718608
"ZFP1",0.816,0.176476390941738
"RLN2",0.919,0.176479485779064
"C15orf26",0.943,0.176493640574592
"UGT1A7",1.068,0.176534983145944
"KIAA0586",1.213,0.17661643943932
"LRIT3",0.913,0.176663877339059
"C2orf64",0.827,0.176715778245625
"FBXO32",1.085,0.176787570056521
"FAM55D",0.917,0.176825560579225
"GSDMD",0.883,0.17683759809145
"HARS",1.298,0.176838902278145
"MSTN",0.915,0.176926014872729
"CCRL2",0.918,0.176973350072807
"MLLT4",0.859,0.177014596059371
"PROCA1",0.91,0.17713308393371
"TSEN54",0.827,0.177203499657729
"ENDOG",0.872,0.177274879271231
"RPL4",1.181,0.177322971877986
"PRR13",1.237,0.177392166253413
"CYP7B1",0.92,0.177428551504625
"ARHGAP6",0.91,0.177482456935711
"ZNF404",0.918,0.1775156773111
"ZNF793",0.925,0.177525244625724
"WDR54",0.906,0.177597352272665
"NECAB2",1.051,0.177603233660918
"LGALS3",1.122,0.177624760454743
"CENPT",0.886,0.177646932339544
"FBLN7",0.93,0.177659220345599
"ZNF543",0.844,0.177743273368412
"DR1",1.196,0.177775233935854
"KIF27",0.886,0.177845791358537
"GPT",0.947,0.177877876594936
"ATXN7L2",0.875,0.177915082003612
"PIK3C2B",1.116,0.177953214829031
"GLTP",0.815,0.177992339573114
"NAT10",1.242,0.178015802599421
"GTF3C1",1.206,0.17805570135161
"TBX2",0.914,0.17806743476805
"FAM124A",1.109,0.178179370806507
"RPL21P44",0.884,0.178282110556476
"BLOC1S3",1.221,0.178401473058067
"SLC6A9",0.883,0.178403255723324
"C20orf85",0.969,0.178510646380637
"TRIM26",0.807,0.178542852694895
"IRS2",1.077,0.178565021633663
"PUS7",1.156,0.178589653458323
"IPO4",1.152,0.178623188707634
"ZNF559",0.834,0.178677546968199
"UPP1",1.094,0.178705700383413
"PRG2",0.935,0.178738372685155
"GATAD2B",0.831,0.178739741801973
"SSU72",0.793,0.17874447797642
"LOC401387",0.869,0.178750882511408
"IREB2",1.22,0.178771845480203
"ZNF629",0.871,0.178848040487362
"POTEE",1.061,0.178905683949972
"MAS1L",0.829,0.178914960372995
"LPAL2",0.913,0.179163683429011
"RAB2A",1.201,0.179339925170852
"LOC256880",0.897,0.179463782291501
"STARD10",0.899,0.179564940421947
"EXOSC6",0.838,0.179618015468786
"NIF3L1",1.23,0.179675300415556
"NLRP5",1.065,0.179707580595794
"LOC100130691",0.859,0.179721427433869
"XAGE3",0.88,0.179763355496369
"SPRED3",1.097,0.179778164882731
"C16orf79",0.931,0.179786886559136
"RBBP4",0.798,0.179818286203524
"KCNJ4",1.108,0.179825335046608
"IFI27L2",0.917,0.179871047402656
"WDR87",0.954,0.179871084383254
"NFATC2IP",0.802,0.179887348264905
"PML",1.156,0.179975153042119
"PDF",1.167,0.180041477502636
"SIGLEC7",0.929,0.18004685865133
"NOSTRIN",0.926,0.18011186657864
"RFT1",1.268,0.18018265637938
"TRPV6",0.95,0.180199681143037
"ZNF280D",0.817,0.180207147372274
"PI4KAP1",0.908,0.180287553585113
"CTDSPL",0.868,0.180375023111934
"ZNF197",0.821,0.180423044962561
"BCL2L2",0.843,0.180425570591052
"CPEB4",0.863,0.180429431359515
"TOE1",0.804,0.180444179011585
"SYVN1",0.829,0.180478027873352
"TCTEX1D2",1.089,0.180491281427215
"CXorf48",0.912,0.180512724569606
"BPIL2",1.168,0.180550657777651
"PIH1D2",0.909,0.180584091879248
"NCAPH2",0.841,0.180610335006019
"ANKRD26P1",0.843,0.180646005472247
"SP9",1.072,0.180665778569094
"GUF1",1.235,0.18067831935239
"AHCYL1",0.8,0.180689740376795
"ADAP1",1.11,0.180740823939121
"PIH1D1",1.228,0.180773844285616
"SOX5",0.93,0.180852075791652
"TUBD1",0.845,0.180882475066945
"KIAA1279",1.259,0.181030332118189
"LPHN3",1.054,0.181118521240656
"POLK",0.856,0.181136109480502
"ZNF786",0.831,0.181216074671744
"EMR1",0.944,0.18126385605618
"LRRC49",0.914,0.181454757257618
"PTOV1",1.22,0.181477043715823
"APOF",0.901,0.181572823443268
"PHF6",1.19,0.181577029739227
"FAM118A",0.873,0.181698629723812
"ATOH7",0.918,0.181961155814629
"PNMA5",0.95,0.182018187782018
"GGPS1",1.246,0.182057373527075
"TRIM68",0.909,0.182101841024066
"SOX21",1.037,0.182110991404518
"HNRNPH3",1.289,0.182123803147382
"CLCN7",0.858,0.182232116873797
"TXLNA",0.79,0.182447207378908
"LDOC1",1.07,0.182688614542778
"PRO0611",0.822,0.18270575928091
"PL.5283",1.204,0.182804204960208
"MRPS34",1.196,0.18283869607212
"C17orf85",1.189,0.182848714403601
"TSN",1.211,0.182882742153086
"MYH7B",0.928,0.182942630060684
"FAM132A",1.056,0.182962751295725
"CPB1",0.936,0.183084101685412
"METT11D1",0.851,0.183155344052866
"PDPK1",0.851,0.183218096984754
"E2F1",1.086,0.183224087227923
"MSRA",0.892,0.183232901114341
"CEP192",0.872,0.183293766017018
"TAF7L",0.938,0.183304748727653
"ZNF382",0.915,0.183355950676938
"TPH2",0.856,0.183444629807934
"FAM184B",0.94,0.183544189198727
"OR1F2P",1.261,0.183549626978756
"ELL2",1.146,0.183550162927747
"ERC2",0.917,0.183591709812745
"MSX2P1",0.896,0.18360340614646
"SMPD3",0.938,0.183642364608512
"GPR62",0.916,0.183659045524138
"LHB",1.088,0.1837026786287
"ANKRD20B",0.91,0.183705405883469
"POLD3",1.219,0.183707433933688
"C4orf36",1.105,0.183711046530134
"NOB1",1.204,0.183722668926671
"AP4B1",0.852,0.18372367736083
"TMEM50A",0.786,0.183955577682598
"SYNPO2L",0.917,0.183972373041613
"POM121L8P",0.915,0.184012868349298
"PPP5C",1.236,0.18404068532797
"LOC84989",1.072,0.184045177867331
"LOC729467",0.803,0.184254876383177
"KCNQ1OT1",0.92,0.184297893724688
"TAZ",0.857,0.184313674181651
"SPRR1A",1.042,0.184333362062422
"WWC3",0.898,0.184341056101066
"DNAJC11",1.265,0.184489031307759
"CSNK2A1P",1.141,0.184796929246752
"RNF122",0.874,0.184827969294007
"C14orf2",1.16,0.184839583973762
"CLDN1",1.064,0.184905712137695
"C9orf163",0.913,0.184920341267009
"SNRPB",1.144,0.184985333309412
"VDR",0.907,0.185009995338964
"PAPD4",0.792,0.185048692414176
"STAMBP",1.26,0.185132689669556
"DEK",1.188,0.185134231420958
"SERGEF",0.848,0.185138488057952
"CGB",1.05,0.185184005513402
"MYLPF",0.898,0.185190171009054
"SMARCA1",1.119,0.185242017913422
"ELAVL2",1.047,0.185562472306293
"MRPL30",1.226,0.185572803190372
"AHCY",1.16,0.185627397541534
"IL26",0.896,0.185755960123707
"CT45A5",0.94,0.185832969802541
"CYP46A1",0.921,0.185846127491519
"OR2AG2",1.201,0.185894212687729
"ZNF639",1.204,0.185967687256186
"OLFML2B",1.089,0.185979170232045
"UBE2G2",0.816,0.186044404398164
"FABP6",0.957,0.186139299627446
"ZNF426",0.877,0.186151876325678
"PLXDC2",0.917,0.186300511487696
"STX17",1.27,0.18631660514303
"TJAP1",0.83,0.186317382264697
"NETO1",1.047,0.186358439107018
"IL21",0.847,0.186380214605561
"ALLC",1.166,0.186384396284356
"SLC16A4",1.058,0.186398765996989
"ZDHHC13",0.856,0.18645996327442
"MSH6",1.172,0.186472276837144
"PLB1",0.92,0.186472301854091
"LENG8",0.91,0.186555069446991
"IRF6",0.873,0.18662623910811
"CAPSL",0.962,0.186737312721558
"LOC643387",1.231,0.186743064150771
"EXOC1",1.272,0.186786820205028
"NOP56",1.168,0.186807542229113
"ZNF816A",0.856,0.18683831795087
"C2orf50",0.934,0.186862555545459
"FOXE3",1.081,0.186919105067982
"MPP5",1.204,0.18696985302251
"IL9R",0.922,0.186980054322245
"ETNK2",0.93,0.187014301523984
"COQ7",0.822,0.18704634497931
"OR3A2",0.878,0.18707034447877
"CACNA1G",0.942,0.187153747245377
"GRRP1",0.908,0.1871618790106
"NOTCH1",0.897,0.187196313162843
"CCDC28B",0.912,0.1872165988123
"PSG4",1.05,0.187244708002438
"ACVRL1",0.895,0.187289722845963
"UBE2D3",1.276,0.187299006059759
"LOC440563",1.121,0.187414105383038
"TMX3",1.209,0.187473211516935
"DPT",0.942,0.187562356197658
"INE1",0.903,0.187677147360409
"BBC3",0.889,0.187686302466542
"TMEM139",1.048,0.187756028652865
"PLLP",0.932,0.187845765984066
"MAN1A1",0.918,0.187885447356746
"GBGT1",0.893,0.187926698636476
"C9orf171",0.958,0.187970335674663
"GNG10",1.158,0.18802606098498
"AQP1",0.949,0.188053188724977
"GRB7",0.887,0.188098321410251
"PHF8",0.862,0.188142759948008
"RNF150",0.934,0.188289956273911
"MCCC2",1.174,0.188369210344035
"IFNA13",1.277,0.188391340797161
"ELAC1",0.846,0.188455066498925
"SLITRK3",0.939,0.188521640787212
"SLC38A6",0.871,0.188584639902578
"ZDHHC11",0.945,0.188633861388167
"DNAJC5",0.849,0.188696215447014
"HDDC2",1.167,0.188738465035811
"MLF1",0.906,0.188782129058271
"C9orf170",1.124,0.188794737528343
"SNUPN",1.222,0.188801421667929
"ZNF581",1.154,0.188805412128418
"TAF5",1.184,0.189002839903209
"SAMD1",1.206,0.189015051905163
"KIAA1217",0.872,0.189112824634252
"LGALS12",0.937,0.189176354806784
"SLC22A5",1.176,0.189189375140699
"OR2J3",0.685,0.189206415791355
"VBP1",1.177,0.189227518276151
"EPHX3",0.942,0.189245904048596
"BAT1",0.832,0.189290000066889
"TBRG1",0.811,0.189305312513318
"ZG16B",1.039,0.189322400317208
"DPM3",0.91,0.189351820690007
"C20orf20",1.165,0.18948147838169
"KDELR1",1.258,0.189489488643114
"KATNAL2",0.922,0.189489726323315
"HSPA7",0.936,0.189534729527993
"RCC1",1.126,0.189579610825382
"CCDC90A",0.83,0.189594183323446
"MADCAM1",0.923,0.189605526004421
"DSTYK",0.849,0.189665091356194
"RMI1",1.173,0.189672288196536
"TYR",1.268,0.18971146007409
"KBTBD4",0.85,0.189731251514585
"OTP",1.107,0.189762873563213
"MDFIC",1.109,0.189791278354418
"ATP5G1",1.141,0.189933480736454
"WDR74",1.207,0.190060263439329
"ALOX12B",1.066,0.190091461396185
"PROCR",1.105,0.19009403965894
"UGGT1",1.181,0.190107006218341
"BHLHE22",0.924,0.190219860335542
"MDH1B",0.946,0.190301435598917
"MAGEB6",1.121,0.19033611791565
"SLC13A1",0.671,0.190376674384812
"AS3MT",0.923,0.190482140898342
"LAMB2L",0.908,0.190508360702593
"CAMK2D",0.886,0.190614648414389
"CASP1",0.914,0.190663064056898
"DNAJC13",1.204,0.190689660649279
"DEPDC5",0.829,0.190702613536052
"PEG10",0.962,0.190792228776948
"GAGE12D",0.957,0.190902328846791
"CORO2A",0.889,0.190924423954041
"RNPS1",1.284,0.190954431081512
"PAG1",0.913,0.191090833014426
"LOC284023",0.876,0.191166290163864
"LY6G6F",0.777,0.191199429037838
"FLJ40504",1.218,0.191218046166661
"FAM180B",0.873,0.191222145409688
"ELOVL3",1.058,0.191346704009587
"WDR13",0.848,0.191427917572196
"CPO",0.885,0.191440634144741
"TEKT5",0.933,0.191458140367926
"LOC441454",0.897,0.19148812354295
"ERI3",0.813,0.191531463714921
"MADD",0.848,0.191535446271627
"TSTD2",0.842,0.191602442029468
"TRIM46",0.926,0.191666735049395
"POU5F2",0.819,0.191709236073783
"C19orf75",0.655,0.191805019148258
"LIN54",1.247,0.191908589330348
"PASD1",1.053,0.191985688737143
"IL13RA2",0.955,0.192026582309895
"ATXN1L",0.849,0.19208474182388
"ANO6",1.165,0.19210173434054
"FLII",1.209,0.192103102966572
"PSORS1C2",1.059,0.192118539080056
"AES",0.838,0.192138620017753
"ADAMTS3",1.07,0.192197486861842
"TMED2",1.161,0.192271840142828
"DLST",1.24,0.192387555186333
"MNAT1",1.2,0.192708809081554
"FXYD2",1.049,0.192870866333668
"NCK2",1.205,0.19289536667117
"KGFLP1",0.921,0.192955365743598
"BATF2",1.092,0.192999365365084
"CMTM8",0.87,0.193010071619179
"G6PD",1.073,0.193047067810253
"CDH2",1.046,0.193131180419123
"PARS2",0.828,0.193218721103649
"ACSS2",0.888,0.193305409030177
"H1F0",1.144,0.193537227291414
"HORMAD1",1.03,0.193565158146008
"GHITM",1.186,0.193567787514943
"LOC388796",0.888,0.19361778267644
"COL17A1",1.034,0.193633200222842
"VIP",0.902,0.193656762736999
"CHST9",0.968,0.193672731731427
"ANXA1",1.067,0.193703429142846
"POLD4",1.155,0.193715904717579
"UBE2L6",1.115,0.193846165476808
"EIF1AX",1.184,0.193973326154547
"C15orf38",0.855,0.193991305516636
"CCDC109B",1.095,0.194001733944249
"TRH",0.909,0.194012127794147
"DUSP18",0.869,0.194033003540401
"CRAMP1L",0.872,0.194092600162601
"HIST1H2AJ",1.117,0.194137824778607
"RASA3",1.106,0.194159731352819
"KIAA1143",0.786,0.194165074929912
"DCX",1.097,0.194170967783789
"SFT2D3",0.828,0.194348839576312
"PTP4A2",1.222,0.194371509681049
"KRTAP1.1",1.127,0.194427932991554
"DNAH17",0.921,0.194485283871329
"BMX",0.939,0.194515974340094
"AHNAK",1.084,0.19455243412662
"C15orf53",0.883,0.194561450840484
"MMP17",1.058,0.194582389356479
"KIF3C",1.078,0.19459678415973
"UBLCP1",1.185,0.194654376837222
"C21orf57",1.123,0.194695571251444
"KIAA1409",0.914,0.194761384938031
"PUF60",1.177,0.194764936179332
"FTO",0.834,0.19480184571238
"FPGS",0.846,0.194842826381956
"RAG1",1.073,0.194854468352056
"KHSRP",1.228,0.19485490146781
"ZBED3",0.909,0.194965116486824
"NDRG4",0.932,0.194987420276427
"DBX2",1.283,0.195034250943439
"CCDC57",0.884,0.195073973109654
"SPR",1.151,0.195093931587496
"HELZ",0.833,0.195113246568605
"BRWD1",0.827,0.19537706235208
"FICD",0.88,0.195389842684248
"HRSP12",1.143,0.195415430383305
"RNF138",0.845,0.195465746919505
"OTOR",1.13,0.195472807967129
"SLCO3A1",0.914,0.195480659853288
"C21orf15",0.942,0.195496274911919
"PTGER4",0.924,0.195506349711177
"VPS39",0.834,0.195511546129702
"S100A6",1.086,0.195630596835265
"TMEM14A",1.139,0.1957545968606
"KIAA1274",0.909,0.195773674847658
"ART1",1.124,0.19585780824672
"SPDYE1",0.899,0.195893566808272
"RBBP9",0.869,0.195970001690445
"FBXL12",0.781,0.196080547141642
"WDR7",0.839,0.196112982276622
"HIC2",1.104,0.196197519537064
"DENND4B",0.85,0.196201217052548
"PDE1C",0.946,0.19628455211515
"CALCRL",0.921,0.196300467270207
"LOC645676",0.879,0.196314544532179
"FAM46A",0.918,0.196465685476002
"SPP1",1.046,0.196468159147468
"CREB3L3",1.084,0.196490510346982
"TBL1Y",0.926,0.19652468871436
"AGXT",1.077,0.196528305500788
"ZNF318",0.853,0.196555858648378
"MT3",0.947,0.196566617592541
"GGCX",0.88,0.196615819212997
"AGTR2",0.968,0.196670358665391
"ITM2A",0.924,0.196770398622518
"C2orf72",1.043,0.196782228826807
"PKN3",1.127,0.196797303207194
"AGXT2",0.877,0.196858610194723
"ICAM2",0.898,0.19693876546609
"CLDN19",0.885,0.196943996319913
"AP1M1",0.802,0.196967165727175
"POU5F1B",0.933,0.196993879249667
"RPA1",1.253,0.197053010844635
"RNASE10",1.09,0.197142043101467
"GBP1",1.074,0.197182552167411
"C1orf97",1.117,0.197182954429475
"PLA2G10",0.961,0.197217470357078
"MTR",0.842,0.197239070585657
"NLGN4X",1.06,0.197312102767933
"ABCD3",0.853,0.19736427356519
"XYLT2",0.834,0.19741934254481
"CEACAM1",0.924,0.197436548653162
"EEF1G",1.181,0.197586826107657
"RFXANK",0.858,0.197649557630393
"SCN3A",0.954,0.197672629709387
"HES5",0.914,0.197829368959438
"LRRC4C",0.931,0.198069383289086
"PROM1",0.97,0.198073596919449
"ZNF132",0.907,0.198095896686414
"CCL4L2",0.936,0.198135060427379
"NCOA5",0.794,0.198140682890051
"DNAJC4",0.858,0.198171130374948
"MEPCE",1.222,0.198187370421531
"RFX4",0.883,0.198217720099818
"BRD1",0.846,0.198238587455869
"BST1",0.917,0.198297060865895
"SLCO2A1",0.928,0.198302882562995
"ITIH2",1.036,0.198357699025406
"CINP",1.18,0.198381919371223
"SDCBP",1.182,0.198394432040619
"C10orf32",0.865,0.198423446299363
"DDX39",1.14,0.198430531130158
"COPS7A",1.232,0.19850417825877
"CPSF6",1.243,0.19853394674481
"C7orf68",1.073,0.19856897471621
"FAM176B",1.113,0.198572089846556
"GEMIN7",1.149,0.198669533659471
"NEAT1",0.931,0.198671166027987
"CCDC93",0.847,0.198684871691271
"VAX2",1.063,0.198754887249916
"TARDBP",1.397,0.198790712650507
"CYP1B1",0.929,0.198880582163225
"FLJ45244",0.919,0.198966084743204
"MCAT",1.201,0.198976277094794
"UQCRFS1",1.162,0.198997252126948
"MUC12",1.06,0.199003768079076
"CXorf49B",0.956,0.199127481081165
"C12orf45",1.164,0.199159034389979
"TAF1L",0.903,0.199217902140069
"CEP110",0.888,0.199269207226131
"PLCZ1",0.878,0.199271508746572
"DHCR24",0.897,0.199294482091875
"TDRD3",0.837,0.199304043002203
"THRB",1.073,0.199308333314133
"TACR3",1.108,0.199371719754279
"RIPK4",0.897,0.199377457637861
"CCDC129",0.964,0.1993858824697
"CCDC18",1.094,0.199438920830888
"PSG8",1.072,0.199473788262981
"IFLTD1",0.923,0.1995679027553
"LMAN2L",1.216,0.199692040366218
"SHISA6",0.921,0.199785175171798
"AADACL4",0.737,0.199826014178539
"RAD50",1.184,0.199840229091375
"LOC283999",0.748,0.199890436410991
"EIF2B2",1.192,0.199966895557146
"PSMC3",1.238,0.200096261559078
"PLD6",0.89,0.200174615398832
"LOC100129637",0.902,0.200182751367286
"HNF1B",0.952,0.200205326327012
"GDF9",0.898,0.200224922249657
"TNFRSF10D",1.1,0.200257911518364
"NHLRC3",0.815,0.200558456247322
"SEC24A",1.178,0.200576611816281
"JAK3",0.91,0.200702933837521
"VPS4B",1.21,0.200749634475776
"STK35",1.172,0.200805219514327
"C20orf186",0.951,0.200917364082826
"UQCRHL",1.137,0.200944537738648
"RND2",0.942,0.200970880846503
"ACP6",1.141,0.200987717587071
"CCNG2",1.151,0.201060015834972
"GALNTL1",0.946,0.201073793789837
"HBZ",0.751,0.201080669951921
"LYZL4",0.804,0.20112608667785
"DGCR6L",0.871,0.201230730964057
"WIPI2",1.267,0.201354426241532
"UHRF1BP1L",1.196,0.201450156825214
"MPV17L2",0.84,0.201498272655608
"CCDC23",0.854,0.201516692750335
"C9orf109",1.08,0.20152551388911
"CNOT3",1.208,0.201529486719393
"CHCHD5",1.139,0.201565812913597
"CEACAM4",0.943,0.201575613395156
"MAN2C1",0.873,0.201594316924646
"RNF5P1",0.875,0.201595128397487
"PCYT1A",1.192,0.201595169764382
"CYB561D2",0.832,0.201636930328699
"SYT5",1.041,0.20187841796904
"C6orf154",0.935,0.201882951297197
"CXorf30",0.947,0.202044310562554
"ANKRD36",0.912,0.202069880515313
"KCNC1",0.911,0.202082419745485
"ADCY8",0.929,0.202114706378363
"FAM48A",0.811,0.202143963695029
"LMO1",1.075,0.20215476361323
"DNAJC25",1.211,0.202158731457064
"MSH3",1.211,0.202198114481566
"SLIT1",0.943,0.202260936492766
"AIRE",0.854,0.202426928145154
"JUB",1.111,0.202449978843846
"PARP12",1.15,0.202480581454367
"KRT79",0.925,0.202513914795795
"RPLP0",1.135,0.202555206415397
"HYAL3",1.112,0.202594627452357
"GCNT4",0.941,0.202709190089888
"PLA2G5",0.928,0.202748957017867
"PPP3CB",0.815,0.202755250777735
"MAB21L1",0.893,0.202871139341621
"PRIMA1",0.951,0.202873066416959
"SHKBP1",1.181,0.202937087153043
"PLEKHA4",0.911,0.203103746854843
"tAKR",0.728,0.203106976511679
"ACBD3",1.212,0.203116831271609
"LOC375190",0.896,0.203152354156025
"TRAIP",1.104,0.203183162234358
"S100A3",1.077,0.203258742034067
"TMEM147",1.143,0.203333786982242
"LY96",0.915,0.203339037648472
"LUZP1",1.157,0.203355511917727
"CNOT6L",0.828,0.203424114690498
"PEG3",0.933,0.203504066171736
"CNN3",0.892,0.203515066876004
"FKBP11",0.906,0.203530625852673
"ARL8A",0.805,0.203590503293864
"C10orf91",1.076,0.203688869859029
"TMPRSS3",1.045,0.203933004626424
"LRRC14",0.864,0.204068361055186
"CORO2B",0.931,0.204203420274082
"STAG3L3",0.888,0.204263737927982
"RAP1B",1.129,0.204281284576149
"DDX31",0.819,0.204311692656725
"FAM167A",0.948,0.204472803588219
"PHLPP2",0.879,0.204475095862169
"FAM196B",1.075,0.204548629226462
"TMEM141",1.111,0.204567795748126
"PPDPF",0.9,0.20458416131723
"TCTE3",0.901,0.204601572887385
"SERF1A",0.865,0.204632343779331
"PRKCSH",1.208,0.204635925523947
"C15orf37",0.887,0.204708450671721
"LSS",0.87,0.204760878605013
"RNF208",0.904,0.20479046073526
"SPPL3",1.282,0.204898273980435
"ITGBL1",0.936,0.204899630825695
"GPR123",0.933,0.20499596318067
"KCNS3",0.929,0.20501244441794
"NCAPD3",1.13,0.20503694293705
"PSMD13",1.192,0.205053899854353
"HNRNPUL2",1.199,0.205081244640946
"SC5DL",0.908,0.205096494809014
"SMC6",1.174,0.205228836189294
"USP38",0.824,0.205239493354047
"DKFZP686I15217",0.875,0.205269853141153
"IGF2AS",1.072,0.205278129415966
"LCMT1",0.8,0.205391270286616
"PAX7",0.973,0.205406499998399
"LOC148709",0.938,0.205418485130263
"IRAK2",1.094,0.20544928413711
"AMMECR1",1.171,0.205500579730395
"FAM18B",1.169,0.205542444950272
"KIAA0430",0.852,0.20555392558765
"C2orf73",0.939,0.20559140083425
"GRIN2C",0.941,0.20573172587855
"GRK6",0.833,0.205738421471218
"RRP7B",0.898,0.20578255966622
"CHD1",1.176,0.205809478090547
"SYDE1",1.118,0.205977104392573
"MAN2A1",1.098,0.205999715575866
"RALGAPA2",0.926,0.206109518905043
"RRN3P3",0.861,0.206182660015413
"PON3",0.949,0.206185754445615
"MED21",1.158,0.206277733664241
"TNFAIP1",1.291,0.206283045405607
"DRG1",1.185,0.206304691619436
"ERGIC1",1.155,0.206325080059505
"SECISBP2L",0.894,0.206404881468844
"LOC648740",0.937,0.206410019306815
"TEKT1",0.967,0.206458538528078
"GSTO2",1.057,0.206695464147057
"ASFMR1",0.851,0.206699374052635
"ZNF787",1.157,0.206746235419538
"CLGN",1.041,0.206759658286657
"DCTN4",0.823,0.206788440141604
"SLC36A2",1.241,0.206818737845945
"COL15A1",1.067,0.206960218474548
"FH",1.211,0.206980610793049
"NRIP1",1.123,0.207019414422907
"PROX2",0.889,0.20702109353833
"GARNL3",0.913,0.207070063672489
"MFSD3",1.095,0.207091033213353
"ATXN7L3B",1.199,0.207149977122553
"ACTR3B",0.862,0.20723876762017
"CECR2",0.956,0.207265780267285
"C6orf182",1.142,0.207339999923163
"MAGEA4",1.028,0.207343480853426
"BRD9",0.851,0.207592644639633
"LOC650623",0.911,0.207676816711977
"SNORA52",1.431,0.207879634771404
"LRRC26",0.952,0.207916977021462
"ZDHHC8",0.878,0.207924224133917
"SLC16A12",0.956,0.207931255908656
"MGC12982",1.106,0.207962004117959
"NEURL",0.957,0.20799282308306
"OAZ2",0.791,0.208010652316833
"DSEL",1.081,0.20803849536005
"TFPI2",1.031,0.208056035736153
"GPX4",0.874,0.208075492292958
"PM20D1",0.929,0.208146387538456
"SOX6",0.944,0.208202977822916
"ZNF678",0.882,0.208245029644562
"NR2C2",0.858,0.208308270892694
"OLFM3",1.073,0.208340049728687
"LOC257358",0.898,0.208423533154383
"MUC17",1.049,0.208525930281132
"SEPT7L",0.861,0.20861214739199
"ANKAR",0.87,0.208847079521731
"KIF24",1.096,0.208853592023616
"NEU3",0.904,0.20885845385816
"PHYH",0.877,0.208950479716363
"LOC729668",0.939,0.209040048453586
"FAM138B",0.719,0.209125190063934
"CYB5R2",0.92,0.209180401633034
"CD34",0.901,0.209189046695701
"TAF6",1.182,0.209191056229229
"C1orf180",1.101,0.209192775333986
"ZNF548",0.851,0.209255260431579
"CPSF3L",0.826,0.209301965703107
"LGALS2",0.95,0.2093233043045
"PARD6A",0.911,0.209385007470249
"ITGA11",1.055,0.209405730797798
"CA12",1.04,0.209483944281918
"CDNF",0.9,0.209485954111948
"CCT8L2",0.722,0.209532880940668
"ZNF224",0.868,0.2095456737847
"SP140L",1.138,0.209559554687264
"MMAB",0.86,0.209581845793951
"DTX3L",1.167,0.209697579168218
"KIAA1045",1.091,0.209708734866658
"NME5",0.946,0.209729656890975
"TSG1",1.182,0.209739307587905
"RETN",0.959,0.209794505838201
"GNB5",1.211,0.209871171772096
"STRBP",0.841,0.209937800388459
"PI4K2B",0.864,0.20994991154589
"ZNF679",1.093,0.209964898098942
"DHRS11",0.881,0.210035886471575
"OAZ1",0.845,0.210147251941914
"SPRYD4",0.861,0.21021150777427
"GRM3",0.907,0.210309713814681
"RBMS1",1.202,0.210357101986094
"CPA5",0.923,0.210373663072148
"CTNNA3",0.888,0.210397477460221
"IL15RA",1.11,0.210522819167213
"PSME2",1.136,0.210627317099954
"PLAGL2",0.864,0.210706304386968
"C5orf30",1.11,0.210727077891796
"SBNO2",1.137,0.210801736082072
"MORN3",0.937,0.210907159679549
"SCRN2",0.893,0.211036437639122
"C12orf50",0.784,0.211166315814861
"C2orf18",1.223,0.211256335607219
"PFKFB2",0.877,0.211286003575876
"ASMTL",0.87,0.211290563309795
"MRE11A",1.193,0.211306105667954
"ETNK1",1.157,0.211352390818216
"CLDN8",0.965,0.211386452489249
"STK31",1.058,0.211395528174309
"ANKLE2",1.189,0.211401591201412
"ZNF143",1.269,0.211424654980804
"VKORC1",0.858,0.211438618323885
"LOC201651",1.054,0.211464530982678
"BTBD17",0.898,0.211502194372683
"FOXF2",0.932,0.211596317755429
"ETV3L",0.895,0.211605714552846
"TTC13",0.849,0.211671343298201
"FGFR1OP",1.167,0.211676203494487
"ARAP2",1.111,0.21168648331723
"VTN",1.055,0.211752167976065
"GSR",1.093,0.211799618862268
"SH3RF2",1.047,0.211833083244381
"HMGXB4",1.218,0.211862706155553
"PPP1R2",1.221,0.211872403782651
"NUCB1",0.832,0.211909675638071
"HCG22",0.92,0.21194113019123
"NANS",1.15,0.211958030873599
"SOX2",0.968,0.211998241170865
"HOMEZ",0.85,0.212003704649151
"PRDM9",1.077,0.212015700753604
"ACTR6",1.184,0.212071791284648
"MTTP",0.952,0.212090383878305
"COMMD4",1.172,0.212093858363867
"C12orf59",0.927,0.212168906564944
"PRLHR",0.896,0.212188326116662
"UBE3C",1.221,0.212257872940104
"MFSD9",1.159,0.212323989010302
"PDYN",1.184,0.212328548404583
"ZHX1",1.166,0.212330956775137
"MOG",1.184,0.212350943373646
"CCRL1",0.932,0.212352395288235
"EFHB",0.951,0.212364540293174
"HS2ST1",1.14,0.212379035278187
"CPXCR1",0.884,0.212385259773746
"NCRNA00107",0.927,0.21254916683472
"ENPEP",1.082,0.212659898370875
"FAM49B",1.152,0.212748548269909
"CAPN11",0.909,0.21288287259169
"NARS",1.207,0.212935029689721
"IGFBP2",0.953,0.212940240584588
"GFAP",0.951,0.212971618485703
"BTBD3",1.13,0.213003226911026
"PRB2",0.881,0.213039375409816
"MID2",0.897,0.213056055735249
"POLD1",1.151,0.213093500537395
"MYOCD",0.952,0.213107333605906
"C12orf23",1.155,0.213184129149839
"IL7",1.078,0.213260567744435
"FAM133A",0.97,0.213294958819585
"ZFP57",1.043,0.213341192281337
"NAV2",0.911,0.213394518238455
"INPP5F",0.866,0.213394949532676
"QPCTL",0.866,0.213477021471946
"AGFG2",0.88,0.213563790175424
"ZNF317",0.801,0.213641361485491
"ZNF74",0.859,0.213674419184463
"ATRX",0.861,0.213719854317444
"GABRE",0.954,0.213755032184599
"HMHB1",0.8,0.213845374753557
"DCUN1D2",0.864,0.213988837867629
"MRM1",1.151,0.214035564503092
"NDUFA8",1.178,0.214057558543178
"CASP6",1.157,0.214182363909437
"RANBP3",0.79,0.214192205915433
"BDNF",1.053,0.21427095672408
"BANP",1.198,0.214285297772059
"VPS53",0.851,0.21433883550979
"ATPAF1",0.811,0.214341637856912
"WNT4",0.951,0.21436488489619
"LOC116437",0.933,0.214374899762082
"MBD6",0.878,0.214429453451261
"BBX",1.184,0.214450944075931
"TCTN3",1.231,0.214508025228418
"SORCS1",0.941,0.2145087327785
"TBC1D12",0.819,0.214520176179368
"OVGP1",0.935,0.214546355265402
"FBRSL1",0.884,0.214647967509082
"ITPK1",1.165,0.21465118668719
"PDCD2",1.202,0.214691984628551
"FOXD2",1.109,0.214715756950801
"FOSB",0.962,0.214870773335519
"ASGR1",0.917,0.214900651191283
"NCLN",1.204,0.214910053800796
"IRF2BP1",1.164,0.21491708863283
"CYP2S1",0.943,0.215087384694664
"EPHA8",0.927,0.215088888273212
"NEBL",1.083,0.21517852884289
"ST18",0.935,0.215184252773081
"ZNF280C",0.854,0.215216900120462
"GPRC6A",0.903,0.215268584446638
"C14orf166B",0.8,0.215378939612019
"OSTalpha",0.948,0.215395540248749
"XKR4",0.925,0.215412145440387
"C12orf65",0.841,0.215529673195521
"TATDN2",1.289,0.215566131310793
"GDF1",1.063,0.215567322355886
"MUDENG",1.254,0.215628647695498
"ARHGAP12",0.85,0.215716123720247
"THOC5",0.851,0.215763357333298
"TEP1",0.879,0.215777257127285
"HBG1",0.919,0.215820369131961
"LDB3",0.932,0.215851262544689
"CDCP2",1.169,0.215942101468413
"MOXD1",0.931,0.215947702575935
"CNTNAP4",1.055,0.21598458114901
"RTKN2",0.935,0.216029297547711
"KCNA10",0.859,0.216153712938539
"TRIM65",0.83,0.216271542712588
"HAS3",0.953,0.216283638067035
"MAP1D",1.124,0.216317582598425
"TFF2",1.029,0.216403713369109
"ITGB5",1.132,0.216525891009599
"C2orf70",0.948,0.216612916133693
"RASD1",0.955,0.216667493763187
"CBX6",0.921,0.216669580973646
"TMEM82",1.049,0.216718227327488
"C6orf192",1.135,0.216772173993882
"KRT40",0.955,0.216899741805981
"PRDM1",0.911,0.216914353720945
"MPP3",0.924,0.217007165016223
"NFAT5",0.873,0.217044278599821
"POC5",0.841,0.217052773346006
"ABCC10",0.856,0.217109855420166
"CAMK2N2",1.054,0.217185051937908
"CYP4F22",0.924,0.217250786046126
"ZNF219",0.916,0.217251958358575
"HOOK3",0.875,0.217391912857202
"ZSCAN21",0.86,0.217516488576102
"TMPRSS4",0.959,0.217526419298952
"SLC22A2",0.832,0.217530705810625
"SULT1B1",1.066,0.217571811619678
"LOC100128164",0.91,0.217653626275476
"WEE2",0.881,0.217713482283472
"PP14571",1.049,0.217722093978672
"NEUROG2",1.105,0.217785687081935
"SEC61A2",0.892,0.217812761977712
"SLC35F3",1.045,0.217924200788841
"ATP13A5",0.942,0.217957037687579
"RIC8A",1.273,0.218050863530237
"AGTPBP1",0.848,0.218101410474059
"FOXD4L3",0.797,0.218153107436482
"ATXN3",0.811,0.218171186358608
"NEK10",0.949,0.21817692218481
"HMGN1",1.182,0.218327609618282
"RNF114",0.812,0.218455253616008
"SLC40A1",0.925,0.218470210207598
"IGHMBP2",0.846,0.218491189433808
"PCDHA8",0.939,0.218614394866169
"TSSC1",1.191,0.218634116153726
"IL20RA",1.055,0.218635620464247
"C1orf124",1.22,0.218654600386094
"SCN3B",1.07,0.218676356318049
"AURKC",0.918,0.218713507055245
"CNGA4",0.95,0.218762238224107
"LINGO1",1.06,0.218770200275152
"SPINT1",1.139,0.218781008179995
"TBX20",1.083,0.218872729107874
"C20orf151",0.927,0.21893906149787
"HSPA4L",1.071,0.21895612807354
"NOTCH4",0.907,0.218984171937126
"RBL1",1.103,0.219013621671526
"RUNDC2A",0.912,0.219033849803335
"TNRC6A",0.862,0.219052274713763
"SCIN",0.955,0.219067777522402
"FNTA",1.164,0.219102947306221
"COX15",1.223,0.219115661136505
"TMEM51",1.122,0.219257708395172
"JRKL",1.175,0.219341638458855
"AKAP14",0.956,0.219379580735551
"NBPF16",0.939,0.21940955235164
"KPNA3",1.201,0.219413469380504
"CLSTN3",0.866,0.219478227168723
"NAA38",1.209,0.219495887706785
"FBXO7",0.774,0.219538237618539
"IER5",1.124,0.219556395955144
"ALG9",0.83,0.219557925697241
"FAM108C1",1.084,0.219558113356649
"UPK3BL",1.049,0.219597627094387
"HAUS5",0.882,0.219628681584202
"DNASE1L1",1.173,0.219630977790926
"HES7",1.079,0.219766833222466
"GLRX3",1.148,0.219982555800087
"GPR150",0.892,0.220208936634158
"LHX6",0.925,0.220368854184559
"LRP5",1.126,0.220410896732681
"TNFRSF21",1.104,0.220468424034976
"KLK10",0.966,0.220654365535003
"FOXE1",1.031,0.220665501350081
"CHIC1",0.898,0.220669054612441
"ADRA2B",0.938,0.220679887954881
"ARL11",0.922,0.220689716239501
"PC",0.905,0.220708039195388
"ZNF570",0.898,0.220718495016176
"KIAA1586",0.872,0.220748364554358
"SFRS17A",0.883,0.220834289108755
"ZFAND5",0.846,0.220837596874372
"DNTTIP1",0.905,0.220881277756361
"CLEC4GP1",0.923,0.221051829973563
"SUCLG1",0.828,0.221099716660449
"ZYX",1.136,0.221104095994365
"SLC3A1",1.072,0.221166323611935
"CYP2C18",1.039,0.221222050664799
"GCAT",0.913,0.221242726087494
"LHFPL1",0.926,0.221298012863995
"OSBPL1A",0.902,0.221300059760492
"WDR81",0.875,0.221332342127245
"MTIF3",0.832,0.221345153593268
"COX5B",1.126,0.221347368238905
"S100Z",0.92,0.221394934376438
"ATP5J",1.154,0.221428393374035
"TRMT2B",0.856,0.221486839753304
"POU3F3",1.112,0.221507620833609
"EIF3I",1.2,0.221528061851599
"POLR1C",0.85,0.221559352270109
"CHCHD8",1.164,0.221580109911815
"ENOPH1",1.208,0.221669437289706
"HECA",0.861,0.221676220498424
"YWHAQ",1.177,0.221703214933463
"IMMP2L",1.118,0.221773420080317
"VWF",0.935,0.221866315165365
"TLR3",1.079,0.221880514928648
"PGGT1B",1.224,0.221933707043478
"ARPP19",1.223,0.221938992067564
"NOL4",1.047,0.222085777913561
"TRMT5",1.207,0.222097185844092
"ANKRD36B",0.917,0.22211664243377
"OR8S1",1.182,0.222136960524188
"ZNF165",0.89,0.222157428045005
"PCIF1",0.803,0.222275819645447
"GTF2H2C",0.887,0.222279736304818
"CXCL2",0.946,0.222289854181941
"AP2A2",0.831,0.222344053373279
"WDR49",0.957,0.222429696421762
"UCP1",1.236,0.222455946047722
"RAB3GAP2",1.232,0.222458434727466
"CLEC5A",0.945,0.222548030179744
"ORC5L",1.17,0.222548624831255
"ZNF621",0.838,0.222674276386855
"GLS",0.926,0.222716873493417
"ENDOD1",0.915,0.222758568205778
"CMTM1",1.117,0.222787909219176
"PRR12",1.154,0.222857003090299
"GTF2H3",1.138,0.222889124320582
"B3GNT1",0.859,0.223003704777475
"CNTN2",0.931,0.223012770626321
"DCP1A",0.821,0.223137102366111
"CXCR7",1.07,0.223243774173561
"SLC2A10",1.067,0.223296188174782
"DNAJC2",1.17,0.223326389148354
"C14orf135",1.197,0.223333148791649
"DENND5A",0.833,0.223352050672223
"EIF3F",1.219,0.223413527425187
"FBXO2",0.945,0.223431064436323
"BTF3",1.168,0.22350827974954
"ZIK1",0.934,0.223568495605216
"SIGLEC1",0.942,0.223633594139413
"RFPL3S",0.921,0.223831044243729
"TCTEX1D4",0.936,0.223967224343502
"PANK4",0.803,0.224035814136106
"C18orf26",1.205,0.224090209379278
"SLC31A2",0.908,0.22413012438108
"GBF1",1.202,0.224138561521852
"ATP5C1",1.162,0.224143109804184
"NPW",1.036,0.224176179542201
"RYK",0.822,0.224221615885808
"POLE4",1.131,0.224279799478706
"DHH",0.916,0.224369460057457
"C14orf49",0.931,0.224404782657372
"ARPC3",1.174,0.224439587530173
"SLC45A2",0.926,0.224492869673237
"PSMB4",1.166,0.22451681255235
"MRPS22",1.179,0.224706292681225
"CAMK2B",0.959,0.224807107855852
"EPM2A",0.856,0.224822189695592
"TRPV1",0.924,0.224827904776631
"TTC35",1.197,0.224859532645886
"RBM7",1.16,0.224877422525185
"HIST4H4",0.909,0.224900418889236
"C10orf122",1.215,0.224918304901014
"CYP2W1",1.055,0.224998892261025
"CDH1",0.89,0.225061542069564
"QRICH1",0.767,0.22508907733975
"RPS6",0.892,0.225119920531404
"XPO6",1.233,0.225185005366021
"SRD5A3",1.087,0.225198880605814
"TNRC18",1.131,0.225262482976366
"FLAD1",1.158,0.225264199022808
"ATXN2L",1.213,0.225265046847428
"LRRC46",0.949,0.225272444276676
"ILF2",1.166,0.225340880576321
"PLAU",1.054,0.22536615972053
"ASPSCR1",0.897,0.225471240745769
"MARCKSL1",1.108,0.225535210311678
"FGGY",0.909,0.225568822777925
"AHRR",0.943,0.225608387803385
"SIGMAR1",1.171,0.225634076574414
"AHDC1",0.891,0.225745950737
"TCERG1L",0.94,0.225752808692283
"FOXB1",0.949,0.225796791883168
"SNX4",0.798,0.225866299768235
"FDPSL2A",1.081,0.225879616951389
"C16orf42",1.211,0.22599084885825
"PCDH10",0.942,0.225994420708856
"C3AR1",0.933,0.226000850965115
"AOAH",0.941,0.226071823819344
"NPNT",0.945,0.226136079943305
"TMEM60",0.848,0.226225420753572
"KCTD2",0.824,0.226341305082381
"RERG",0.93,0.226416937013574
"ST7OT4",1.112,0.226504562537843
"SLED1",0.914,0.226505776420504
"C11orf54",0.875,0.226590759511575
"MYBPC1",1.04,0.226592149098011
"CARM1",1.215,0.226669999748798
"POLR3B",1.191,0.226679931873951
"TRERF1",1.103,0.226680242118613
"TDP2",1.146,0.226763568105927
"NUDT21",1.234,0.226822585051955
"MIPOL1",1.097,0.226876428772447
"TMEM219",0.862,0.226882193089737
"VSIG4",0.945,0.226884231640291
"PITPNM3",0.925,0.22698680250131
"FPGT",0.859,0.227134702293615
"TSNAXIP1",0.947,0.227206270283569
"UBE2E1",1.191,0.227245936665667
"C13orf16",1.096,0.227345778301728
"IHH",0.955,0.227409932751211
"RHOT2",0.878,0.227430168808299
"SRD5A1",1.104,0.227440113834924
"FUT5",1.086,0.227487425211946
"PIP4K2B",0.811,0.227531442231335
"HTR2C",1.041,0.227535032828265
"EXOSC5",1.128,0.227558124977823
"RBM9",1.174,0.227593867671459
"DPY19L3",0.879,0.227674016793905
"CD72",0.928,0.227678782509042
"LPPR5",1.102,0.227682780735522
"FAM66C",1.104,0.227711926197118
"S100PBP",0.823,0.227712854620371
"C7orf10",1.059,0.227762896018251
"FDX1L",0.872,0.227771048729884
"SOX30",1.052,0.227799450098344
"MRPL1",1.163,0.227906877253566
"C1RL",1.167,0.227912479994481
"RSC1A1",0.857,0.227937866743877
"AFF2",0.949,0.22798635932456
"NUFIP2",1.22,0.227999501653303
"IGFBP4",0.903,0.228079314790119
"NRSN1",0.884,0.228094645697517
"X..442388",0.636,0.228160887718573
"MAFB",0.918,0.228209296319066
"ANKRD43",0.948,0.228273830975454
"SLC25A30",0.854,0.228288283011626
"CREB3L1",0.949,0.22833450597147
"DHRS4L1",0.914,0.228411256909576
"GPR4",1.105,0.228492519644424
"HEXIM1",1.154,0.228554353013696
"C12orf42",0.925,0.228576039555821
"COL11A2",0.954,0.2286682351542
"KCNB1",0.942,0.228757346423049
"TMEM207",1.12,0.228757477045825
"RBBP8",0.874,0.228776434170949
"KRT71",1.26,0.228855801533779
"ZCCHC7",0.835,0.228885619336145
"EEA1",0.869,0.228913600300099
"PRKACB",1.093,0.229081889959008
"FLT1",1.097,0.229237147396028
"CORO1C",1.143,0.229278201144546
"OR7A5",1.097,0.229365335852345
"RCAN1",0.889,0.229466601420699
"PARP4",0.858,0.229494169840442
"C1orf163",1.164,0.229522751129019
"C16orf58",0.864,0.229581155789283
"GP2",0.963,0.22961210679784
"AHCYL2",0.942,0.229777055530473
"COQ5",1.169,0.229866661782781
"LCA5L",0.909,0.229870777856218
"TAF9",1.197,0.229906194814796
"NLGN1",1.054,0.229912752512178
"PPP2R4",1.242,0.229929794865153
"TGS1",1.18,0.230037781704774
"ANKRD52",1.135,0.230049817325969
"NIPAL4",1.053,0.230080188398608
"SERHL2",0.93,0.230100101617748
"SI",1.141,0.230125426475122
"DNAJB6",1.193,0.230133841371565
"DYM",0.843,0.230142659588534
"NIPAL1",1.071,0.230161962232869
"SLC5A10",1.106,0.230167638096399
"BET1",0.88,0.230196162129255
"ITPRIPL2",1.158,0.230317897930577
"TBC1D3H",0.929,0.230338844686728
"NUDT11",1.066,0.230364374218854
"NUDT2",1.111,0.230403332098637
"BCL6",0.875,0.230447589239197
"DKK3",0.927,0.230451556503865
"HHEX",0.896,0.230454591259443
"NUP153",1.168,0.230455725139254
"ANAPC13",1.199,0.230508647090722
"OXCT1",0.93,0.230515001976372
"ZNF597",0.921,0.230576885140769
"OBSL1",1.076,0.230581839390194
"LILRB4",0.942,0.230583554822758
"GPR107",1.212,0.23061685049956
"TCEAL5",0.915,0.230635432374076
"MTP18",1.123,0.230694846244287
"ZRANB1",0.817,0.230838217835054
"RPS17",1.121,0.230922221746828
"HESRG",1.147,0.23092989978191
"SCARNA2",0.929,0.230951528358485
"LRRC25",0.93,0.231058528657443
"FEZ1",0.919,0.231117209218527
"TAS2R3",1.184,0.231238421532983
"GSK3B",1.2,0.231361138209853
"C12orf10",1.19,0.231369285259908
"BRD2",0.826,0.231526983523725
"GTF2H5",1.162,0.231617684477122
"PABPN1L",0.771,0.231669013974728
"UCHL1",1.036,0.231670440648934
"KIAA1919",1.16,0.23169375097302
"GSTZ1",1.106,0.231704616144185
"ANKFY1",0.833,0.231710289482154
"AUTS2",0.943,0.231766764684898
"MOB2",0.841,0.231777753767232
"ROBO3",0.931,0.231805312865372
"SLC25A25",0.875,0.231873919011174
"HPD",1.056,0.23218048703853
"GBP2",1.092,0.232269115073166
"MMP12",1.037,0.232285257046284
"GRIA2",0.924,0.232329560338767
"GPR26",0.92,0.232338132299939
"HIST1H3A",0.874,0.232353091865856
"MIA2",1.043,0.232484969972408
"ZNF252",0.857,0.232558501210201
"CATSPER2",0.919,0.232647406638362
"MDH1",1.219,0.232649644143492
"CAPS2",0.927,0.232668390894154
"C11orf88",0.965,0.232671989611845
"UQCRQ",1.118,0.232710481755464
"MYO1G",0.945,0.232892948607554
"PRRT2",0.942,0.23298871612633
"NHLH2",0.94,0.233021456371509
"LOC388387",0.85,0.23306147432571
"TINF2",0.805,0.233083660759512
"KCNH8",0.955,0.233196758242686
"SLC35A1",1.122,0.233231604289159
"SIGLEC10",0.938,0.233291547416708
"IPO8",1.206,0.233343686804315
"MTRF1L",1.223,0.233350577605422
"IBTK",1.196,0.233456219888478
"ACSM4",0.656,0.233539236800733
"ST20",1.096,0.233616384836658
"SLC2A8",0.852,0.233905288768952
"ZMAT3",0.899,0.233923037119115
"MUL1",1.215,0.234030556760622
"C15orf29",1.128,0.234129460172125
"SEC22C",0.812,0.234132256998996
"LENG1",0.843,0.234134478498968
"RAB11FIP5",1.162,0.234174061601348
"ZZEF1",0.881,0.23419675557973
"BCDIN3D",0.852,0.234271406058237
"ZNF771",1.128,0.234287316198833
"NEFM",1.043,0.234524021518908
"FBLN1",0.93,0.234555739526577
"DSG1",1.064,0.234788318688119
"OR4F29",0.856,0.234887853328787
"LOC100130522",0.919,0.234927451866451
"POLR2D",1.188,0.234944369312254
"OPCML",0.936,0.234993411713094
"SDHAF2",1.224,0.235012311967377
"SLC17A1",0.868,0.235070713841476
"YIF1A",1.152,0.235119898725887
"LHCGR",0.944,0.235226490026418
"SLC41A2",1.101,0.235287399007849
"HTR3A",1.035,0.235435648051949
"KIF9",0.888,0.23551730014899
"TTYH1",1.057,0.235587696848778
"HIRIP3",0.863,0.235621704205535
"OR51B5",0.895,0.235653676166796
"ABCF2",1.224,0.235682516647536
"ACOT1",0.89,0.235980631932524
"C20orf70",0.969,0.235982226941551
"MAP3K14",0.905,0.236068746187573
"SCN5A",1.056,0.236093672062495
"PON2",1.099,0.236097559271537
"SLC33A1",1.179,0.236102356989153
"RAD54L2",0.92,0.236132801987894
"HOXD9",1.049,0.236222421672423
"TIMM50",1.133,0.236230163446926
"TOX2",0.927,0.236254624762745
"AQP7P3",1.144,0.236348884417127
"PTGS2",1.04,0.236435488489726
"SDSL",1.099,0.236437964911964
"H2AFY",1.222,0.236479094567619
"GJA3",1.057,0.236494839589789
"IRAK1",1.156,0.236569140064871
"KLK9",1.069,0.236640944293225
"NAT8B",0.903,0.236674401605176
"VEGFB",0.842,0.236681285107401
"C21orf121",0.933,0.236700939106134
"MRTO4",1.163,0.236707977507043
"GOT1",1.12,0.236711553675726
"FAM154B",0.959,0.236758351460797
"PDE12",0.803,0.236769011593298
"KIAA1841",0.892,0.237028464163287
"PKIA",1.06,0.237033676536109
"MS4A4A",0.936,0.237041886980044
"ZNF595",0.892,0.237094198230861
"OCIAD2",1.101,0.237117958856102
"LOC400891",0.955,0.237162732369954
"DCI",1.134,0.237203041086714
"USP33",0.826,0.237248709965794
"CREBL2",0.853,0.237263487228748
"KIAA0196",1.161,0.23732544670004
"ZDHHC9",0.903,0.237342076188431
"SEMA6B",1.08,0.237504153987256
"CEACAM16",0.903,0.2376640932405
"ADAMTS10",0.933,0.237810879341834
"KIAA1715",1.168,0.238006628926699
"PSMB8",1.106,0.238068491629647
"CBY1",0.87,0.238091038396537
"GNRH1",0.931,0.238098307229011
"LOC284441",1.133,0.238101929587044
"SPDYE5",0.919,0.238128964557199
"STOML2",1.149,0.238144559689464
"SBDS",1.185,0.238171226260377
"NTN3",0.913,0.2382043541891
"BBS2",0.851,0.238218025159989
"PRMT7",0.857,0.238264953108312
"COL23A1",0.936,0.238277329338815
"APOBEC4",0.96,0.238291976464656
"ZNF829",0.923,0.238311996837654
"RAB40AL",0.901,0.238363089836475
"PNMT",0.949,0.238425574968349
"KATNA1",0.83,0.238493433613279
"C17orf66",0.898,0.23854573888267
"LSR",1.118,0.23860542969342
"ZNF544",1.15,0.238636184296525
"IYD",0.966,0.238703430605817
"MORN4",0.881,0.238739323267188
"GCM1",0.943,0.2387478321664
"LOC100287227",0.908,0.2388407161703
"TMEM62",0.873,0.238856656288843
"GLUD2",1.136,0.238866043739754
"PRKAR2A",0.918,0.238913533679132
"PIRT",1.079,0.238928675476111
"PSORS1C3",0.941,0.238961657913395
"FAM124B",0.924,0.238997486850948
"AUH",0.86,0.239019569513057
"SLC30A6",1.155,0.239020793053891
"RDH11",1.163,0.239025038772757
"RPS16",1.109,0.239025672800669
"DNAJB7",0.907,0.239041579768367
"ZNF587",0.883,0.239137218963338
"C4orf14",1.201,0.239222304304532
"LOC148145",0.812,0.239277045966257
"NUDT10",0.939,0.239334478919778
"ZFPL1",1.192,0.239383830151205
"ETFB",1.136,0.239555614730546
"LOC401093",0.917,0.239909320349638
"MALT1",0.866,0.24002005623918
"ORAI2",0.887,0.240038760606213
"BASP1",1.063,0.240194050804464
"ATP6V0E1",0.87,0.240204943003862
"LOC100128675",0.934,0.240222155523273
"PPP4C",1.167,0.240247816100614
"ZYG11B",0.808,0.240260375107888
"C21orf122",1.106,0.240266106290149
"TIMP2",1.095,0.240321085499354
"B3GNT4",1.048,0.24033901996767
"C1orf92",0.961,0.240339995805259
"INSL3",1.086,0.240393188037389
"VILL",1.054,0.240400487350682
"AARS2",0.859,0.240467966288807
"MX1",1.068,0.24049008960396
"C1orf198",0.867,0.240621740936165
"C12orf5",1.166,0.240637261718768
"ARMC7",0.848,0.24067260578439
"RPL19P12",1.061,0.240686093634802
"FCER1G",0.931,0.240687512744416
"ZNF263",0.799,0.240748501564269
"CDK5R2",1.039,0.240889347806653
"HIST1H2AL",1.091,0.241098607170703
"LOC90784",1.113,0.24110702395914
"BRMS1L",0.892,0.241130371050253
"ABHD1",0.935,0.241145889118033
"CLRN1OS",0.739,0.241288738025445
"SLC16A6",0.93,0.241350712885642
"RALY",0.833,0.241477379408376
"THADA",0.796,0.241496062971417
"INPP4B",1.063,0.241506522966851
"TLX1",1.064,0.241565971120777
"CCDC53",0.849,0.241602810984589
"BRAF",0.87,0.241668552026384
"PRTG",0.941,0.241756801320199
"psiTPTE22",1.04,0.241773419458131
"MMP21",0.882,0.241822046308197
"DDX19B",0.81,0.241841941078856
"CASC1",0.952,0.242005978174832
"TRAF6",0.829,0.242054302513985
"DPYSL3",0.929,0.242138879495212
"CELA3B",0.822,0.242153584215792
"FRYL",1.176,0.24216163616223
"KLK3",0.9,0.242187680365263
"ACADS",0.893,0.242224400904882
"ZNF174",0.79,0.242301223394132
"C10orf41",0.914,0.242319953478686
"BTBD19",0.93,0.242333010874118
"POLE3",1.169,0.242336804765507
"YOD1",1.141,0.242341860417309
"PI4K2A",0.837,0.242404862656456
"CENPB",1.185,0.2426307688831
"PRRT1",1.082,0.242719973809683
"GPATCH4",1.146,0.242721638214696
"RBM26",1.192,0.242722490730644
"CCDC72",0.876,0.24272639241393
"MAPK11",1.092,0.242741333865798
"PGBD1",0.919,0.242790317388791
"ZNF706",1.16,0.242824426173451
"USP12",0.896,0.242877625959776
"NODAL",0.922,0.242890556994039
"KANK2",0.882,0.243083920004407
"ORAOV1",0.86,0.243094714636368
"OVCH2",0.914,0.243148777523996
"ACMSD",1.039,0.243182430103798
"PHF23",1.215,0.243231423259467
"RNASET2",1.121,0.243265228263299
"NUPL2",1.17,0.243306952818124
"CRISPLD1",1.049,0.243338007089509
"GUCY2F",0.83,0.243408443265554
"C9orf41",1.121,0.243434776343898
"ABCA11P",0.886,0.243467251069147
"PEX6",1.102,0.243552537397755
"HIST1H4I",0.895,0.24357891060529
"FOS",0.942,0.243586679277546
"SGEF",0.923,0.243596578885471
"WHSC2",1.193,0.243648769910989
"NHLH1",1.081,0.243669765210176
"CD300A",0.926,0.24378624510554
"NALCN",0.945,0.243797512578594
"LOC162632",0.953,0.243850862172223
"HIST1H3I",1.128,0.243879875123523
"PTPMT1",0.833,0.243883510979565
"IGSF5",0.93,0.243915851703246
"DRD1",0.957,0.243918057053502
"C9orf123",0.883,0.243975129336475
"ACTR3C",0.918,0.243979766777691
"PRTFDC1",1.083,0.2439841012349
"FRMD1",1.076,0.244025456566507
"HMGB1",1.181,0.244097214309039
"NLRP8",1.119,0.244214855196575
"C11orf34",0.846,0.244255544211596
"RANBP17",0.929,0.244263790667098
"CLRN3",1.055,0.244304404918105
"RG9MTD1",1.163,0.244306276841714
"C10orf71",0.939,0.244332457650723
"PTS",1.129,0.244505011185512
"ZNF853",0.93,0.244517111496919
"GRK4",0.855,0.244533441659331
"LOC157381",0.953,0.244685528896748
"COMP",0.967,0.244813005632741
"TOM1L2",0.892,0.244879298018872
"CCR3",0.935,0.24496807896375
"RORB",0.953,0.244981410057826
"ZNF614",0.899,0.245009557499614
"WASL",1.199,0.245077363252368
"SFRS12IP1",1.158,0.245127462453711
"CAPRIN1",1.241,0.245169088040444
"GAS6",0.922,0.245267950864107
"MDM2",1.102,0.245288671389594
"ZNF251",0.892,0.245420391629682
"BRSK1",0.948,0.245445647868267
"METTL13",1.217,0.245573734793332
"HOXD10",1.045,0.245576844901595
"KGFLP2",0.922,0.245577181449216
"JMY",0.876,0.245579875184821
"PBRM1",0.851,0.245584051046102
"HUS1B",1.102,0.245631544930261
"MAGEA9B",1.029,0.24568774018526
"C9orf24",0.965,0.245773955680379
"ETAA1",0.839,0.245920855825892
"AMIGO3",0.899,0.245932336150342
"MYH1",0.926,0.246097101508814
"SP110",1.148,0.246138083776478
"DYX1C1",0.907,0.246234117355199
"ALDH1A1",0.95,0.246282169134322
"C1orf152",0.914,0.24631450902985
"MCM3",1.14,0.246314727026704
"LOC100129550",0.887,0.246400479821859
"VEGFA",1.086,0.246442825863744
"MMP23B",0.931,0.246448257582247
"HSBP1L1",1.101,0.246578820491383
"MARCH8",0.907,0.246672320842979
"CIAPIN1",1.19,0.246692095108075
"FAM50B",0.931,0.246706733427576
"HSP90AB2P",1.081,0.246749735189792
"AGTRAP",1.137,0.246750188665717
"ALKBH8",1.143,0.246771518770836
"PARP9",1.145,0.246828386629008
"OXER1",0.927,0.246944111530935
"OSTC",1.144,0.246962716991091
"COPG",1.213,0.246973334646139
"ZNF331",0.912,0.246983275272525
"AP4S1",0.887,0.246998139006313
"TP53INP2",1.105,0.24706983518034
"C6orf35",1.191,0.247147989201081
"STS",0.93,0.247208818672896
"VAC14",0.849,0.247236156887734
"FRMD5",1.055,0.247281951767949
"OXSR1",1.218,0.247348241930985
"STAC",0.955,0.247360229656429
"PRR22",0.93,0.247397628142151
"FBXL3",0.864,0.247431101607072
"C1orf216",0.842,0.247431379762856
"VAV1",0.934,0.247440539974555
"GGTLC2",0.934,0.247577778743525
"NFIL3",1.131,0.247579411013086
"MRPL45",1.166,0.247589361391984
"CCDC50",1.143,0.247701771085135
"SKINTL",0.887,0.247799875240891
"BSG",1.152,0.247826957449012
"JMJD6",1.192,0.247841604895136
"SH3PXD2B",1.095,0.247928436247015
"TCF19",1.096,0.247932240030734
"DENND2D",0.864,0.247993829326963
"AQP7P1",1.075,0.248078083425654
"PICK1",0.867,0.248082870396096
"ZNF600",0.877,0.248094349673953
"C16orf48",0.915,0.248111359649435
"SUMO1",1.213,0.248134472480898
"SOX3",0.926,0.248155646210386
"SECTM1",1.075,0.248270444672146
"HAVCR2",0.935,0.248388749646407
"KCNK6",1.101,0.248424072773976
"STAC3",0.929,0.248565411432804
"FMN2",1.047,0.248704865056702
"ZBTB24",0.826,0.248716992204562
"HEATR7A",0.883,0.248932126906131
"HCN1",0.956,0.248938232259494
"HHLA1",1.09,0.248988191982032
"RNF41",0.83,0.249110443260039
"ZNF18",0.83,0.249142289347304
"TRAF1",0.913,0.24914884679
"BCAS3",0.873,0.249270261827283
"C18orf32",0.871,0.249276550719007
"CNOT10",1.262,0.249277126337637
"KHK",0.904,0.249300000024316
"BHLHE41",0.94,0.249345395627579
"ZNF556",0.922,0.249354625310694
"ARAF",0.834,0.249363632857895
"CFI",0.935,0.24940644578085
"C14orf145",1.095,0.249632590236767
"MBOAT4",0.908,0.249707012114371
"DENND4C",0.86,0.249749369280792
"ZNF551",0.898,0.249808373083065
"KIF21B",0.928,0.249813871362077
"PIP4K2C",1.135,0.249843689307518
"IQCA1",0.957,0.249851513581902
"FAM36A",1.146,0.249896943448671
"CFH",1.075,0.249915947184708
"WDR45",0.834,0.250062484378583
"ZC3H12A",1.093,0.250076505119634
"CHMP5",1.158,0.250093168175625
"PACRGL",0.855,0.250112417296615
"FZD7",0.92,0.250128371497103
"PROKR2",1.2,0.250203510310209
"MYL2",0.872,0.250254963613868
"SEMG1",1.17,0.250261629352247
"ATAD5",1.084,0.250303372301097
"ZNF790",0.888,0.250303730085389
"NKAIN3",1.087,0.250386265105908
"PPIL1",1.134,0.250450434765501
"C3orf66",1.098,0.250454259311679
"ZNF528",0.916,0.250602005826185
"PSMD3",1.168,0.250663582255359
"CLU",0.953,0.25069013340613
"WAC",0.809,0.250736576428421
"DUSP9",1.038,0.250833718315092
"LRRFIP1",1.168,0.250834016387955
"RNF7",1.17,0.2508601862024
"C1QL4",1.062,0.250873614732915
"DAPK1",0.927,0.250879808054986
"TRAP1",1.171,0.250928974097136
"CYMP",0.898,0.250935774550129
"PRB1",0.929,0.250952468540612
"AKR7L",0.952,0.250995848596381
"RAB33B",0.857,0.251136832687062
"PTRH1",0.898,0.251149469021029
"LOC389332",1.069,0.251166095590331
"ABHD12",0.865,0.251248467974485
"LAT2",0.93,0.251310625854902
"ARHGAP21",1.154,0.251396095608181
"NDUFAF2",1.119,0.251458264603662
"KLF3",1.175,0.251469854706824
"TMPRSS11A",1.083,0.251567147989745
"AG2",0.937,0.251570061217276
"KIAA1468",0.861,0.251651244135354
"IL18",1.076,0.251690325031816
"ATP5J2",1.103,0.251719874135179
"CLEC4C",0.919,0.251764582428336
"ERLEC1",0.863,0.251881562769439
"ADD2",0.953,0.251998525800445
"TMEM127",1.22,0.252015777068698
"OFD1",0.876,0.252111058696024
"FAM69B",0.943,0.252116822195539
"PSMC2",1.182,0.252171260867781
"IL23A",1.057,0.252194721088462
"TAF1C",0.893,0.252200938168409
"DHX9",1.252,0.252225251503161
"GJB7",1.035,0.252242774577239
"LOC729082",1.172,0.252272771241063
"GSDMA",0.944,0.252304431074813
"S100A2",1.041,0.252336284887967
"NHSL1",0.919,0.252439099064494
"TET1",1.084,0.252575954947413
"LOC100133893",0.906,0.252662819140654
"FAM169A",1.068,0.252724875901035
"SMURF1",1.144,0.252834824903617
"ACOT6",1.096,0.252957853146974
"AFM",1.199,0.253257667713647
"BYSL",1.115,0.253283223592668
"ZNF561",0.851,0.253505365689095
"LOC374443",0.914,0.253525531183474
"SRR",1.132,0.253549930022952
"WNT9B",0.917,0.25359244032645
"NDUFAF1",0.848,0.253653829852964
"HTR1B",1.065,0.253659275995725
"GORASP2",1.223,0.253679838207243
"ZNF774",0.886,0.25368683605547
"SEPT9",1.183,0.253772155549382
"OBFC2B",1.163,0.2537997245622
"GGN",1.09,0.253808665125395
"STXBP5L",1.043,0.254001975735177
"DENND2A",0.927,0.254028141706211
"SMO",1.07,0.254123687112112
"SRCRB4D",1.065,0.254300988439712
"IL1F7",0.973,0.25435974433204
"TMEM72",0.915,0.254364230651327
"SPATA21",0.906,0.254383169416425
"TARS",1.128,0.254387150230159
"FAM172A",0.865,0.254442074608888
"THOC3",1.133,0.254617156939432
"STON2",1.081,0.254619049757091
"ECM2",0.935,0.254622166166069
"MKNK2",0.863,0.254622673075259
"FBXO4",0.888,0.254628988620187
"MEST",1.103,0.254644223536002
"SEPT12",1.094,0.254644444013102
"RREB1",1.143,0.254685870025375
"PKN2",1.165,0.254796179476816
"FANCG",1.124,0.254934655295118
"FNDC1",1.047,0.254940523478599
"COQ3",1.136,0.254994196612013
"PIK3CB",1.15,0.255032134707271
"RMRP",0.938,0.255085504547727
"LTBP2",0.935,0.255172648254786
"PGP",1.145,0.255181489683726
"ITGAE",0.893,0.255198304127467
"PCDHB13",1.067,0.255211354895111
"TGIF2LX",1.076,0.255233248666127
"PTPN4",0.861,0.255248108387174
"CTNNBL1",1.203,0.255264633089148
"GPC2",0.952,0.255277450347525
"LCN12",0.95,0.255290673858353
"ORM2",0.971,0.255294070494485
"CCDC9",1.156,0.255370543921952
"PDHA1",1.176,0.2554564056768
"METTL11A",1.163,0.255514477585125
"TAS2R60",1.206,0.255541982542568
"TACR2",0.929,0.255544487434162
"TMEM106C",1.104,0.255597674837972
"MRPL35",1.203,0.255648986937902
"ADPRH",0.902,0.255695536171407
"GNAI2",0.86,0.255698899679574
"HTR1F",0.936,0.255707725523458
"ARID4B",0.839,0.255830119876595
"C10orf78",1.138,0.255926100911131
"CDS1",0.88,0.255977240892219
"UGT1A1",1.038,0.256240943946249
"CILP2",1.047,0.25629093487285
"MAP3K9",1.105,0.256301729139869
"HRASLS5",0.957,0.256306886560942
"ESAM",0.92,0.256334384162029
"SIGLEC16",0.936,0.256388040454063
"ARMC6",0.858,0.256419336712675
"LOC100132288",0.931,0.256423930964552
"FAM3D",0.966,0.256446368046692
"CMC1",1.137,0.256575192488103
"PAX1",1.063,0.256602995690876
"STXBP6",0.95,0.256717006895847
"SLC48A1",0.876,0.256842453875528
"HIPK4",1.1,0.256914706680505
"COG2",1.208,0.256935222421737
"POU1F1",1.218,0.257115450674184
"NUP205",1.148,0.257136459822301
"LOC729609",1.35,0.257214644816913
"C14orf143",1.081,0.257252405817961
"SLC35A3",1.123,0.257281160590979
"RP1.177G6.2",0.829,0.25729094029919
"TBC1D26",0.875,0.257339150272967
"CCL7",1.043,0.257427453099448
"LIN7C",1.211,0.257471654560697
"ATM",0.882,0.257508139812366
"CSH2",0.763,0.257513797895116
"CAPZA3",0.907,0.257532294507133
"CCDC150",1.054,0.257695734210561
"LFNG",0.938,0.257708419580639
"LOC401052",0.911,0.257728344549281
"TOX3",0.969,0.257735093259201
"RET",0.963,0.257757652137581
"C14orf129",1.126,0.257796497771014
"KIAA1804",1.111,0.257826673086158
"DOCK11",0.928,0.257836470811064
"SUMO4",1.126,0.257864581382185
"FBXW2",0.836,0.258061040939036
"C5orf4",0.95,0.258189654722326
"DTX4",0.922,0.258299934665619
"ARL13B",0.872,0.258308335513708
"FSCN3",0.891,0.258431950142297
"SFRS15",1.193,0.258437553841702
"C1orf54",0.921,0.258454719702731
"HIST1H1B",1.07,0.258482750886351
"TNIP1",1.178,0.258505203490585
"H2BFXP",0.922,0.258629793256391
"TRA2A",0.835,0.258696333522566
"ECSCR",0.92,0.258727279828603
"FAR1",0.848,0.258908465077107
"LDHC",1.039,0.259031443904539
"SESTD1",0.898,0.259085188265485
"LRCH3",1.123,0.259257197398875
"EFCAB7",0.868,0.259288432586489
"NLGN3",0.916,0.25932605651533
"TRIM53",0.911,0.259366279581375
"C15orf24",1.17,0.259632507676672
"FNTB",1.22,0.259671793624615
"ING5",0.882,0.259679091711463
"SIAE",0.927,0.259814587273798
"HIATL2",0.885,0.2598493619491
"XIRP2",0.908,0.259955836208758
"ATP2B2",0.933,0.259987590597236
"PTPLB",1.09,0.260029594652017
"PEX2",0.877,0.260070014920742
"TPCN2",0.861,0.2600910082644
"PCDHGA8",1.049,0.260382421967555
"NUFIP1",1.192,0.2604198532523
"SDHA",1.155,0.260436473228934
"SDHC",1.156,0.260460771346375
"MURC",1.078,0.260589612523921
"EXOC3",0.846,0.260649676387592
"RLF",0.843,0.260679444259796
"CXorf59",0.935,0.260714327638384
"MFAP1",1.204,0.260842729790831
"MITD1",1.158,0.260860062352023
"RAB11FIP2",0.874,0.260870981599062
"MYLK",0.93,0.260874497397799
"SLC47A2",0.94,0.260876160116993
"NKD2",0.942,0.260955782999225
"ZDHHC12",1.139,0.26097983142953
"TGIF2",0.879,0.261033771712425
"TBC1D1",1.105,0.261054928517267
"STAG1",1.144,0.261099035424871
"FEZF1",0.968,0.261181966685241
"UBXN6",0.83,0.261208804040592
"SUMO1P3",1.178,0.261214555285878
"PEX1",0.865,0.261255377448856
"ACTL7B",0.763,0.261258944116767
"STL",0.922,0.261285084987004
"HADHA",1.284,0.261312590461501
"C12orf54",0.892,0.261317228700899
"RAPGEF6",0.924,0.261371817469029
"ADCY2",0.955,0.261384784776736
"ERCC8",1.165,0.261456118830229
"CPNE7",0.954,0.261649018837042
"EDAR",1.039,0.26190911373126
"KIF5A",0.957,0.261938755406114
"PRUNE",0.855,0.261976750436763
"SEMA3F",1.092,0.262050249831235
"ZC3H11A",1.179,0.262199077935248
"GCNT3",1.037,0.262248580000485
"AGR3",0.971,0.262275354226784
"PAGE2B",0.955,0.262307331810475
"CTSA",0.88,0.262365168259101
"POLR2A",1.134,0.262491664313698
"C5orf36",1.091,0.262493449476
"FBN1",1.065,0.26249965817686
"PRKCQ",0.945,0.262614371168198
"NOC3L",1.181,0.262636955394272
"LOC729991.MEF2B",0.925,0.262673585765343
"SIRT7",1.148,0.262703977802632
"SPIN1",1.228,0.262705939688835
"LOC283314",0.926,0.262734489333767
"ZC3H10",0.829,0.262785887657881
"KLRF1",0.945,0.262872117854721
"CD93",0.926,0.262915630155941
"ST7OT2",1.116,0.26301952713164
"GRTP1",1.097,0.263035988844165
"FNDC8",1.112,0.263129922407107
"TARBP2",1.149,0.263159656799
"ZAN",0.839,0.263207378758232
"HSPB2",0.925,0.263214494640112
"SLC12A1",0.892,0.263250085135945
"C19orf12",0.841,0.263283023850809
"PRRX1",1.074,0.26336775598944
"GATSL1",1.081,0.263467293473828
"HIST1H1D",1.059,0.263514747686334
"IL17B",1.091,0.263642574643879
"SLC45A4",1.089,0.263657866134645
"PRB3",0.956,0.263739740846312
"CTSE",0.974,0.2637783030774
"TREH",0.947,0.263816716596655
"LOC388152",0.92,0.263869326299393
"GCK",0.935,0.263892214737954
"JAK1",1.161,0.263906570498163
"SPTY2D1",1.201,0.263929910267909
"TMEM123",1.143,0.263967451729236
"PRSS55",0.772,0.264042460798567
"LIME1",0.934,0.26408944139456
"TSGA10IP",0.891,0.264151857280546
"GSN",0.904,0.264190916903361
"BCAS1",1.034,0.264224289936119
"PDE4D",1.059,0.26427565533369
"UBE3A",1.216,0.264287282562855
"DYNLT3",1.152,0.264302024462488
"SNORA72",0.781,0.264380763525731
"DYRK1A",0.817,0.26444853184307
"STMN4",0.861,0.264465764108027
"UTP18",1.18,0.264477388240157
"KRTAP5.1",0.943,0.264509861172798
"DAB2IP",0.891,0.264527465775102
"NPPC",0.876,0.264573078209487
"PLXNA4",1.059,0.264586091566612
"EFTUD2",1.221,0.264625573341066
"MBLAC2",0.886,0.264678354913327
"ZNF385B",0.968,0.264934199559343
"MCRS1",1.213,0.265002415405845
"ZFYVE26",0.879,0.265218556272916
"FAM183A",0.964,0.26524529498165
"CPE",1.05,0.265301146541133
"ERCC2",1.159,0.265464493550126
"EDA",0.95,0.265542769678881
"HCFC1",1.161,0.265587187207527
"MAP1LC3B2",0.86,0.265644571997825
"BTBD6",0.868,0.265802769329407
"RARB",1.086,0.265804586611717
"C11orf65",1.089,0.26582479612059
"CCDC12",0.863,0.265837623629835
"SNRPG",1.109,0.265837663105264
"PCDHA9",1.063,0.265840984111358
"SEMA4C",0.883,0.265915812365341
"STK38",1.178,0.266020347956637
"DCAF12",0.863,0.266096750034071
"DHX35",0.845,0.266128498359525
"MCEE",0.886,0.266196815502557
"CLCF1",1.072,0.266353751668852
"EZH2",1.079,0.266354590940051
"GRP",0.961,0.266407796123753
"X..90288",0.954,0.266471429984732
"PSG9",1.063,0.266472241786304
"KIAA0753",0.868,0.266536907556399
"KCNJ12",1.05,0.26653701385075
"ADK",0.901,0.266555825861403
"C3orf65",1.154,0.266615846822173
"P4HB",1.156,0.26664258372746
"N4BP1",0.832,0.266820822338933
"EIF3A",1.161,0.266826668442087
"CNP",1.194,0.266963051109246
"NUMA1",0.888,0.266986198825582
"FHOD3",1.048,0.267013547754502
"CAND2",0.935,0.267086944880141
"TOX4",0.799,0.267088838122287
"C2orf57",0.826,0.26716135320386
"TOPBP1",1.126,0.267301102639768
"ANKRD9",1.081,0.267312899185074
"HRK",0.915,0.267317811921459
"MAN2A2",0.873,0.267329112825503
"C17orf59",0.853,0.267352478461821
"LOC100133957",0.892,0.267387227742
"C8orf75",1.061,0.267529123266341
"ARID2",0.857,0.267627309318257
"TSEN15",0.867,0.267693507109951
"ARMS2",0.812,0.267827489729637
"ANKZF1",0.872,0.267869204085728
"TBC1D7",0.891,0.267938173568142
"MUTED",0.837,0.267979809286072
"RTDR1",0.953,0.268063329878197
"SPP2",0.959,0.268117046306595
"CALD1",1.091,0.268160603412832
"ZNF699",0.925,0.268162170531536
"CTH",1.084,0.268205134055425
"MVK",0.874,0.268206292992866
"POP7",1.124,0.26820954374944
"DNAJB14",1.159,0.26824832646224
"N6AMT1",1.145,0.268250179921578
"SKAP1",0.947,0.268264781015444
"IL17C",1.045,0.268305319082069
"GLUD1",1.186,0.268320261173253
"ZBTB45",1.176,0.268365318945794
"CCNDBP1",0.875,0.268370706456015
"TTC14",0.885,0.268370706561034
"MEGF6",0.937,0.26846533559799
"IL1F5",1.03,0.268487786680451
"MTF1",0.868,0.268504465948324
"FILIP1",0.95,0.268586457561082
"NDNL2",0.845,0.2686504093984
"MARCH5",1.202,0.268693241333173
"ADAMTS2",1.059,0.268713625204021
"ASPRV1",0.901,0.268726146223876
"SNORA9",0.595,0.268758165813634
"OCEL1",0.885,0.268769385991464
"CUL1",1.277,0.268837676251704
"CD38",0.948,0.268927610475082
"PHLPP1",1.111,0.269009621830625
"MSMP",0.896,0.269022373920554
"CS",1.187,0.269091452266373
"FAM90A7",0.777,0.269105254330307
"SPINT2",1.118,0.269113137806998
"PTGS1",0.931,0.269234656151989
"SEL1L2",0.708,0.269415775309186
"CRYBG3",0.905,0.269755931342867
"NMNAT2",1.034,0.269758360093318
"ZBTB33",0.846,0.269783180044401
"GPR172A",1.121,0.269810827830161
"EBF2",1.067,0.269935458001606
"PVRL4",0.928,0.269986218105243
"ANKRD34B",0.969,0.270033551612129
"MRS2",0.872,0.270036644942086
"PIGM",0.865,0.270057329413407
"NCRNA00120",0.91,0.270060976554302
"PALB2",1.201,0.270133454372982
"CECR4",0.904,0.270151486428049
"ZBTB2",1.226,0.270220886027816
"IQSEC2",0.883,0.270220924784157
"TM2D2",1.135,0.270222952066235
"CDK16",1.152,0.270257825145642
"KBTBD13",0.706,0.270262269972951
"OR4C6",0.927,0.27028340242716
"SARS",0.833,0.27028964801523
"VN1R5",0.837,0.270348025599863
"ZDHHC23",0.902,0.270353911973424
"PAR1",0.894,0.270387485808118
"CARS",1.193,0.27039404863746
"SLC35E4",1.109,0.270413293313007
"FAM74A1",0.782,0.270439485629583
"FDX1",1.146,0.270547957840583
"DST",1.069,0.270570807664806
"PNPT1",1.141,0.270663642517536
"ADAT2",0.915,0.270697155093603
"ECHDC3",0.944,0.270744549978212
"NXF2",0.945,0.270775099202009
"FAM71D",1.12,0.270931893683743
"GXYLT1",1.154,0.270937247363839
"TBXA2R",1.097,0.270982076917648
"HIST2H2AA3",1.059,0.271209370941792
"C14orf149",1.1,0.271249395237681
"EFCAB1",0.967,0.271472068449785
"IFIT5",0.89,0.271542184792217
"POLR1A",1.119,0.271565627440307
"DCDC1",0.925,0.27166322011096
"PIF1",1.058,0.27178886624161
"IL12A",0.932,0.271808078683445
"SNAPC4",0.894,0.271852878342783
"TUBA3D",0.914,0.271870696850135
"TBC1D10B",1.208,0.272037087194957
"LRPPRC",1.165,0.272112291747476
"NOC2L",1.155,0.272171639014923
"FTL",0.911,0.272247090999887
"C20orf30",1.164,0.272253471906871
"PCYOX1L",0.899,0.272381009583969
"MGAT1",0.862,0.272424175294389
"MAP2",0.95,0.272595517182806
"WFDC12",0.958,0.272631915463382
"FKBP15",0.85,0.272648740877407
"SRFBP1",1.155,0.272814833428087
"CRIPAK",0.929,0.273013839056113
"CAMLG",0.858,0.273027922587185
"MICA",0.913,0.273076264996896
"PDZD3",1.054,0.273360136321149
"COPZ2",0.928,0.273367948158171
"GOLGA6L1",0.939,0.273461660407718
"PHOX2A",0.922,0.273468664951188
"SPEF2",0.942,0.273510465075272
"GSTA4",0.929,0.273564646357514
"GALR1",0.913,0.273580344261167
"B4GALT2",1.152,0.27359384160172
"MAP3K11",1.187,0.273596042019138
"MORF4L2",1.172,0.27361525975058
"GABRG1",0.893,0.273634373771149
"C8orf79",0.946,0.273742897096409
"DIO3OS",0.921,0.273769059436106
"LRRC37B2",0.826,0.273770017423179
"GCA",0.86,0.27381611587823
"LRRC4B",0.934,0.273902403597614
"SLC44A3",0.918,0.273994681882728
"AMBRA1",0.842,0.274024704104669
"SOCS7",0.918,0.27403110262602
"ZBTB47",0.886,0.27428636096001
"P2RX6",0.94,0.274298971374641
"AIDA",1.191,0.274310934509404
"IFIH1",1.093,0.274520584443622
"SEC23IP",1.196,0.274547054847351
"PSENEN",1.112,0.274788276160517
"MSI1",0.965,0.274867644249366
"ANKRD20A4",0.899,0.274926010151353
"SNX6",1.12,0.274936029738329
"CACNG8",1.203,0.275128244975238
"C1orf9",1.168,0.275149477927049
"PRR5.ARHGAP8",0.942,0.27516494125644
"LILRA6",0.947,0.275166232300291
"MOCOS",1.074,0.275188543703426
"DIMT1L",1.176,0.27520918833039
"FLJ25758",1.298,0.275246780285481
"FAM160B2",0.888,0.275253444673274
"CCL28",0.953,0.275480082754123
"C1orf61",1.032,0.275630823367262
"NEURL4",0.883,0.275795191081097
"NCRNA00032",0.787,0.275865802720878
"R3HCC1",0.856,0.275918447522483
"KDM5A",1.166,0.275941452099754
"TMIGD2",0.938,0.275951465296993
"SCT",1.055,0.275955203226823
"ALDH16A1",1.137,0.275961060671496
"FAM116A",0.818,0.275970442678743
"LOC678655",0.902,0.275972520577475
"STARD4",1.092,0.275984450794959
"RNF216",1.188,0.276105326497771
"VPS33B",1.222,0.276126708428131
"MITF",0.923,0.276189987798868
"C9orf80",0.856,0.27620372206473
"BDH1",0.919,0.276207675035229
"STARD8",0.924,0.27622783360418
"MOBKL3",1.169,0.276269922369464
"DBT",0.854,0.276311700397606
"CDC42BPG",0.92,0.276554447383024
"PDLIM4",0.949,0.276578422949947
"DEPDC6",0.928,0.276921007026074
"GYG1",1.145,0.27694401772429
"DAP",0.882,0.277099796608942
"RGMB",0.892,0.277109080985873
"JUNB",1.099,0.277137396969887
"CETN4P",0.902,0.277337868260553
"TCL6",0.954,0.277581742390594
"LOC407835",1.135,0.277625944965997
"C2orf67",0.87,0.277651574455393
"LOC100130987",0.913,0.277659984498214
"ZNF711",0.948,0.277663555604515
"GDE1",0.877,0.277827084604406
"C3orf54",0.914,0.27792119410517
"NOX5",1.045,0.277966631620831
"SLC35F1",1.063,0.277979447327809
"RXRA",0.88,0.278182198782611
"METAP2",1.184,0.278255904879666
"ZBTB7B",1.157,0.278308960069395
"C17orf39",0.847,0.278358627110191
"PTPN21",1.091,0.278407095365861
"PLCXD2",1.078,0.278419352660978
"NKX3.2",1.047,0.278424899480722
"WDR93",0.944,0.278521250192293
"MTNR1A",0.942,0.278763504694494
"STAT6",0.862,0.278777277712274
"FAM126A",1.075,0.278808295563486
"PRPF40B",0.909,0.278844538029688
"RABGGTA",0.843,0.278885665200449
"CSPG5",0.951,0.279016061034223
"THUMPD1",0.828,0.279032246912642
"IQCF6",0.739,0.279051462221116
"CCL22",0.95,0.279153748857046
"NFU1",1.153,0.279257608695453
"G6PC2",0.867,0.279291330441638
"FLJ40852",0.926,0.279530055875021
"C7orf52",1.061,0.279568811023887
"PNPLA4",0.912,0.279686268829677
"COL16A1",0.933,0.279741353348999
"KCTD4",1.096,0.279810177386554
"IDO1",0.957,0.279969081726758
"ANKRD22",1.047,0.280071662813026
"KCNIP3",0.945,0.280122736459284
"CAST",1.148,0.280140718708054
"LOC646214",1.155,0.2802000400987
"CCL5",0.943,0.280367873351601
"RABEP1",0.813,0.280391389193658
"MRPS18C",1.181,0.280454754899138
"PBX2",0.856,0.280456750852701
"ZNF200",1.187,0.280489712648568
"CEP78",1.141,0.280512018562612
"KIAA0174",0.795,0.280577023398524
"LGALS9C",1.059,0.280618932789059
"CAMK4",0.936,0.280668166824922
"CHMP2B",1.169,0.280720992592335
"RAB43",0.888,0.280906841385139
"DCXR",0.907,0.280920178217131
"PHACTR4",0.836,0.280999370692171
"PART1",0.966,0.281003894391026
"CALHM2",0.908,0.281004061652616
"MCF2",1.049,0.281318276483014
"LOC100192426",1.125,0.281422124961025
"LRRC20",0.895,0.281492666419833
"FASTKD2",1.224,0.281554968113898
"ACTRT1",1.237,0.281630965884541
"RD3",0.917,0.281707649173174
"LOC440173",1.037,0.281812226112768
"PWP2",1.174,0.281857777970535
"SYNPR",0.909,0.281892786544479
"CXCL14",0.973,0.281903030057963
"XKR8",0.849,0.282044824402555
"CASP2",1.166,0.282068393374473
"THBS4",0.967,0.282070108998527
"COL25A1",0.975,0.282145618309517
"CREM",1.119,0.282182986738822
"CD209",0.95,0.282291244204483
"DACT1",1.063,0.282341259341219
"ARPC2",1.199,0.282420702103791
"C20orf103",0.951,0.282638151504504
"BAG3",1.14,0.282642769563845
"CA6",0.94,0.282650133298168
"XAB2",0.862,0.282675555958335
"C20orf203",0.915,0.282785035867816
"FDXR",0.903,0.282859815228417
"XRRA1",0.87,0.282972410131363
"MC2R",0.918,0.283083785443763
"HMGCR",1.138,0.283173061068162
"C10orf54",0.908,0.28322036282904
"EHF",0.942,0.283559949717009
"GPR113",0.91,0.283605822404426
"ISYNA1",0.927,0.283688813198268
"LOC729375",0.913,0.283829335601301
"BRIX1",1.119,0.283879443264967
"KIAA0232",0.879,0.283910784215556
"TBC1D22B",0.822,0.284026958248756
"OR2A25",0.828,0.284053248239742
"ALDOB",0.961,0.284126616328513
"B4GALNT2",1.028,0.284268268822112
"CD248",1.081,0.284286837726526
"IFRD2",1.162,0.284355820292099
"FBXO36",1.101,0.284471530485102
"TREML3",1.048,0.284616140017788
"ZNF642",0.878,0.284667441779612
"C7orf60",0.884,0.284785522511477
"ZNF32",0.891,0.284800339305115
"ADRM1",1.151,0.284951672332465
"NBL1",1.074,0.28501763922607
"GK",0.928,0.28503322523151
"B3GNTL1",1.118,0.285173413308065
"PKD2",0.895,0.285208110723943
"PISD",0.847,0.285213242772531
"C17orf60",0.942,0.285276597461172
"HACE1",0.89,0.285383049383487
"ZC3HC1",1.182,0.285412963205989
"BCS1L",1.176,0.285606906610136
"SCARNA7",0.912,0.285680880598174
"RPAP1",1.154,0.285841867516433
"EEPD1",1.091,0.285856823056683
"FLJ13224",0.901,0.285859605365583
"C8orf38",0.901,0.285865289082673
"C5orf62",0.924,0.285868306142764
"SUMO1P1",0.91,0.285981955539397
"GOLPH3",0.864,0.286042462765819
"EPCAM",0.901,0.286076430073695
"PACRG",0.959,0.286127083207797
"ZDHHC4",1.175,0.286225340759643
"DDI2",0.922,0.286239383795109
"MAP3K6",0.903,0.286256947513702
"CEND1",0.935,0.286279988340518
"TGFB2",1.052,0.286316185965763
"YEATS2",1.13,0.286480097910243
"HEXA",0.882,0.286488164100384
"EMR2",1.066,0.286576187122815
"CLVS1",1.061,0.286733091949604
"GALNT8",0.914,0.286799908975238
"STEAP3",0.936,0.286808483476061
"NUTF2",1.141,0.286901287714418
"MDC1",0.891,0.286951847363118
"BAI2",1.053,0.286955584894367
"PPAPDC2",0.871,0.286962201527725
"PPAPDC3",0.927,0.28710659282695
"WNT1",0.928,0.287114550067
"BOLA2",1.109,0.287163445296454
"SLU7",0.849,0.287224734546713
"FZD2",0.939,0.287315756520026
"TFF3",0.973,0.28746953594653
"NEIL2",0.894,0.287678503541688
"KLHL2",1.132,0.287706494369392
"ZFP161",0.796,0.287713394228546
"DGKD",0.909,0.287772743133928
"SPON2",1.061,0.287838586397882
"THAP4",1.175,0.287920598326001
"TXNDC6",0.947,0.287925638196145
"SGTA",1.2,0.288132734039227
"C9orf44",0.913,0.288171002444054
"ZDHHC14",1.089,0.288172698047295
"LYRM2",0.844,0.288177430220148
"RNASEH2B",0.862,0.28819663194974
"NRG3",0.937,0.288241401310859
"PAPPA2",0.955,0.288386083843621
"CCNY",0.844,0.288422402319655
"ADAT3",1.088,0.288451616213129
"COX7B2",0.958,0.288565207144141
"C4orf49",0.942,0.288639519342191
"FGD1",1.083,0.288744076108987
"DUSP27",0.94,0.288791331940508
"HRC",0.944,0.288912932442297
"LILRP2",0.948,0.288942830134464
"CDC42BPA",1.078,0.289066605798558
"IMPA2",0.929,0.289093721620906
"SEMA3G",0.934,0.289187685508984
"PARD3",1.122,0.289193199121457
"JKAMP",1.198,0.289256275404495
"C7orf43",0.885,0.289266233807499
"BCHE",0.954,0.289389631583534
"ATPAF2",0.856,0.28943206129102
"DEC1",1.199,0.289490932052329
"NTSR2",0.902,0.289492741334113
"HBEGF",1.068,0.289499088137489
"PCSK6",1.053,0.289503991256849
"CHRNB1",0.912,0.28975144504408
"POLL",0.836,0.289760934622971
"ZNF584",0.878,0.289954082504118
"UNC119",0.849,0.29004829259523
"CT45A3",0.95,0.290241332705403
"SRGN",1.069,0.290260446802271
"EGR1",0.943,0.290262140910194
"PCDHB3",1.061,0.290277527672945
"ARNT",0.849,0.290305572760964
"MAN1A2",1.114,0.290357791339639
"PTK2",0.859,0.290433009430583
"MCFD2",1.165,0.290706013340281
"CDH3",1.044,0.290716191371511
"PDC",1.143,0.290812224427292
"HIST1H2BG",1.04,0.290817144733396
"C13orf33",1.052,0.29086642073737
"OGFOD2",0.882,0.290889777209545
"CRK",1.176,0.29093719288975
"TMEM86B",1.09,0.29108491869
"HPDL",1.049,0.291141218918271
"SLC1A5",1.131,0.291350198961197
"TSGA14",1.137,0.2914932493896
"HINT1",1.119,0.291522922929021
"GABRQ",1.061,0.291543518621917
"CLTCL1",1.073,0.291543698669146
"ALMS1",0.891,0.291572633338848
"FBXL5",0.859,0.291577090178649
"REEP4",1.154,0.291713850612212
"TMEM200B",1.06,0.291772167785363
"FRAS1",0.955,0.291975386625791
"CCDC6",1.144,0.29202329973957
"DKFZP586I1420",0.888,0.292109499110561
"RNASE7",1.054,0.29212078531425
"ITGA1",1.08,0.292173469609432
"RTKN",1.14,0.29221452526842
"ZNF292",0.875,0.292312744955651
"DFFA",0.835,0.292321038588187
"LYSMD1",0.893,0.292347522457684
"SCAMP5",0.927,0.292525579126262
"MATN1",0.91,0.292547665026327
"TEX2",0.853,0.292595865506548
"ATP5F1",1.161,0.292605886869566
"IL32",1.073,0.29261325499127
"LGI2",0.953,0.292658911092203
"ASRGL1",1.05,0.292770277232677
"CRELD2",0.898,0.292777430083695
"IFNA21",0.704,0.292798919666736
"SLC30A9",0.843,0.292916609034756
"GRASP",0.929,0.292919069689142
"PRDM14",0.716,0.292961444274941
"C11orf53",0.962,0.293010477024321
"NDUFAF4",1.137,0.293285990964275
"ZNF461",0.903,0.293303285499214
"YIPF2",0.874,0.293333909053173
"DKFZp761E198",1.167,0.293425743439418
"GBP5",0.951,0.293523249741827
"MOGS",0.833,0.293571719159233
"PLA2G2C",0.811,0.293599539703642
"DNTT",1.157,0.293648719836862
"PCDHA12",1.04,0.293676097099976
"GRINL1A",1.165,0.29380036781265
"NUP155",1.097,0.293845624201903
"C7orf44",1.136,0.293849085266863
"C5orf51",0.867,0.293864827234124
"ZNF529",0.889,0.293884622125159
"C6orf81",1.066,0.293893857824547
"LGALS1",1.067,0.293917182869027
"CHSY1",1.117,0.293918118095352
"MAPK8IP2",0.958,0.293999454133512
"C20orf152",0.91,0.294072027560586
"MAST4",0.934,0.294130552539349
"H1FNT",0.887,0.294180449245966
"PMFBP1",0.935,0.294229378020704
"THAP5",0.858,0.294307653711135
"GEMIN4",1.16,0.294386544814165
"HSD3B7",1.102,0.294495200880117
"TTC27",1.177,0.294543889784907
"ANKRD37",1.077,0.294565753353418
"GABARAPL3",1.097,0.294847038796644
"LOC91149",0.863,0.294875987029571
"MKKS",1.152,0.294942467698985
"SLC15A3",0.931,0.295151566927449
"CDK12",1.151,0.295163231450327
"TIGD5",1.107,0.295281222356102
"INSL5",1.236,0.295296720162633
"STOML3",0.969,0.295344307304026
"C16orf55",0.892,0.295473549368388
"COMMD7",0.864,0.295515451607892
"ST6GALNAC3",1.07,0.295562982449605
"FLJ36000",1.071,0.295672441410913
"RFTN2",0.927,0.295686779872808
"AMN",1.037,0.295710726642586
"SLC13A2",0.972,0.295780204714103
"CLSTN1",1.135,0.295935213325983
"ARHGEF33",0.952,0.296207346254997
"GRK7",1.11,0.29622652060141
"VLDLR",0.932,0.296244248669517
"SLC6A12",0.948,0.296255601728005
"NLRP4",0.941,0.296257302286842
"GUCY1A2",0.934,0.296393226696225
"C19orf56",0.853,0.296400964423071
"C2orf89",0.95,0.296427808322194
"ASTN2",0.921,0.296433109549502
"RUNX2",0.922,0.296447651596479
"MEIG1",0.934,0.296508308892483
"EDDM3A",0.885,0.296548204093347
"RPS6KC1",1.167,0.296605014231615
"EFCAB4A",0.941,0.296656766070792
"HHIPL1",1.067,0.296742476269322
"SHMT2",1.107,0.2967584184726
"GLYCTK",0.918,0.296781965480113
"C6orf150",1.083,0.296821233421226
"ZNF264",0.879,0.296967475985489
"EIF2AK4",1.176,0.296988852504043
"CYP4F2",1.078,0.29707057693454
"DCAF8",0.844,0.297471078890309
"CSNK1G3",1.179,0.297492761735699
"FGFBP2",0.944,0.297648598128762
"GOLGA6C",1.339,0.297731841360987
"PKHD1",1.035,0.298059409230098
"ANKS4B",1.027,0.298172806546575
"F13B",1.213,0.298208768174096
"TDGF1",0.952,0.298227610497053
"TTC8",1.152,0.298330450478545
"PPP2R3C",0.89,0.29837244624201
"TERC",0.902,0.29859295416598
"DIO2",1.044,0.298692591099404
"ASGR2",1.058,0.298713416685719
"ATP13A1",0.862,0.298837697742985
"KCNS1",0.964,0.298869169575535
"SPATA9",0.913,0.298938553285547
"C19orf35",0.929,0.298984502466461
"CPN2",0.93,0.298986006503315
"HTRA2",0.842,0.298990048109483
"KIR2DS4",0.945,0.29900707253459
"SNX10",1.071,0.2990264142652
"NFXL1",1.133,0.299072636037985
"APOBEC2",0.953,0.299140194178894
"DUPD1",0.699,0.299220775579203
"FAM153C",0.91,0.299324763545038
"CYP2C8",0.95,0.299468424046657
"AATK",0.957,0.299507084339285
"NSUN3",0.849,0.299606535419293
"CSRP2",1.082,0.299619978855087
"RBPJ",0.856,0.29967933672127
"JUN",0.921,0.29970730392466
"ZNF525",1.128,0.299786562445067
"FLJ44054",1.128,0.299901785560944
"ZFAND6",1.165,0.299991965228506
"DYRK2",1.108,0.300130294960052
"CSRNP2",0.862,0.300136388419372
"LOXL4",0.952,0.300192214093561
"PRMT2",0.841,0.300212730609085
"AFG3L1",0.918,0.300306795499818
"PYY2",1.069,0.300466671643216
"SETD7",1.123,0.300496082470059
"AADAT",0.944,0.300514428148935
"TSSK6",0.906,0.300517273740734
"PAX8",1.047,0.30052308123433
"PPP4R2",1.133,0.300527349132784
"NBPF9",0.921,0.30066842085699
"FAM19A5",0.953,0.300688508154547
"RECK",0.922,0.300723176259521
"CXorf64",0.95,0.300740848874514
"CASC4",1.157,0.300941006898068
"GET4",1.123,0.301034077285697
"LOC728190",0.886,0.301043489967481
"DSC3",1.031,0.301087637219927
"ARMCX2",0.918,0.301117989977978
"LOC388428",0.81,0.301121542448944
"TMEM143",1.141,0.301203893720613
"PRPS2",1.133,0.301259887334112
"GCSH",1.062,0.301294465202702
"MYL9",0.924,0.301544491747979
"ZFP37",0.937,0.301559837773099
"ARHGAP28",0.936,0.301635516680685
"LDLR",1.079,0.301727692904172
"RPS6KB2",0.868,0.301861947922096
"TMED10P1",1.157,0.301937275190106
"USP13",1.097,0.301960426016935
"UBE2D2",1.219,0.302049288526025
"ELF4",1.106,0.302123063867981
"AKR1B15",1.027,0.302276275835072
"CCDC116",0.927,0.302370937706861
"ZNF16",0.856,0.302525967048877
"CASP4",1.105,0.302555169046413
"TMC4",0.92,0.302624706419196
"RPL38",1.114,0.302630601441993
"TDRD7",1.142,0.302634858199097
"PDXP",0.877,0.302654760623357
"ITLN1",0.963,0.302701897082464
"C10orf119",1.185,0.302848493319726
"CD14",0.938,0.302861695696127
"OMA1",0.867,0.302910321116423
"NUMB",1.221,0.302930982230512
"TLL1",0.945,0.302933791578137
"CLK2",0.878,0.303014962330047
"CCDC122",1.091,0.303112956707436
"PIP",0.972,0.303129796055418
"HBS1L",1.163,0.303146221150895
"ZNF668",1.161,0.303153992615587
"SLC4A9",0.902,0.303278256093753
"RBBP5",1.161,0.303337725717752
"TRIP11",1.142,0.303353855167839
"FAM109A",1.133,0.30337737365686
"LYPD4",1.082,0.303422605850225
"USP22",1.143,0.303459818396188
"TMEM204",0.92,0.303539172027018
"RAE1",1.151,0.303574879900774
"SNORA24",1.245,0.303804917452402
"RASGRP1",0.938,0.303863964963364
"ABHD2",1.079,0.303869688207385
"C3orf52",0.911,0.303943656462701
"MYO18B",0.96,0.304017101170682
"HOXB13",1.024,0.304227099140534
"RNF13",0.859,0.304234949831968
"POLE",1.096,0.304245492294581
"XKR3",1.105,0.304345660441474
"MBP",0.91,0.304726215551032
"PHGDH",1.047,0.304825520481481
"MAFG",1.117,0.304937425698134
"SERINC2",1.09,0.305091300199204
"WBP2",0.846,0.305122914072714
"C1orf204",0.929,0.305233270059171
"GNA13",1.153,0.305342863166541
"HIST1H4F",1.341,0.305369234482168
"BAX",0.863,0.305404970511454
"FBXO41",0.937,0.305431070786295
"WASF2",1.149,0.30562791366371
"PRSS37",0.841,0.305834249811339
"EEF1DP3",0.921,0.305858071623156
"PIGQ",0.899,0.305868382336676
"ANKS1A",0.884,0.30588200642413
"CBX8",0.892,0.305887498464782
"CDC42",0.847,0.305905447211378
"CBLN1",0.956,0.305954770644066
"ABHD15",1.167,0.305981287437988
"DPP9",1.139,0.306014372359542
"SERTAD1",1.101,0.306090101124921
"SUCNR1",0.956,0.306099409331296
"C6orf153",1.16,0.306173004214711
"ZFP91",1.182,0.306181968195207
"EXOSC3",1.149,0.306199032187961
"ADNP2",1.154,0.30623884470196
"GTF2IP1",0.853,0.306290076657428
"OPRL1",0.925,0.306312981178252
"SFRP2",1.037,0.306375446057589
"PGBD2",0.875,0.30651553843696
"SLC6A3",0.974,0.306522458270667
"DGAT2L6",1.229,0.306639564078463
"MICAL2",0.93,0.306699895703289
"PRR7",1.061,0.306742476232906
"MYH8",0.822,0.306769843992375
"LOC339674",1.06,0.306941769605587
"COX11",0.87,0.306954414494184
"KMO",0.938,0.30705500946738
"CHST14",1.17,0.307063500770745
"RAPGEF2",0.885,0.307072597498838
"MSMB",0.98,0.307163555461342
"ESRRB",0.928,0.307255758239095
"GRPEL2",1.163,0.30728131233167
"MIB1",1.135,0.307409199894961
"HIST1H2BL",1.078,0.307664725279607
"ZNF580",0.892,0.307781514815755
"CHD3",1.113,0.307790238634762
"MRPL14",0.905,0.307833629691331
"LOC144438",1.185,0.307838495062956
"PDP1",0.908,0.307993745170099
"LOC100130015",0.936,0.30802658815719
"ACVR1C",0.947,0.308061923253169
"SIX2",0.97,0.30817707656353
"TMEM70",0.895,0.308188121081094
"PIWIL4",1.076,0.308214415683804
"LIX1",0.936,0.308215392608468
"SHFM1",1.115,0.308294217965148
"LOC645752",0.906,0.308322503786676
"S100A7A",1.052,0.308439386705148
"TAS2R10",0.896,0.308493521418704
"APEX2",1.173,0.30856349004793
"CAPN8",0.966,0.308631199927358
"KILLIN",0.913,0.308631863049328
"MKL2",0.891,0.308701584967276
"CARD18",1.095,0.308773005523674
"C6orf142",0.929,0.308866062747949
"SLC2A12",0.942,0.309079603910115
"ATP6V0A2",0.851,0.309199814476345
"GTPBP1",1.173,0.309285961763091
"TM2D1",1.145,0.309426205799315
"SNAP91",0.953,0.309489482882515
"GRHL2",0.897,0.309496539771411
"IGSF21",0.957,0.309525635944571
"TIMP3",0.941,0.309562586219381
"RALGAPB",0.852,0.309700991549272
"RTP2",1.196,0.309740675853224
"MPHOSPH6",1.135,0.309844270198253
"MED23",0.862,0.30984774094758
"ANKHD1.EIF4EBP3",0.919,0.309867509962833
"KPTN",1.106,0.309927339746554
"DPPA4",0.907,0.30993334078463
"NCRNA00164",0.895,0.310139122052665
"STRA13",1.09,0.31017684306121
"PDE9A",0.946,0.31025268640291
"MIF4GD",0.878,0.310394616609001
"EPS8L1",1.067,0.310458996423346
"CDK11A",0.9,0.310465715656831
"BATF",0.934,0.310492281629162
"OR52I1",0.793,0.310509987803404
"RPS26P11",1.092,0.31052396545356
"CRTC2",0.839,0.310679230660059
"RNASE13",0.866,0.310752716718117
"SGK269",0.906,0.310757561100938
"MTVR2",0.862,0.31086338268371
"SLC38A5",0.941,0.31098677614831
"CEACAM6",0.967,0.310995708323047
"MMP15",0.929,0.311328488789882
"SLAMF8",0.943,0.311448668617323
"NUPL1",0.875,0.311496374272999
"CDRT15",1.38,0.311560272021528
"INTS2",1.144,0.311595411187478
"TOP1",1.146,0.311639202399126
"TDP1",1.092,0.31173971735069
"SAFB",1.181,0.31174660849472
"FAM200B",0.867,0.31179359516761
"LOC650368",0.898,0.311846612215339
"SH2D6",0.943,0.311868713346977
"CCDC103",0.923,0.311909206229928
"UBA5",1.205,0.311910666217033
"PDE1A",0.945,0.311927106097452
"NEDD8",1.145,0.311949859059122
"EFR3B",0.955,0.312045134070967
"ARFGEF1",0.885,0.312105976350215
"KIAA0947",0.884,0.312145848882603
"ANKFN1",0.962,0.312148590041726
"SDHAP2",0.925,0.312282206181235
"OR2A14",0.714,0.312295586339701
"IRAK4",0.865,0.312422951492948
"FAM69A",1.109,0.312430887014922
"EMD",0.847,0.312496914199034
"EIF2A",1.196,0.312513520242276
"CACNB2",1.064,0.31257275419414
"KRTAP5.6",0.743,0.312701735584519
"DOHH",1.117,0.312706994208673
"ASXL3",0.955,0.312833567642237
"LPIN3",0.922,0.312853097110073
"FAM110B",0.94,0.312941387748842
"DHX34",1.128,0.312941531238537
"ABR",0.893,0.313031086026867
"ERBB2",0.915,0.313072204607186
"GRK5",0.93,0.313117203738594
"PGM2L1",1.08,0.313133806401158
"STX2",0.906,0.313147614913162
"TMEM9",0.903,0.313154772123806
"GGT1",0.943,0.313158930143944
"CECR7",0.964,0.313306271298634
"C19orf22",1.15,0.313334657429035
"ANKRD54",0.865,0.313404260798681
"C10orf4",0.857,0.31345013825471
"TMEM145",1.042,0.313506123911093
"SYNJ2",1.094,0.313516730045631
"KIF5B",1.165,0.313536819309012
"SIAH1",0.83,0.313572152355841
"OXNAD1",0.854,0.313574331996926
"C10orf47",1.093,0.313605360952035
"DNAJC30",0.884,0.313678102655152
"LOC646762",1.093,0.313696742913545
"ZBBX",0.969,0.313699686528771
"CUL3",1.241,0.313707099040509
"CYP2C19",1.049,0.313789925211063
"RANBP9",0.855,0.31383204775645
"TSEN2",1.151,0.313887183212992
"SENP3",1.193,0.31389112797073
"PDPR",0.913,0.313895943905463
"DCHS2",0.958,0.313935606859165
"MMP11",1.037,0.313972467062214
"GUSB",0.884,0.314000943237441
"PLAC8",0.96,0.314050408388852
"C18orf25",0.851,0.314091054693619
"ZNF8",1.126,0.314227534113003
"FBXW8",0.863,0.31427504555071
"PRKAB2",1.111,0.314376401858712
"FYB",0.942,0.314419744240535
"SIRPB2",0.949,0.314601119663253
"MMP10",1.028,0.314652985965799
"ANAPC16",0.868,0.314671375521875
"KIF13B",1.077,0.314805704252476
"WAPAL",1.2,0.314811022402721
"SEMA3E",0.97,0.314850067949802
"N4BP2",1.079,0.31486425133749
"NRBF2",1.203,0.314870334784568
"GPR12",0.959,0.314877729375363
"LRRC40",1.138,0.314901423473952
"C8orf51",0.925,0.314950169680434
"AMPH",0.961,0.315084112230806
"TUBB8",0.929,0.315142380844241
"ZBTB16",0.967,0.315203366575181
"TMEM167A",1.163,0.315214884233871
"AACS",1.117,0.315289231374653
"BRF1",0.888,0.315443328870129
"SPTLC2",0.895,0.315486767345354
"RNF139",1.133,0.315591978231359
"CREB1",0.813,0.315664993166637
"PHACTR2",0.915,0.315732007660594
"APLN",1.051,0.315804208735403
"ABHD8",0.892,0.315834634357353
"TTLL4",1.14,0.316062581526051
"MRPL50",1.139,0.316130093319366
"TRIM25",1.121,0.316238281559863
"PGR",0.949,0.316494669209643
"LONRF1",0.888,0.31655237344379
"GABARAP",0.859,0.316596195856641
"TMCO2",0.805,0.316637528100968
"YTHDF3",1.166,0.316667782301815
"CRYBA2",1.049,0.316776384974703
"TTC26",0.904,0.316784134069333
"SORCS3",1.065,0.316854401965846
"SLC8A1",0.936,0.316859834366078
"BCAP31",1.16,0.316902364101028
"FKBP14",1.104,0.316946046856214
"C8G",1.054,0.316956130473505
"TF",0.975,0.316967067115453
"ACADL",0.967,0.317008628960269
"TRPV4",0.945,0.317125866449013
"MPP1",0.928,0.31716972024886
"ACOX3",0.887,0.317177586500701
"ATG4C",0.856,0.317201338748548
"LOC100009676",0.885,0.317254691566902
"GPA33",1.043,0.317257209504228
"IDH1",1.095,0.317257554775899
"S1PR3",1.081,0.317295142190175
"CDK2AP1",1.14,0.317343635691945
"LOC93432",1.124,0.317418507360928
"SPINK13",0.965,0.317468594450662
"PLEKHG6",1.061,0.317495578723203
"COCH",1.034,0.317518625163042
"PLCD4",1.109,0.317642926722001
"HIST1H2BN",1.068,0.31770021516075
"SPINK1",0.98,0.31770436832859
"GPR144",0.756,0.317710078012673
"SLC35B1",0.856,0.317722577875681
"GLI3",1.059,0.317825221649824
"SLC17A4",1.075,0.317880692588635
"ANKRD20A3",0.939,0.317911265189138
"SLC25A37",1.078,0.317991494852518
"DZIP3",0.908,0.318024267727058
"LOC100128842",0.944,0.318056942721692
"FAM35B",0.851,0.318212478295871
"APLP2",0.908,0.31821533528282
"SGK223",1.092,0.3182927277188
"OR52W1",1.355,0.31830161997028
"RAPGEF1",0.887,0.318391969871046
"FAM186A",0.933,0.318543414146412
"NACC2",1.095,0.318547094295506
"MED22",0.864,0.318597629920799
"ACTL8",1.036,0.318653940574607
"REEP5",0.871,0.31870196157035
"SEPHS1",1.173,0.318719698775043
"INSR",0.915,0.318743255402908
"THOC1",0.881,0.318810234539986
"CSNK1A1P",0.933,0.318903594381056
"C15orf33",0.932,0.318934135816358
"MAFA",1.086,0.319027863342153
"METTL12",0.899,0.319315640813372
"WDR90",0.931,0.319388403918094
"FOLR4",0.847,0.319442276874604
"NEUROG3",0.926,0.319463773110548
"ZBED4",1.161,0.319620127765685
"GPR137B",0.921,0.319682835708291
"BCL10",1.124,0.319709366494909
"PGM3",1.113,0.319820462968422
"LEFTY1",1.047,0.319832507649605
"GABRA3",1.028,0.319840287256814
"C21orf63",0.943,0.319959209772646
"GNAL",1.054,0.320147690469157
"DDX41",1.188,0.320150954352882
"PROSC",1.143,0.320156775616496
"HSFY2",0.871,0.320167954116343
"DNAL1",0.877,0.320212988913009
"PLIN2",1.066,0.320228484368904
"IGFL3",1.073,0.32033758392788
"MBTPS1",0.849,0.320347182493868
"QSOX2",1.126,0.320437637706587
"RIMBP2",0.97,0.320619331509826
"USP16",0.838,0.32077138503115
"TMEM181",1.127,0.320820347657632
"DDX3X",1.176,0.320925881893471
"CPNE6",0.91,0.320954975207051
"TNIP3",1.039,0.321018072416696
"SCNN1D",0.955,0.321046861219875
"CGRRF1",0.892,0.321048312037427
"C6orf123",0.938,0.321071186602718
"CDS2",0.87,0.321091764769754
"ZNF615",0.904,0.321106520117257
"FGFRL1",1.092,0.321168956048672
"C10orf110",0.933,0.321219607706729
"MAG",0.944,0.321227502015458
"ZKSCAN2",0.888,0.321273653749681
"TOR1A",1.217,0.321305592741054
"POPDC2",0.913,0.321311640573076
"SLC36A1",1.095,0.321333719361032
"KLRA1",0.935,0.321391652764873
"ATAD1",1.169,0.321445768743598
"PPIE",0.863,0.32152012667275
"SPANXC",1.052,0.321655919192235
"LRRIQ4",1.047,0.321744908974852
"USP10",1.183,0.321762949592536
"LIG4",0.885,0.321783694842467
"PLXDC1",0.929,0.322108714805073
"HUWE1",1.124,0.32212113108188
"SUDS3",1.142,0.322230641520015
"SMAD2",1.148,0.322258311808831
"AFTPH",0.827,0.322428327205961
"TNK2",0.913,0.322466260298979
"C12orf61",1.095,0.322475043304421
"TTC7B",0.915,0.322554954287041
"WBP4",0.833,0.322577069723447
"STAG2",0.849,0.322613630378984
"C17orf97",0.939,0.322656369328637
"SLC27A2",1.049,0.322759992657198
"LOC285045",0.72,0.322816484202766
"BCKDK",0.863,0.322820719063349
"USP42",1.158,0.322882061601894
"TRMT12",1.146,0.322885620625359
"LRIG2",0.888,0.322930279657125
"PRPF31",1.187,0.322945625915664
"TRMT61B",0.848,0.323092211152637
"ZMYM2",0.887,0.323165564951057
"ADAMTSL3",0.955,0.323241453323716
"ACOT12",1.161,0.32327434827695
"CCDC68",1.061,0.323309101061915
"PRCC",1.194,0.323331325976154
"DBF4B",1.084,0.323436404451048
"HOXC11",1.024,0.323451381587188
"PIGU",1.146,0.3234882985384
"ANKRA2",0.876,0.323521544194508
"FSCN2",0.946,0.323708608921116
"TMEM132A",1.065,0.323719234270655
"CLLU1",0.934,0.323735418004113
"CCNB3",1.057,0.323768197072341
"KRT4",0.973,0.323780759281349
"NELF",0.912,0.323805202296885
"SFRP1",1.032,0.323886204471821
"PGLYRP2",0.907,0.323966714108387
"PIM3",1.102,0.32399538244809
"PALM2.AKAP2",1.085,0.324012443682095
"AKR7A3",0.973,0.324106722643839
"SFRP4",0.962,0.324108413601057
"SPRR2E",1.046,0.324145911020175
"EXOSC4",1.098,0.324166394930177
"FAM105B",0.878,0.324235820360462
"MREG",0.901,0.324236508350291
"LYRM1",0.899,0.324271091573662
"FKBP1A",1.182,0.324284531301308
"PRPSAP1",1.193,0.324469719999994
"FLG2",1.107,0.324486351193716
"GEMIN5",1.148,0.324568649665001
"CD63",0.894,0.324585328210748
"BAD",0.887,0.324595543607408
"ABCA1",0.929,0.32462824345275
"ZNF687",0.875,0.324661196830531
"PCGF1",0.867,0.324664690083359
"C2orf43",1.15,0.324701736679411
"C19orf62",0.86,0.324833206148948
"STIM2",0.881,0.325023028506395
"TRPC6",1.049,0.325035436266816
"C1orf223",0.904,0.325122265766869
"RPP30",1.186,0.325131631407507
"GATA3",1.059,0.325161493913133
"C1orf65",0.953,0.325290996454559
"SEC22B",1.164,0.325407552095816
"FAM7A3",1.071,0.325533371247512
"DNAJC6",1.052,0.325664661318482
"MLH3",0.858,0.32583021395191
"KRTAP5.9",0.934,0.325830519889924
"SAV1",1.163,0.326139759213007
"EXOSC7",0.861,0.32614223404167
"PIGC",1.15,0.326240633386192
"WISP2",0.953,0.326251588082383
"PAQR7",1.109,0.326269448052718
"KRTAP5.7",0.854,0.326279634686245
"ATG5",1.149,0.326288272214164
"HSPA5",1.158,0.326385453040529
"C4orf42",1.158,0.326390312972982
"TTBK1",0.937,0.326415879435963
"LOC440461",0.933,0.326482249174028
"AP1S2",0.928,0.326703822646742
"TMEM222",0.861,0.326810579066977
"OR3A1",0.847,0.326817233534352
"ZNF627",0.892,0.327004961400177
"SNCG",1.036,0.327060275460608
"ST8SIA6",0.948,0.327145517753373
"DPY19L2P1",1.048,0.327237593641749
"TREX1",0.911,0.327280648641852
"KIAA1958",0.927,0.327291831049188
"C19orf23",1.075,0.327370312023738
"NDUFS6",1.105,0.327469703269418
"MAST2",1.115,0.327484628464696
"FOXD4",0.938,0.327850576282207
"PBOV1",0.882,0.327963006841084
"DGKK",1.092,0.328250988222891
"ZNF273",0.91,0.328270335051711
"PLA2G4A",1.04,0.328365886485401
"SNORA59B",0.815,0.32837443533101
"SARNP",1.149,0.328376319162299
"PPAPDC1B",0.908,0.328430729373202
"THY1",1.064,0.328442685181988
"GJB6",1.027,0.328475541171144
"RASSF9",1.048,0.328544282367245
"LYN",0.905,0.328560943884963
"CLN3",0.882,0.328591847356914
"TTLL5",1.14,0.32860330702733
"LOC100129935",1.095,0.328604705536711
"FAM153A",0.962,0.32867197348038
"RASGRP3",0.917,0.32871606055164
"ACTL6B",0.92,0.328851138282873
"LOC100132831",1.09,0.328861510805181
"PCDHA4",1.038,0.328902797790893
"PCDH19",1.046,0.328973704030625
"CTAGE9",0.945,0.329062692739641
"FKRP",1.142,0.329119518069174
"LOC100131193",0.93,0.329191611945947
"STARD7",0.815,0.329258572882882
"SNRPB2",1.138,0.329365895760178
"RUFY2",0.86,0.329415759220503
"TDH",0.935,0.329727541850283
"TMED9",1.15,0.329763756739199
"SYT8",1.031,0.329844261630368
"ABP1",0.976,0.329913462497512
"MORN2",0.9,0.330021329818178
"RNF183",0.97,0.3300397484045
"CCDC138",1.081,0.330140977704024
"TBL1X",1.091,0.330175409919749
"SEC24C",0.831,0.330428469613226
"EYA2",0.97,0.330447796102864
"SPDYE3",1.134,0.330608848691744
"CUTC",1.144,0.330712737765178
"GABARAPL1",1.094,0.330742711176267
"PRKCI",1.117,0.330784672470701
"RSPO4",0.963,0.33080844442494
"EPB41L1",0.908,0.331021429829746
"DKFZp434J0226",1.051,0.331029409548339
"TNKS",0.893,0.331115912072444
"PCDHGA7",1.054,0.331156322568615
"C2orf83",1.172,0.331157978523662
"ARL4C",1.085,0.331206112913119
"MMRN2",0.93,0.331256305078394
"AGBL5",0.884,0.331315662023192
"EIF1B",0.848,0.331370697856221
"CN5H6.4",0.923,0.331470533490102
"FXYD7",0.932,0.331488900965399
"CLDND1",1.137,0.331578056103024
"SRRD",1.173,0.331590982406572
"LIPH",1.049,0.331597127634486
"LOC339535",1.03,0.331677036199881
"LCORL",0.896,0.331726753900559
"CCDC3",0.94,0.331818810001991
"SYT4",0.963,0.331940262896623
"OR1J2",0.919,0.331955142948408
"ZNF202",0.866,0.332088935433059
"SYPL1",1.145,0.332123127639415
"SLC10A7",0.859,0.332188340037318
"MEF2A",0.849,0.332248297767069
"WWC2",1.096,0.33228738528336
"GULP1",1.056,0.332311127971461
"RAB6C",1.109,0.332466976088264
"LOC91450",0.922,0.332579303488141
"DEF8",0.875,0.332628580460665
"RNF133",0.927,0.332647042610299
"BSCL2",0.89,0.332698379622472
"FAM110A",0.894,0.332713529549245
"GPR125",1.112,0.332744076637635
"KLRC1",0.956,0.332831542377221
"HESX1",0.93,0.333024603818172
"ANKRD11",1.14,0.333041245803861
"PRKRIP1",0.879,0.333080982428654
"INSC",1.048,0.33321659845447
"B3GALTL",1.109,0.333232512140605
"CENPQ",1.099,0.333253328930016
"KCNJ10",0.958,0.333288644687573
"NCAN",0.915,0.333420792379247
"BHLHE40",1.086,0.333452682373412
"PDLIM3",0.941,0.333456017101144
"UQCRC1",1.163,0.333551231029337
"ECH1",1.115,0.333625866881421
"WDR64",0.913,0.33371733540004
"CD24",0.95,0.333853897776838
"ZNF696",0.9,0.33386161988663
"BGLAP",1.085,0.333951460865501
"ARFRP1",0.898,0.334105245355954
"UBE3B",1.192,0.334137000429015
"C22orf41",1.051,0.334161831404737
"TMEM129",0.892,0.33424379931333
"CDV3",1.145,0.33427802133834
"TMSB15B",0.949,0.334279689602387
"TLE6",0.949,0.334325869628577
"CDK2AP2",0.92,0.334378806882334
"TCERG1",1.163,0.334401491168703
"ACAD9",0.865,0.334443287690015
"C6orf141",1.038,0.334520273224821
"NHP2L1",1.157,0.334541909387514
"GAB4",0.926,0.334543746851766
"HOMER2",0.959,0.334583187042805
"RLBP1",0.91,0.33459903776325
"GPR25",0.945,0.334614124876971
"TFDP3",0.891,0.33463127900962
"OR2B6",1.059,0.334729346199824
"ACSM2B",0.877,0.334756240863435
"GALNT5",0.956,0.33479326464323
"COX10",1.18,0.334985086878407
"TMEM106A",0.909,0.335434608456596
"TEX12",0.912,0.335440411113454
"SSR3",1.12,0.335448246479664
"EEFSEC",0.86,0.335495825349827
"ESR2",0.931,0.335543838783126
"P2RY11",0.94,0.335571335406426
"DISP2",1.054,0.335573099136184
"LOC145820",0.943,0.335615396560662
"LOC146880",0.931,0.335631962029909
"SLITRK1",0.948,0.335651839661702
"IPO11",1.136,0.335686949286059
"SLC45A3",1.073,0.335705828520608
"CCDC42B",0.965,0.33573542652034
"LHFPL2",1.079,0.33575168791906
"SLC16A8",0.954,0.335781371943536
"GBP7",1.09,0.335836697005809
"LOC643008",0.957,0.335909524249586
"OVOL1",1.051,0.336062220212038
"GSTT1",0.982,0.336070835475205
"CYP19A1",1.055,0.336355786288238
"C18orf55",1.157,0.336416232276113
"AEN",1.122,0.336479726567123
"TEAD2",0.925,0.336480710126892
"BDKRB1",1.045,0.336501841882192
"SSBP2",0.933,0.336546327278056
"PCDH11Y",0.877,0.336589802692056
"CA2",1.047,0.336650648938261
"ZNF385A",0.922,0.336903255354363
"C19orf54",1.131,0.336932243339558
"OOEP",1.039,0.33693522231286
"KRTAP1.5",1.171,0.336961034811753
"GMPR2",0.862,0.336986239012891
"GJB1",0.976,0.336995614718882
"FLJ35024",0.941,0.337075732243346
"CDHR4",0.973,0.337153279835016
"TMEM184A",1.067,0.337159184203171
"KIF7",0.94,0.33721884911926
"TP53TG1",0.927,0.337260013415966
"C17orf100",0.911,0.337284411532727
"INTS4",1.179,0.337331135345777
"STRADB",1.101,0.33735903929314
"COMMD8",1.104,0.337391395080447
"ZBTB34",0.878,0.337415969535064
"ADAMDEC1",0.968,0.337534550706853
"RPS2",1.114,0.337689572596494
"DCTN6",1.138,0.337766430749581
"SEC14L5",0.946,0.337865532659316
"SHROOM1",1.079,0.337882167097701
"RRP15",1.154,0.337917725984612
"TAS2R31",1.087,0.337931705372807
"SLC39A13",0.89,0.337977924063293
"ARL5C",1.194,0.337978550485291
"DPH5",1.124,0.338026697571945
"PLAG1",0.951,0.338121439560876
"IL2RA",0.954,0.338143671233678
"ACRC",0.943,0.338232130247513
"SLC1A3",0.95,0.338393065940167
"PELI3",0.889,0.338440038827828
"USP24",0.862,0.338517313501906
"OCIAD1",1.16,0.338545290511406
"IDH3A",1.162,0.338573789475962
"ZFP82",0.931,0.338582352667413
"EIF3IP1",1.084,0.338626370604537
"NPTX1",0.975,0.338659371184609
"CPN1",1.053,0.338687269482891
"C3orf10",0.846,0.338746747500681
"ABCG1",0.934,0.338754971827343
"HBG2",0.926,0.338867889698578
"CYP2J2",1.063,0.338950754679699
"MGEA5",0.861,0.338956314023372
"CUL7",0.895,0.338962896155519
"C12orf71",1.108,0.339019156214248
"CDK13",1.198,0.339064353447617
"RBM15B",1.195,0.339134361804791
"DAB2",0.931,0.339193532211189
"ZNF800",0.858,0.339288112868865
"DNAJC16",0.844,0.339340387663614
"SMEK3P",1.051,0.339394064711232
"ZNF410",1.148,0.339422008941641
"EGFL7",0.943,0.339436984188165
"SH3D20",1.062,0.339471409889021
"EMILIN2",0.933,0.339564915094122
"GDF11",0.921,0.339680696856554
"WDR46",0.849,0.339823616496369
"C9orf102",0.919,0.339859695357815
"ASXL1",0.866,0.33988144404411
"TMBIM6",1.177,0.339940903059114
"ZNF335",0.882,0.340006499270891
"CWH43",0.964,0.340181517640389
"CIC",1.136,0.340273905429436
"LOC645332",0.904,0.340292700215512
"CCDC102A",1.091,0.340471269982127
"FADS2",1.052,0.340479799926131
"KRT2",0.897,0.34050555595507
"TRIM56",1.083,0.34052611727512
"C8orf48",0.947,0.340557786216146
"RAB23",1.101,0.340565925753874
"REEP6",1.042,0.340671199735298
"NMNAT1",0.895,0.340712576781852
"TM9SF1",1.181,0.340755600616642
"DCAF6",0.867,0.340792311929744
"PEX13",0.844,0.340828216572184
"PPIL4",0.832,0.340885497172755
"KIAA1211",1.057,0.340957538889253
"LOC339788",0.796,0.340999269787021
"PPP6C",0.819,0.341132282509627
"POLR2J4",0.889,0.341252446122683
"PFN4",1.061,0.341286640254766
"CSNK1A1L",1.057,0.34128667210814
"TGFB1I1",1.08,0.341491760049651
"SEZ6",0.943,0.341670853195482
"SMPDL3A",0.945,0.341823841687161
"OCA2",0.964,0.341909163347948
"PKP1",1.022,0.342039895717839
"HS3ST6",0.965,0.342117420770235
"CCL18",0.962,0.342162544342644
"FLJ10661",0.927,0.342410718264978
"ATP6V1C1",1.163,0.342448118783581
"DEDD",1.207,0.342458276226587
"RPL9",1.039,0.342603179651492
"FAP",1.051,0.342619967630921
"C10orf140",0.942,0.342641060536934
"ONECUT3",1.064,0.342649049431258
"MORC3",0.862,0.342698611204367
"HOXD4",1.036,0.342773342995175
"SNRNP70",1.133,0.342796420790733
"DLX5",1.038,0.342862887871813
"C7orf16",0.907,0.342934250477562
"C3orf45",0.916,0.342949084033523
"NOV",1.064,0.343143540542952
"LYG1",0.952,0.34320639483797
"RFPL1",0.927,0.343305067728849
"IRF7",1.084,0.3433545350863
"ZNF772",0.919,0.343359894108029
"MRPL39",1.114,0.343471435538674
"CCS",0.888,0.343570996689512
"ATF6",1.151,0.343699695752463
"SOCS4",1.16,0.343792176482452
"C10orf84",0.87,0.343839396191874
"MAPRE2",0.9,0.343927107255421
"RUNX3",0.942,0.344154003636175
"C9orf16",0.907,0.344276129146756
"ATP7A",0.899,0.344302939202917
"HIST3H2BB",0.942,0.344448325823638
"TRNT1",1.138,0.344472575933132
"TFCP2",1.182,0.344511810322468
"ANGPTL2",1.063,0.344557096645617
"TPRN",0.909,0.344650213177704
"CCNB1IP1",0.906,0.344659676210633
"NRBP2",0.935,0.344808864549772
"NR2F1",0.943,0.344811064537989
"SERAC1",0.896,0.344852546300197
"FABP2",1.148,0.344994644550164
"PVT1",0.941,0.345015395653673
"DNHD1",0.945,0.345184957361768
"PIGN",1.129,0.345224580561314
"C19orf66",0.906,0.345359188836706
"ACOT9",1.157,0.345383797267302
"STMN1",1.067,0.345415340716428
"LAG3",0.955,0.345489803942251
"ANAPC11",1.099,0.345529649144979
"FAM22D",0.914,0.345660799837272
"CCDC43",1.16,0.345723733009907
"MSR1",0.955,0.345755357826134
"SEPX1",1.077,0.34579903549332
"CHMP2A",1.149,0.345854311003666
"LOC92659",1.079,0.345865292084155
"UCK1",0.851,0.345897566694399
"CA1",0.933,0.345985550955633
"CCAR1",1.184,0.346123828559492
"ERICH1",0.888,0.346228737826785
"RAET1K",1.067,0.346273000151663
"GAN",1.091,0.346314587156477
"FAM167B",0.919,0.346375041784567
"MOBKL2C",0.885,0.346377506989003
"MXRA7",0.928,0.346413639901336
"DNM2",0.858,0.346702043360949
"NR2F6",1.103,0.3467243550326
"DGAT2",0.94,0.34673655621132
"RBM43",0.919,0.346802513842354
"PLSCR3",1.144,0.346845553781012
"UGT2B15",0.971,0.346908739937702
"KCNE3",0.94,0.346972293295506
"RNASEH2C",0.892,0.347031418979132
"LOC400804",0.882,0.347045686513408
"VTCN1",0.973,0.347067658323483
"DYNC1LI2",0.865,0.347136365209606
"USP25",1.125,0.347166421998287
"TMCO3",1.094,0.347214252316342
"NFKBIL1",0.889,0.347278512423442
"RNF123",0.866,0.347428624672447
"C3orf58",1.094,0.347451857342662
"CDKN2B",0.95,0.347516555367402
"TTL",1.12,0.347575000270498
"METTL2A",1.141,0.347611592466836
"MRGPRD",1.245,0.34779665368344
"HEPHL1",1.038,0.348142334028193
"BOK",0.934,0.348144729919825
"RELT",0.926,0.348147263705372
"FAM7A2",1.075,0.34821921807889
"LOC153910",1.062,0.348378513624137
"LRRC34",0.93,0.348396110558742
"KCTD11",1.136,0.348397592125873
"ZNF395",0.9,0.348494629302386
"PIGO",1.145,0.348554457229927
"CSMD1",0.967,0.348656496755582
"PYCARD",1.07,0.348660532480527
"CTDSP2",0.887,0.348797068017183
"FAM194A",0.906,0.348907288122441
"TAF12",1.147,0.349009282460344
"BPIL3",0.896,0.349026309484892
"ADORA1",1.036,0.349071062947212
"SPARC",1.067,0.34910351862485
"FAM13C",0.952,0.349108544207285
"CCNG1",0.912,0.349109688723806
"C20orf165",0.934,0.349140166177322
"SNRNP200",1.141,0.349301859490378
"FOXRED2",0.926,0.349326232743128
"ZNF485",0.902,0.349338981526021
"ZNF425",0.921,0.349357941036547
"C22orf29",0.902,0.349388366726244
"C7orf27",1.116,0.349420408312659
"STK25",1.165,0.34943911392534
"PEX10",0.87,0.349446504078877
"RRP7A",1.11,0.349482500575752
"DVL2",1.154,0.349504310808103
"PPM1F",1.12,0.34952431513313
"GABARAPL2",0.882,0.34956011858887
"NIT1",1.146,0.349709648936897
"CXCL9",0.966,0.349803148914688
"TTC29",0.97,0.349905629955064
"FAM71A",0.908,0.349982919056718
"CCDC111",1.117,0.350107174717819
"KCTD6",0.888,0.350156492376377
"DNAJA3",1.175,0.35036774823824
"C2orf29",1.161,0.350472946625466
"C9orf25",0.876,0.350683483599303
"INCA1",0.919,0.350683673480305
"LOC143188",0.9,0.350720138609409
"CRLF3",0.876,0.350796160833945
"GAB1",0.909,0.350842961891393
"IDS",0.92,0.350863761103863
"LY6G6C",1.052,0.350899246461641
"RNF6",0.847,0.351144676803469
"SPRED2",0.905,0.351186344074546
"MT1L",1.043,0.35122802080659
"GOSR2",0.841,0.351268231142135
"AKNAD1",1.066,0.351283059124281
"POMZP3",0.926,0.351286560369422
"COX6A1",1.096,0.35136381986693
"CALML3",0.972,0.351387269508632
"HNRNPA1L2",1.187,0.351404477891171
"CHRD",0.958,0.351407034592235
"MLC1",0.954,0.351443856509358
"PPAP2B",0.903,0.351551872531738
"LYSMD3",0.888,0.351578759722235
"DHRS13",0.916,0.351708884224983
"NAIF1",0.832,0.35171213059091
"ARV1",0.902,0.351819194894894
"SLC2A6",0.94,0.351950524713468
"SH2D1B",1.054,0.351966524972355
"ONECUT1",1.04,0.351986732494858
"DDX1",1.175,0.352005236989702
"WBSCR22",1.131,0.352046184922329
"C4BPB",0.974,0.352266201099432
"SURF4",1.185,0.352456421064074
"NFIA",0.933,0.35248704713182
"SERPINA10",0.933,0.35249714263614
"FAM46B",0.951,0.352603589478478
"PARD6B",0.916,0.352639277258174
"ZFYVE9",1.089,0.352688403319419
"PTCD2",1.131,0.352795653107787
"IL18BP",0.922,0.352810391342664
"LAMB2",0.904,0.352851526317029
"PABPC1L2A",0.898,0.353003309035289
"PKD1L3",0.915,0.353008756311142
"C2orf39",0.973,0.353137876501227
"H2AFB1",0.943,0.353150447255044
"FAM18B2",1.124,0.353222919904515
"C16orf81",0.915,0.353228563408713
"IL15",0.939,0.353231992035491
"OR1L8",0.869,0.35331467136381
"RHBG",1.04,0.353346661113005
"NRF1",0.787,0.35336561459792
"C1orf52",0.886,0.353404144451805
"IL24",0.946,0.353409942273058
"TP53",0.924,0.353550485260147
"TBC1D4",0.918,0.353694207966081
"GLRA1",1.273,0.353863582678916
"SPTB",0.97,0.354062123666693
"NDUFA6",1.119,0.354372295272232
"PIAS1",0.86,0.354378213638439
"LINGO4",0.951,0.354750138097482
"TUBA4B",0.971,0.354801094752428
"WARS",1.066,0.354839138692811
"FBXO27",1.046,0.354846393764653
"FOXD4L6",0.917,0.354854139018078
"RSPRY1",1.112,0.354878564492275
"MKRN1",0.829,0.355078723955479
"FCGR1B",0.95,0.355108846117324
"ABHD5",1.15,0.355150873901658
"YLPM1",1.115,0.355171744776282
"DHODH",0.897,0.355199535029027
"WNT5A",0.947,0.355313213736362
"HMGN5",0.94,0.355351690759648
"LOC285696",1.059,0.355374300944262
"ZNF487",1.093,0.355436592909876
"PRR16",1.068,0.355706266434891
"OMD",0.964,0.355741557874691
"SLC7A5P1",1.086,0.355750305465794
"APEH",0.856,0.355760762904222
"HSD11B1",0.95,0.355833372375031
"LY6H",1.044,0.355922203463505
"TTLL1",0.901,0.355961294571095
"MOSC2",0.936,0.356052165536018
"CXADR",1.07,0.356151215328465
"ETS2",1.087,0.356198677440987
"SLC4A1AP",1.192,0.356202610000605
"MVD",1.098,0.356373343733756
"GEMIN6",1.108,0.356533493787252
"TSPAN14",1.185,0.356668022023794
"AMOTL1",1.066,0.356672222972512
"ERAL1",1.179,0.356792195314187
"SERINC5",0.948,0.356867650218077
"JARID2",1.114,0.356880721364143
"CCDC115",0.862,0.357063121573952
"HLA.J",0.951,0.357114897095624
"SLC9A2",1.028,0.357127240545252
"TOR1B",1.16,0.35728902436986
"TFAP4",0.895,0.35740669608661
"RAF1",0.802,0.357414119880797
"BTF3L1",1.175,0.357615920115354
"YARS",1.169,0.357714853084118
"SGCE",0.944,0.357918465182364
"ENOSF1",0.906,0.357947296225039
"SP100",1.136,0.357971712018662
"EIF4EBP2",0.865,0.358070743374078
"NFYA",1.124,0.358091393573685
"CA7",0.934,0.358208431075833
"RYR2",0.956,0.358310000648634
"RAB5A",1.212,0.358321020253422
"SLC22A4",0.952,0.358382754244568
"PGBD4",0.903,0.358431496928481
"PCTP",0.909,0.358446181406683
"C2orf16",0.914,0.358451149149476
"ZNF707",0.908,0.358506124458397
"C12orf40",0.805,0.358538669692607
"BARD1",1.068,0.358695664811878
"RPRD1A",0.903,0.358754718741318
"PDPN",0.952,0.35890210471979
"PDGFC",1.08,0.35891071329011
"SP2",0.854,0.358992881031921
"DKFZp686O24166",0.953,0.359078595874318
"PAGE1",0.958,0.359094414546735
"EFCAB4B",0.959,0.359173752714177
"PRKD2",1.148,0.35930595619014
"LUM",0.947,0.359414249727741
"SERPINB11",0.959,0.359467345776662
"C1orf83",0.846,0.359491503568647
"CRIP2",0.943,0.359530279413489
"CYP3A7",0.943,0.359547030111269
"PMM2",1.13,0.359647554431809
"SMTNL1",0.952,0.359729125637919
"FES",0.914,0.359762354759298
"TRIM71",0.954,0.359869296896098
"VIPR2",1.038,0.359950008552171
"FAM188A",0.894,0.360034660294451
"TTC15",0.857,0.360102434022653
"CHTF18",1.062,0.360219550686452
"CELA1",0.872,0.360227952301023
"C4orf46",1.094,0.360264992754008
"TC2N",0.934,0.360361566673081
"SURF2",0.899,0.360395528053181
"ASB4",0.954,0.360399816895663
"PKD2L2",0.891,0.360431725120779
"GPS1",1.146,0.360473793853305
"EIF3K",1.122,0.360499924734441
"FRMPD4",0.924,0.360503504640895
"RTP1",0.925,0.360531680687536
"C21orf91",0.922,0.360620468452909
"SLC9A1",0.913,0.360720797606874
"GK3P",0.939,0.360728236849027
"C19orf34",0.891,0.360788457706176
"NOX1",1.039,0.360803319007157
"P4HA3",1.054,0.360814889325467
"RSPH3",1.113,0.360919328631792
"ADAM19",1.06,0.360975692970092
"TMEM167B",0.847,0.361047286248272
"RPL34",0.91,0.361116519843149
"HBE1",0.952,0.361129193730237
"GSTM2P1",0.909,0.361137024319362
"RNF157",1.045,0.361181476625262
"APOO",1.105,0.361242076981964
"FGF8",1.063,0.361281033128795
"ASAH2",1.069,0.361314586750072
"CHTF8",1.185,0.361338492206072
"TRPC5",1.119,0.361464371101505
"ATP12A",0.973,0.361538613222448
"DIRAS2",0.96,0.361746919872714
"F2R",1.076,0.361854141590162
"CEACAM7",1.026,0.361888927050986
"KIAA0195",0.892,0.362008602980481
"NPEPPS",1.143,0.36202361608882
"FAM57A",1.094,0.362053457451973
"OSTBETA",0.964,0.362219238351964
"C21orf81",0.931,0.362394179242354
"TCAP",0.941,0.362406646962544
"TGFA",1.048,0.362530726039469
"TXNL1",1.123,0.362613315003564
"PTN",0.963,0.362738253503058
"LOC100134368",0.928,0.362778472300945
"ZNF236",0.903,0.362845451918287
"PNLIPRP3",1.047,0.362846586647857
"LACTB2",1.081,0.362884458576027
"ARPC4",1.161,0.362959644718616
"ZXDB",1.123,0.362995134736844
"TIMM8B",1.086,0.363019265797303
"VMA21",1.147,0.363031836923306
"SLC20A2",1.078,0.363118225289621
"STIM1",0.879,0.363187736291779
"BTNL8",0.954,0.363265717138337
"GTF2B",0.869,0.363295315868774
"FOXD4L1",0.94,0.3633004991487
"ANKRD7",0.948,0.363382185295829
"LOC100129034",0.921,0.363516409887153
"IFI44L",1.04,0.363520669731974
"ZNF530",0.916,0.363634909845062
"TMEM79",1.098,0.36366731318745
"FLYWCH2",0.893,0.363671729864235
"ZCCHC5",0.926,0.36370102559947
"TPP1",0.889,0.363752733818545
"FRG1B",0.916,0.363760511374836
"COMT",1.105,0.363767719695962
"MSI2",0.91,0.363836837315633
"CAGE1",1.063,0.363855490066245
"CRAT",0.898,0.3638909579584
"ACYP2",0.916,0.364072799680828
"PTMA",1.161,0.364549369284907
"WRNIP1",0.859,0.364553505902661
"CADM4",0.937,0.364579256473278
"C10orf79",0.969,0.364603378903421
"MCF2L2",1.06,0.364711973317795
"GPR77",1.056,0.364810228375344
"NPB",1.045,0.36489877521719
"MACROD1",0.936,0.364970157690462
"KLRC3",1.043,0.365089888165084
"SFT2D1",1.135,0.365102361308064
"S100A5",0.965,0.365139309493576
"FAM106C",0.947,0.365221247114963
"PRDM4",1.164,0.365222949957517
"PTAR1",0.892,0.365311078115681
"THBS1",1.051,0.365345342520844
"EIF2B5",1.171,0.365350713935815
"EPS8L2",0.921,0.365520037644687
"CKMT1B",1.029,0.365520425523441
"PQBP1",0.887,0.365647472455169
"PRIC285",1.08,0.365650114252157
"KISS1",1.04,0.365759097900351
"KLKP1",0.883,0.365817500783797
"HCG11",0.92,0.365830211472722
"NUP85",1.14,0.366029612664669
"FER1L6",1.027,0.366044091561795
"BIRC6",0.889,0.366074460465848
"SERP1",0.887,0.366132607162076
"SLC23A2",1.103,0.366156107108406
"FAM53A",0.933,0.366175873101783
"TMEM180",0.921,0.366184719985723
"ASH1L",0.906,0.366205657917587
"ZNF90",0.947,0.366243919446575
"ZFYVE21",0.88,0.366377370514526
"KIAA0317",1.141,0.366415667003605
"SNORA63",0.916,0.366573557815336
"ARL3",0.89,0.366581855309095
"EXOSC9",1.159,0.366593806621774
"UPK3A",0.968,0.366730990435367
"OPN5",1.203,0.366767757253332
"VWC2",0.919,0.366901270200776
"GSPT2",0.947,0.366922542528817
"GRM4",0.965,0.367062675787152
"NCDN",0.884,0.367160993094296
"KLHL13",0.962,0.367176838258367
"GNS",0.9,0.367198453818748
"BRI3",0.902,0.367212211495724
"ATG2A",0.893,0.367216641319863
"PTCD1",1.122,0.36732598750464
"OR5P3",0.763,0.367335478645132
"ZNF643",0.917,0.36754128639953
"WSCD1",0.951,0.367580298347202
"KERA",0.946,0.367659227903899
"ADCY3",1.091,0.367676104334513
"ITGB1BP2",0.938,0.367800963294644
"ITIH1",0.926,0.368001548854583
"BRD4",1.132,0.368036509095925
"HTR7P1",0.913,0.368050453655753
"FCGR2A",0.943,0.368053862009086
"ZNF705A",1.116,0.36805702144571
"ADAM17",1.109,0.368066037497356
"HIPK1",0.899,0.368080687625098
"TET3",1.097,0.368091877629876
"RASSF8",1.064,0.368310647810542
"S100A8",1.033,0.368360521577795
"ITGB1BP3",0.919,0.368580935551661
"WFS1",0.914,0.368662067472998
"RPF1",1.136,0.368678744646407
"NCF2",0.946,0.368855689161345
"RPL13AP20",1.087,0.368911890867332
"TMEM205",0.898,0.368912662314058
"ZNF99",0.915,0.368990612909217
"CBFB",1.178,0.369169855985731
"ATP10A",0.953,0.36925033071589
"SEC16B",1.065,0.369273107454869
"LOC286002",0.969,0.369279062985669
"ZC3H3",1.113,0.369279648626302
"RNASE4",0.946,0.369452753974183
"RGAG1",0.936,0.369511239319999
"BREA2",0.934,0.369557161661984
"RB1CC1",1.133,0.369734678529157
"TSPAN2",1.054,0.369903290655547
"ZNF167",0.934,0.369966060081646
"APOBEC3G",0.946,0.370047091434613
"EVPLL",0.967,0.370054043915256
"PTPRN2",0.963,0.370127045961304
"SSR2",0.893,0.370138183561818
"PHOX2B",0.957,0.370168327114098
"PEX11G",0.933,0.370190190003949
"UBIAD1",0.834,0.370245629583745
"GNE",1.095,0.370435309385313
"SELM",0.94,0.370517660398809
"LIPG",1.05,0.37052898714426
"PEX26",1.124,0.370652105345207
"SNAPC5",1.144,0.370701331535027
"SMC1B",1.027,0.370708009591419
"LOC100190940",0.976,0.370830734982592
"FAM19A3",1.07,0.370858954501515
"PCDHB11",1.042,0.370897747005501
"KLHL33",0.909,0.370912698477258
"AZGP1",0.98,0.371035253964971
"GGCT",1.092,0.371075941312909
"CLMN",1.057,0.371187519468067
"LOC150786",1.106,0.3712836474383
"MGAT2",1.127,0.371325831984638
"TGM1",0.948,0.371381287342702
"TRIM32",1.162,0.371463035387038
"SYNRG",0.871,0.371489114382504
"NELL1",0.981,0.371538764814422
"LOC283267",1.103,0.371567258071858
"TSPAN3",0.91,0.371632677131942
"NUDT5",1.105,0.371659151990476
"POLM",1.119,0.371840258530407
"EXOC6B",1.077,0.371871089121858
"AMHR2",0.947,0.37188604987239
"ENTPD5",1.101,0.371896392056354
"ZNF558",0.906,0.371919758323107
"LOC730101",0.94,0.371947399753572
"CCL27",0.834,0.372048747565802
"HIVEP1",0.901,0.372062223887958
"LOC442459",1.083,0.3720963797094
"RMST",0.928,0.372224391090566
"DIRC2",0.877,0.372289639362558
"SIDT1",0.956,0.372328183337193
"MYH4",0.875,0.372423866832946
"TSG101",1.164,0.372490477518881
"ZNF227",1.143,0.372596273490481
"CEP135",1.113,0.372663458667395
"ZW10",1.14,0.372736242915098
"XIST",0.988,0.372852500575431
"TTLL7",0.964,0.373188422563721
"ERBB4",0.967,0.373233547245226
"HILS1",0.887,0.37327230434664
"PAPD5",0.89,0.373272516530478
"HTR4",0.937,0.373384448890751
"TMCO5A",0.859,0.373707489929872
"FASN",1.054,0.373774655581721
"CLEC2B",0.946,0.373858622752019
"CGB5",1.034,0.37394965421911
"CHAT",0.95,0.373964982185835
"RPL13AP6",1.059,0.374026071231669
"SHC2",0.952,0.374215834464944
"CCL2",0.949,0.374281233730514
"SERPINC1",0.942,0.374337982367513
"C15orf44",1.178,0.374348489345035
"WNK3",0.963,0.374413889342745
"RBMXL2",0.887,0.374425134803238
"TRIML1",0.815,0.37443657212852
"PHTF2",0.909,0.374446928266514
"WNT7B",1.05,0.374468429141766
"KRT23",1.022,0.374560949008868
"PEX14",0.872,0.374665991057943
"MRPS30",1.112,0.374695916101363
"SNORA5C",1.339,0.374697198619537
"NPR3",1.043,0.37485788877941
"CP",1.032,0.374898588540536
"NAT14",0.924,0.374938748446976
"PCNXL2",1.077,0.374969202218803
"ERBB3",0.931,0.375096648713615
"HIF1AN",1.151,0.375138925761835
"C17orf80",0.863,0.37521191255287
"LGALS9",0.943,0.375264442440274
"ATP10D",1.082,0.375352742479898
"MED29",0.863,0.375421935289915
"SSH2",0.908,0.375517178767333
"KIAA1522",1.103,0.375533484953082
"NIPBL",0.901,0.375631255828786
"UBA52",0.893,0.375653070779841
"CYP51A1",1.105,0.376035258317651
"PAQR8",0.936,0.376118995179919
"DPYD",0.951,0.376204109269935
"OXR1",0.905,0.376238006321676
"TSNAX",1.117,0.376336398005241
"AGL",1.101,0.376519159155492
"MFSD11",1.146,0.376581969847646
"RRAS2",1.098,0.376675455900442
"LILRB2",0.952,0.376703693729347
"H2BFM",0.83,0.376734700996363
"HMGCL",0.888,0.376782073886071
"INTS6",1.162,0.376782417890303
"C7orf69",0.898,0.37682991833514
"FLJ16779",1.035,0.377009821627258
"ATG4B",0.888,0.377127329966916
"C14orf106",1.108,0.377173649023857
"AMBN",1.1,0.37725335020432
"UBN1",1.13,0.377279515501311
"KRT34",1.08,0.377372145952416
"C2orf48",1.044,0.377519213299418
"CXorf56",0.896,0.377542728351818
"DNAJB2",0.885,0.377554381607276
"ZNF513",0.909,0.3777327628651
"OR1J4",0.9,0.377748760129913
"LRRC19",1.056,0.377805727799129
"ARTN",1.039,0.377816812788554
"ZNF346",0.868,0.377861702620121
"FANCM",1.102,0.37786196659097
"PET112L",1.123,0.378160467183785
"YJEFN3",1.04,0.378200712691134
"NLRP11",0.962,0.378311267120497
"TRIM9",1.031,0.37833899315727
"UBE4B",0.884,0.378369026851345
"PAIP2",0.874,0.378371357591294
"CRNKL1",1.143,0.378384683990781
"C2orf77",0.95,0.378411371051037
"RARRES3",0.958,0.378532495240007
"SLITRK6",1.025,0.378726397362562
"LDHAL6B",1.08,0.37881820404846
"LOC100134259",0.931,0.379162757464894
"FGG",1.016,0.379235258763056
"PDLIM1",0.903,0.379340330172234
"LMLN",1.099,0.379629146959472
"SGK196",1.054,0.379633989504061
"ADCK1",0.906,0.379653036537423
"METT5D1",1.156,0.379730414172958
"C7orf64",0.863,0.379773940843805
"ARF4",1.141,0.37981325370893
"SYTL5",1.031,0.380111302208364
"HTR3B",1.048,0.380198147504204
"C14orf79",0.917,0.380204171829959
"BAZ1B",1.136,0.380250279001648
"NUDT16",0.904,0.380552049736818
"CKM",0.966,0.380558348126949
"ITFG3",1.114,0.3805850157591
"FAM186B",0.923,0.380633547380811
"CCDC107",0.905,0.380681775287855
"C1QTNF2",0.946,0.380690808851313
"TPD52L1",1.047,0.380924463861461
"GTF2I",0.915,0.380952735702337
"KIAA0284",1.086,0.380973840664093
"SRPX2",1.042,0.380996271363515
"MAD2L1BP",0.873,0.381065391413241
"SUCLG2",1.106,0.381192738208583
"DOPEY2",0.903,0.38122115929524
"IL1RAPL1",0.886,0.381335710204392
"PYCR1",1.07,0.381393280546023
"ZNF117",0.951,0.381404417782449
"DIP2C",0.906,0.381471681301033
"C4orf47",0.959,0.381487079481803
"TFPI",1.045,0.381494573749804
"RYR1",0.97,0.381559619616743
"ATP6V1G3",0.818,0.381736638244192
"MPZ",1.074,0.381949835104857
"C8ORFK29",0.948,0.381965939144857
"ATP5A1",0.886,0.382027908862105
"LOC399959",1.049,0.382070389888838
"PCCA",0.93,0.382181238869423
"TMF1",0.876,0.38226951731209
"SPAG6",0.978,0.382312263445085
"LOC100132287",0.943,0.382337478602792
"CDIPT",0.875,0.382371227987138
"FBXW5",1.112,0.382511708889872
"FPR3",0.954,0.382579746016512
"SLC25A41",0.951,0.382611460938608
"CALCA",0.984,0.382693548174824
"IFITM1",0.951,0.382902414872472
"ABCC5",0.926,0.382939174946686
"DDIT3",0.937,0.382994125324794
"TMEM30A",0.898,0.383090744323237
"PTPRD",0.956,0.383181912156038
"SKI",0.904,0.383186372380622
"PCDHGB2",1.039,0.383365380838507
"LOC253724",0.929,0.383546788786407
"BPHL",0.915,0.383631415898681
"MEF2D",0.894,0.38382558159377
"SPOCD1",1.039,0.383826707299142
"KCNN1",0.95,0.383838036374386
"IL17RA",0.906,0.383852539968665
"GLRX5",1.146,0.383939510564241
"HMG20B",1.127,0.383950501636049
"NTN5",0.949,0.383967490699555
"SFRS2IP",0.875,0.384037982417027
"H19",1.022,0.384072973045582
"ZNF683",0.964,0.384151753911996
"MPPED1",0.923,0.384152460946881
"GIN1",0.878,0.384357616888723
"GRM5",1.032,0.384505322735781
"GALNTL6",0.963,0.384519381107912
"PACSIN2",1.099,0.384562761387451
"MED12",0.911,0.38483981604454
"C12orf57",1.084,0.384926578544263
"SERPINA7",0.91,0.384960908949158
"SLC26A1",0.938,0.385027858749958
"COG1",1.137,0.385210295230992
"TNNI2",0.959,0.385222245779463
"NCRNA00028",1.173,0.385297784517758
"POF1B",1.026,0.385339014395622
"KRT20",1.024,0.385476895332524
"DUOXA2",0.966,0.385485349947176
"PPAP2C",0.948,0.385513203038932
"CRB1",1.052,0.385699263907507
"ARG1",1.081,0.385715654327167
"TRAPPC2P1",1.101,0.385745070187885
"EPC2",0.88,0.385775864095549
"SPATA4",0.962,0.385807770887089
"KRT5",1.022,0.385850325953946
"SEMA3D",0.965,0.385934506312071
"RCL1",0.89,0.386046836363451
"SNORD1C",0.934,0.386095366445687
"ZNHIT2",1.029,0.386125775526047
"FAM65A",1.087,0.386179185601324
"POLR3D",1.132,0.386205886450163
"LOC100271832",1.177,0.386255442073559
"KCNH3",0.965,0.386354694382035
"LOC100240734",1.078,0.386410441775154
"MNT",1.138,0.386420877858735
"SGSM3",0.901,0.386442449516279
"LRRC4",0.962,0.386447361903408
"TOP2B",0.881,0.386470011483619
"TATDN3",0.885,0.386643824681655
"NAGLU",0.903,0.386705140021567
"CABP4",0.966,0.386834058505834
"LOC134466",0.958,0.387025793152881
"UHRF1BP1",0.904,0.387109302593229
"UBE2J2",0.871,0.387166379768415
"TAF10",1.119,0.387219551121192
"PPP1R14C",0.969,0.387338025753249
"NCRNA00116",0.933,0.387417385364498
"FAM22A",0.938,0.3874721707924
"C4orf45",1.326,0.387598632619156
"LOC283867",0.96,0.387833829568607
"ALG6",1.123,0.387988230797574
"SLURP1",0.905,0.388002815413355
"UQCRH",1.098,0.388086248045621
"MXI1",0.902,0.388137543811763
"CFHR1",1.042,0.388171812257292
"PCDHA10",0.967,0.388231888094729
"SPATA8",1.109,0.388247666935836
"TSPYL3",0.947,0.388328934774323
"COL18A1",1.063,0.388409226175013
"RUNDC1",0.846,0.388460098322555
"NOG",1.038,0.388567210839452
"IQCF1",0.895,0.388620222183535
"ISG20",1.068,0.388637542770974
"DLK2",1.038,0.388786740302148
"NPHS1",0.958,0.38883254070617
"KLHDC7B",0.959,0.388858092909452
"MYCBP",0.877,0.38896293393268
"ITGB8",1.031,0.389081908286073
"STARD3NL",1.107,0.38908976117761
"PPP1R14A",0.948,0.389120023374356
"RPS19BP1",1.115,0.389184184238016
"C21orf29",0.96,0.389243860994943
"CRIP1",1.052,0.389245227368328
"ZNF35",0.904,0.389287777964613
"FNDC3A",0.907,0.389337982420609
"C6orf174",0.962,0.389388424919238
"TMEM37",0.953,0.389396187859608
"MSTO1",0.899,0.389484481232366
"C19orf76",1.056,0.389490378495656
"HSP90B3P",1.047,0.389566176466971
"TMEM183A",1.119,0.389604200617087
"ATP4A",0.933,0.389713443379129
"TRIT1",0.89,0.389719987813211
"SPEN",0.913,0.389947017493447
"GTF2IRD2B",0.932,0.389965253165564
"COX6A2",0.933,0.390084061915862
"NAT2",0.943,0.39010135412208
"ZRANB2",0.88,0.390126049941518
"CAPRIN2",0.919,0.390255944829946
"LSM1",1.104,0.390357858497041
"JAKMIP2",0.962,0.390389128705889
"KCNH1",1.047,0.39043384452271
"TAB3",0.89,0.390517720197241
"SOX1",0.959,0.390554378620703
"L3MBTL",0.949,0.39062866209046
"C9orf85",1.131,0.390750744158167
"SMYD2",1.128,0.390894279953452
"SCG5",1.034,0.390969170428934
"LARP4B",0.892,0.391139780251482
"TAF7",1.133,0.391140139907207
"ARHGAP23",0.934,0.391157384519304
"ZNF324B",0.895,0.391245577254096
"MRPS7",1.128,0.39135134368427
"NFYB",1.147,0.391396526436018
"PHRF1",1.122,0.391397772313956
"C1orf161",1.039,0.391409911589354
"ZNF680",0.915,0.391428169059936
"XRCC6BP1",1.093,0.391481736174735
"RAB15",1.057,0.391516125031902
"PTPRA",0.875,0.391621814237319
"TPRG1L",0.89,0.391631112923681
"G3BP2",1.136,0.3918512833293
"ZNF607",0.926,0.391892953184238
"AAK1",0.902,0.391906140001226
"ZNF560",0.973,0.39191565364732
"VHL",0.889,0.392268150670761
"MFAP3",1.14,0.392536608445138
"NDE1",1.088,0.392558624668567
"STK4",0.889,0.392641680350603
"LACE1",0.897,0.392721750395314
"CPT1A",0.919,0.392795864789356
"CHMP1B",1.105,0.392917950158298
"LOC730668",0.94,0.392942514458291
"SERPINE3",1.133,0.392948175632569
"SLC22A20",1.054,0.393134706922886
"GPR81",0.972,0.393177450963422
"MED13L",0.922,0.393205700210444
"TRAM2",1.09,0.393244254285912
"POP5",1.106,0.393347243842214
"FGF2",1.054,0.393406766133763
"ICT1",1.106,0.39341337351826
"RPSA",1.082,0.393421127457132
"PELP1",1.113,0.393618323723593
"SKP2",1.064,0.393727888027406
"SPRN",0.923,0.393915488541856
"CYP27B1",0.949,0.393933889223195
"DPY19L2P4",0.94,0.393947863554882
"MRVI1",0.946,0.394043063466723
"ERBB2IP",1.135,0.394064118699907
"RBM28",1.103,0.394358361622971
"ORC4L",0.87,0.394423071299331
"RFPL1S",0.962,0.394468025722233
"ATAD2B",0.896,0.394550991618122
"ZNF578",0.961,0.3945547475111
"FADS1",1.065,0.394700372281051
"CCKAR",0.936,0.394704642323534
"WIBG",1.127,0.394792382917018
"DOCK6",0.912,0.394916317964858
"HNRNPH2",0.853,0.395004977818869
"L2HGDH",1.104,0.395165925863097
"SART3",1.164,0.395171521010129
"LOC100130274",0.888,0.395284546028187
"TOPORS",0.867,0.395363039289697
"C1orf96",1.11,0.395458224690598
"ITCH",1.154,0.395574442495225
"EHMT2",0.904,0.395607788248744
"ERCC3",1.201,0.39583032095865
"LBP",1.022,0.395874609865711
"FAM180A",0.955,0.395875722730142
"ZCCHC17",0.879,0.395888962893716
"GPR84",0.96,0.395890959129524
"ACADVL",0.906,0.395963510129856
"TNFRSF10A",1.072,0.396031539456893
"CCDC76",0.902,0.396053573022504
"DGKG",1.049,0.396142039352142
"CFHR3",1.041,0.396202443093134
"MYCN",0.972,0.396315324696032
"NBPF14",0.937,0.396326790396366
"FAM43B",1.061,0.396425593709236
"TIRAP",1.095,0.396485614515581
"GRID1",0.955,0.396595253360462
"TAB1",1.178,0.39660218102315
"NDUFA4L2",0.954,0.39667259840498
"PLXNA1",1.085,0.396682903978679
"MRPS6",0.917,0.396702808952438
"EPN3",1.053,0.39679768113147
"LOC100130331",1.042,0.396992730650029
"FAM27C",0.956,0.397051478559164
"DUS4L",1.099,0.397105353871482
"SGK1",0.938,0.397138652944962
"BAT4",0.872,0.397197315216588
"HNRPLL",0.867,0.397389623559126
"LRRN1",0.97,0.397495753033135
"C21orf88",0.955,0.397623415795509
"C13orf23",0.909,0.397630836350762
"RPP21",0.911,0.397706344100891
"RHEBL1",0.95,0.397774489076653
"SIX4",0.939,0.397776542609866
"HIST1H3G",0.956,0.397856215130561
"IDH3B",1.134,0.397964921671673
"FKBPL",1.111,0.397969281529379
"MAGEB1",0.96,0.398025265149186
"VPS26B",0.875,0.398119726739222
"C11orf35",0.947,0.398296588594166
"ZIC3",0.954,0.398574134719228
"MRPS26",0.922,0.398657031274214
"CGA",1.024,0.398729075330155
"TUBGCP3",1.129,0.398754692381676
"SFRS12",0.873,0.399109173126158
"RBM16",0.852,0.399109440547753
"ALG1",0.891,0.399233951304492
"CIR1",0.852,0.399341603718874
"C17orf48",0.898,0.399372630580867
"ARL10",0.945,0.399741070328605
"ADAM32",1.05,0.399772244440554
"BBS7",1.163,0.399916548382287
"UBE2D4",0.883,0.39995385366851
"FAM48B2",0.86,0.399988902776249
"RELL2",0.949,0.400001388260888
"COMMD5",0.91,0.400015697116488
"MTMR14",0.854,0.400067871623382
"C5orf13",1.077,0.400106796340027
"GDNF",0.929,0.400147703216632
"GAL3ST4",0.944,0.400150246333809
"HNRNPA3",1.17,0.400192638457072
"CYB5D1",0.912,0.400198203853249
"SS18",0.881,0.400337949324552
"LIF",1.042,0.4003787955144
"PCDHGA12",0.956,0.400383021884187
"RABGAP1",0.869,0.400390601681213
"VPS54",0.873,0.40050171162845
"SCXB",0.951,0.400577679786397
"RIT1",0.908,0.400618827942803
"PSMB9",1.051,0.400625803411216
"CTRL",0.946,0.400658107738941
"EXOC6",0.889,0.400732582257451
"MEX3C",1.134,0.400773748599851
"LPAR5",1.062,0.400789422190427
"PCDHB15",0.948,0.40083847075603
"DVWA",1.047,0.400850184277939
"TCEB3C",0.814,0.400893915489901
"APP",1.097,0.401068159260213
"SLC10A3",1.127,0.401092307317617
"PIGB",1.131,0.401118410434924
"SLC26A2",1.058,0.401140932507533
"AP1G1",0.865,0.401170644093362
"C17orf99",0.929,0.401175065128589
"PLEKHG7",0.966,0.401428395836026
"NR1I3",0.927,0.401505407769171
"RPL10L",0.931,0.401528445993213
"RPS8",0.918,0.401557942718316
"PCDHA11",1.033,0.401793399167559
"FAM45A",1.131,0.401981103521651
"TSPYL6",0.922,0.401991872267563
"DAZAP1",1.171,0.401998683796632
"DCTD",1.148,0.402032228549259
"GLYAT",0.849,0.402105983037116
"SFRS13B",0.957,0.402283377218858
"LCN8",0.918,0.402537361336367
"E2F4",1.153,0.402834751504996
"CELF4",0.959,0.402883957505912
"SCP2",0.881,0.402899732749112
"C9orf6",1.122,0.402956979554871
"SRRM1",0.857,0.403555795564361
"FAM155A",1.041,0.403558366256313
"SOX18",1.063,0.403624725281781
"C16orf62",1.13,0.403632006750901
"RPH3AL",0.947,0.403715421241844
"RNF213",1.079,0.40385812010544
"CXADRP2",1.1,0.403862840533442
"KLHDC10",0.918,0.403967011888585
"ATP5H",1.118,0.40413046213029
"FAM163A",1.048,0.404162622330192
"DCAF17",1.153,0.404299032892392
"UBASH3B",1.055,0.404419151035224
"LOC153328",1.051,0.404502060631333
"HOXC4",1.043,0.40452347363149
"TRIM63",0.957,0.404585796159803
"RABEP2",0.915,0.404675243878909
"RPS21",0.932,0.405001656517487
"SPAG17",0.972,0.405038862569123
"BARHL1",1.337,0.405272613795893
"HEATR4",1.053,0.405453950827685
"INO80",0.884,0.405555651528302
"IGFBP5",1.044,0.405662582096017
"APOLD1",1.065,0.405700489509931
"FOXN1",0.96,0.405811732655316
"VPRBP",0.874,0.405820267291625
"CDKN1C",1.061,0.405901710845906
"NRSN2",0.912,0.405980830546233
"DHX38",1.128,0.406035966687756
"C12orf51",0.923,0.406059708306871
"F3",1.042,0.40613885989915
"GOLT1A",0.962,0.406172416167246
"NME3",0.932,0.406187664890317
"PRKAG1",1.141,0.406263602874291
"RAB13",1.143,0.406270167355622
"PCDHB6",1.043,0.406276671147038
"SLC2A13",1.069,0.406336002662696
"DOT1L",1.086,0.40634341231338
"SH3KBP1",1.106,0.406382994247656
"HAO1",0.925,0.406442190634314
"PANK3",1.089,0.406463826446657
"WDR69",1.028,0.406509764185601
"RFNG",0.897,0.406671738040072
"AOC2",1.054,0.406742580968971
"FAM120A",1.14,0.407006558883943
"PCDHGB7",0.96,0.407036258151364
"CIB1",1.085,0.407160701326903
"DUSP11",1.136,0.407181408571925
"RBM11",0.959,0.407254905854813
"CLINT1",1.105,0.407265477550148
"CALM1",0.869,0.407310726722771
"C15orf40",1.125,0.407330337404166
"HIST2H2BE",1.05,0.407487418270857
"PRSS22",1.047,0.407508216973657
"C15orf62",0.938,0.407558292480871
"VPS37D",1.053,0.407563556923226
"C3orf19",0.838,0.407569190779939
"HIST2H4A",1.052,0.407649982313335
"GRAMD3",0.922,0.407734495354032
"DNAH14",1.075,0.407762006834627
"ATMIN",1.168,0.407800586501786
"MMP20",0.863,0.407818652979312
"TBC1D23",0.872,0.4078625938971
"TPRG1",0.947,0.408008836877581
"PBX3",0.917,0.408109085269977
"RHBDL2",1.052,0.408171055100894
"KIAA1210",0.949,0.408177727407714
"CELSR3",1.042,0.408288790615884
"MAP4K2",0.924,0.408313325956473
"SLAIN2",0.856,0.408338065479933
"NDUFA13",0.919,0.408387868451535
"SNCA",0.952,0.408415814140314
"SREBF2",1.101,0.408448352933278
"FRMD7",0.894,0.408467397681533
"MYBPH",0.976,0.408529755789458
"TFCP2L1",0.966,0.408647745348749
"GLDC",1.028,0.40868382798968
"C21orf58",0.945,0.408712397772431
"TOR1AIP2",1.096,0.408830461698839
"USP17L2",0.824,0.40885764498368
"C20orf191",1.115,0.408863837774954
"BEND7",0.96,0.409014407018778
"COG7",0.883,0.409097918367859
"TOP3B",0.914,0.409254307129186
"MYO1B",0.904,0.40928405163348
"PCOLCE2",1.032,0.409301933466602
"FOXS1",0.946,0.409348683279761
"OR51B4",0.928,0.409415494214679
"LEPRE1",1.1,0.409635130078505
"DNAJB5",0.923,0.409637226469757
"OR5B21",0.697,0.409697524443111
"SLC34A3",0.959,0.409870890365465
"DDX51",0.902,0.409924709376575
"SMYD4",0.868,0.409936339372142
"NEK5",0.963,0.409975918122365
"DUSP4",1.037,0.410002693804022
"VCX3A",1.029,0.410015078078579
"GTF2H2",1.045,0.41002156770814
"MMAA",0.891,0.410028458086373
"AHI1",0.908,0.410029629014973
"CBR1",0.957,0.410060308919674
"TULP3",1.117,0.410079020910354
"AFMID",1.102,0.410161236086606
"MTCP1NB",0.916,0.410169856807141
"RBM19",1.126,0.410179412123672
"RRN3",1.144,0.410237677672539
"NAV3",1.045,0.410339354745679
"SLC28A3",0.971,0.41035732404232
"THNSL2",1.039,0.410404574584203
"CABLES2",0.926,0.410409506805864
"WDR17",0.966,0.410417344227936
"FUS",1.147,0.410448867706555
"GNG8",0.844,0.410480304547234
"CSTA",0.959,0.41053031212713
"DNAJC17",0.894,0.41057588053428
"SEPT6",0.921,0.410668934885426
"OSR2",1.037,0.410776297175917
"FAM47C",0.902,0.410929272042862
"C6orf186",0.951,0.411031804872449
"RPUSD3",1.129,0.41108613704308
"TMEM8C",0.893,0.411123909641167
"ZNF334",0.964,0.411130898530328
"ODF3L1",0.953,0.411373836157738
"FRMD3",1.049,0.411397800876455
"NVL",0.87,0.411409788054612
"C7orf34",0.85,0.411651206278581
"RNF168",1.075,0.411732244575475
"C6orf223",1.031,0.411919842157434
"PGAM2",0.958,0.411929730308474
"CKB",0.96,0.412176333641286
"RGS9BP",0.954,0.41221064172049
"RPSAP58",1.08,0.412236071503192
"SNHG8",0.931,0.41237356742642
"MFSD1",0.898,0.412540554117555
"GRHL1",0.958,0.412704739114587
"CHUK",1.129,0.41271326577023
"NTHL1",0.929,0.412830838669199
"FUNDC2P2",1.064,0.412880825224828
"MYO7B",1.038,0.4128836659695
"HYAL1",1.037,0.412916446635111
"CLSTN2",0.963,0.412942471725111
"ZIC1",1.025,0.412949675411243
"NSUN5",1.106,0.412956481948427
"WDR66",0.964,0.412997249815137
"ZSCAN22",0.894,0.41311807779882
"ADCK4",1.11,0.41313173263699
"PIK3C3",0.898,0.413219619487979
"PSG6",1.053,0.413245355239814
"ST7",0.894,0.413300089099667
"GPBP1",0.858,0.413336621347359
"DLEU7",0.944,0.413345589625346
"PRSS33",0.948,0.413366151979365
"DLG1",0.878,0.413385115500758
"CHD5",0.951,0.413468659442295
"TMEM43",0.902,0.413521670651729
"CTBP1",1.144,0.413525877470975
"ALG2",0.869,0.413553395172798
"ULK1",1.1,0.413583441669852
"TRPM6",0.961,0.413823353515873
"IL5",1.172,0.413826412651613
"GPN3",1.115,0.413838049974259
"SOX10",0.937,0.413842854168715
"NQO1",1.034,0.413963118286144
"C21orf129",0.943,0.414098519819289
"SHH",0.967,0.41423476240024
"ZNF619",0.917,0.414611791637129
"WTIP",1.053,0.414701917503395
"LPAR1",1.055,0.414738068138025
"LONP2",0.891,0.414763856945348
"FGF7",0.955,0.414819586997218
"CRYAB",0.949,0.414996497960693
"CDYL2",1.051,0.415018058850412
"ANKRD40",0.857,0.415029235627886
"LYVE1",0.959,0.415054463930962
"IL1F6",0.843,0.415184585771722
"WISP1",1.045,0.415204999773093
"IGFBP7",0.937,0.415283431823008
"MAML3",1.074,0.415315021324798
"ZNF260",1.096,0.415321958694176
"ALKBH4",0.882,0.415422704610121
"MOBP",1.049,0.415488472897792
"COG5",0.884,0.415494840618144
"HIVEP3",0.939,0.415511732113988
"C4orf17",1.193,0.415565799320038
"PRR18",0.966,0.415628974114289
"HEATR3",0.896,0.415633425663722
"TNFRSF8",0.947,0.415780115899266
"SLC25A18",1.04,0.415801900156545
"RBM12B",1.125,0.415824727206687
"TALDO1",1.07,0.415829162985449
"OBP2A",0.967,0.415844243750674
"TRPM3",0.943,0.415846165402293
"GPR158",0.976,0.415882148942067
"KLHL22",0.89,0.416032033857299
"TAGLN3",0.967,0.41604598839607
"CXCL3",1.039,0.416103054368453
"CRYZ",1.072,0.416132255061014
"HCN3",0.944,0.41619905709461
"RPL23A",1.103,0.416213006147262
"FLJ35220",1.067,0.416270765131605
"PRF1",0.954,0.416283289107752
"MED9",0.882,0.416414386426577
"NCOA3",1.108,0.416437746394076
"HNRNPA1",1.153,0.416441780825033
"SAPS3",1.172,0.416446653799667
"NUP210",0.937,0.416561336958418
"RBM3",0.907,0.416756395664256
"RSL24D1",1.088,0.416879805136084
"PSTK",0.915,0.416905854175028
"LAIR2",0.964,0.416919777863789
"CASP3",1.129,0.416954381462956
"LSM6",1.127,0.416983136739506
"GOLGB1",0.907,0.41710404148383
"LOC100133161",0.952,0.417186875983418
"SPEG",0.966,0.417210986560556
"KRI1",0.898,0.417214212270158
"PURG",0.936,0.417325831497136
"TMEM229B",0.942,0.41737477962215
"CYB5B",1.116,0.417378870772819
"FAM86A",1.127,0.417379249798858
"TTPA",0.953,0.417423019286252
"FAM125A",0.91,0.417481461853503
"RNF14",1.122,0.417507585430364
"DYNLRB1",1.133,0.417528269201275
"PLSCR5",0.82,0.417608478022092
"NF2",0.898,0.417737165270517
"NUDT7",0.943,0.417747130690092
"FAM96A",1.108,0.417912583735483
"EHD2",1.066,0.417978311447128
"ZBTB37",0.916,0.418027228283735
"CD82",0.943,0.418048623295916
"SNORA76",0.867,0.41825100237306
"C12orf44",1.115,0.418253107310063
"RPSAP9",1.082,0.41841875927255
"C22orf28",1.15,0.418432685669231
"TXNRD3IT1",0.894,0.418474514937074
"TAS2R38",1.054,0.418480960421029
"NPM2",0.964,0.418634135490011
"ADRA1B",1.041,0.418778755402199
"CXorf40B",0.879,0.418927178085886
"GAS2",1.037,0.418977482670339
"LOC100130264",1.179,0.419142350665608
"ZNF780A",0.889,0.419201930776127
"XYLB",0.938,0.41926869173032
"CYTSA",0.898,0.419365110951152
"C3orf38",0.895,0.419373813928224
"SIX6",0.898,0.419436828089124
"B9D1",0.934,0.419448554048606
"TP53TG5",0.9,0.419464855930574
"GTDC1",1.119,0.419524614834251
"KCNH6",0.961,0.419526971080166
"FBLIM1",1.083,0.419632045520562
"LYRM4",0.917,0.419731913279767
"RPS6KB1",1.13,0.419732966188071
"GIT1",1.12,0.419747327391352
"CALM2",0.902,0.419758747284508
"C11orf45",0.949,0.419775296569993
"CLDN7",0.924,0.419986011803739
"RBM33",0.895,0.420006560676037
"SLC12A5",0.945,0.420016033072582
"KCTD21",1.126,0.420027509999691
"ASH2L",1.117,0.420042906326957
"NOL9",0.899,0.420134235934889
"MED11",0.907,0.420189761503943
"STRN3",1.107,0.420270870155036
"NARS2",0.896,0.42036450069484
"GAL3ST3",1.054,0.420373821283071
"NFE2L1",1.136,0.42045906947723
"FANCE",1.087,0.420559981648551
"LOC441294",0.95,0.420592533405056
"MAK16",1.124,0.420644010324928
"WDR73",0.892,0.420644073178541
"H2AFY2",1.044,0.420653669568627
"PLA2G4D",0.961,0.420733574843923
"CCDC147",0.966,0.420855720191296
"GMPPA",1.129,0.421050712379782
"LOC729156",1.051,0.421100143593775
"CATSPER1",1.032,0.421126174691855
"GLT1D1",0.958,0.421169689911949
"TMEM109",0.889,0.421274608376435
"LOC100302640",0.938,0.421279447890872
"PYCR2",0.882,0.421482089514686
"NBR2",0.932,0.421524146142777
"SNHG4",0.946,0.421548335957846
"PCDHA1",1.029,0.421717783093711
"CAPN2",1.092,0.42181943178814
"KLHL7",1.101,0.421887372258123
"CACHD1",0.966,0.421951834173164
"BCR",0.912,0.421960181135224
"DDR1",0.92,0.421989564090998
"CADM2",1.031,0.421989751167523
"RPS15AP10",0.939,0.421998524382783
"SLC32A1",0.899,0.422067925909398
"CHST1",1.042,0.422150589414476
"RAI14",0.934,0.422324147516481
"TMEM128",0.897,0.422335760408282
"CORO1B",1.131,0.422337996389805
"KDM5C",0.899,0.422353593877845
"U2AF1",1.133,0.422358270594848
"SLC5A8",0.979,0.422398615645829
"WASH5P",0.929,0.422403878874956
"ADARB1",0.936,0.422404887531072
"C9orf79",0.918,0.422541216433404
"EEF1A1",0.916,0.422568946575893
"RAB6B",0.953,0.42264303567404
"SLC35B3",1.147,0.422727569926659
"RBM46",1.037,0.422776630581097
"CXADRP3",1.07,0.422806519460581
"HOMER3",1.065,0.422829101226669
"C14orf101",0.907,0.422970627749666
"DPM2",0.904,0.422975950590703
"GABRA1",1.096,0.423117209475694
"RHOB",0.943,0.423138684172275
"MUC20",0.964,0.42315116149531
"DSCR8",1.029,0.423204431535352
"TRIOBP",0.9,0.423260198848103
"COX6C",1.087,0.423609345088505
"LOC647121",0.947,0.423621303642921
"IDH3G",0.892,0.423652635541779
"FAM122B",0.892,0.423666480695764
"RLIM",1.145,0.423717004096089
"WDR33",0.848,0.423929433019952
"PRSS21",0.978,0.4239515985993
"SIRT5",0.884,0.424126130722012
"ZNF507",1.128,0.424152212687474
"SERPINB9",1.062,0.424173274622981
"LOC653653",0.947,0.424202996562874
"NANOS3",0.949,0.424223538960642
"DHX15",1.15,0.424303133491353
"ABHD3",1.084,0.424324875625863
"GTPBP3",0.912,0.424388812427264
"TRHDE",1.032,0.424399721728219
"CCDC144B",0.966,0.424412558189649
"PRSS48",1.249,0.424479055699944
"EIF4A2",0.906,0.424498318428047
"RHOJ",0.94,0.424700929842031
"PCNX",0.907,0.424767500542283
"VAT1L",1.039,0.424772078630721
"C7orf71",1.107,0.4248556768664
"ADAM20",0.917,0.424877405779121
"SIGLEC12",0.97,0.424886459036436
"WFDC11",0.882,0.424918483154645
"TPRA1",0.873,0.425307632621914
"TFAP2C",0.953,0.425381453173833
"INHBC",1.065,0.425407677504015
"MAP3K10",1.08,0.425420376216029
"ARFGAP1",0.913,0.425518426790374
"DNMT3A",1.087,0.425624062212678
"MCM9",0.915,0.425692066180468
"TNFAIP8L1",1.068,0.42569339053948
"ZNF648",0.953,0.425744036804611
"FCGR1A",0.958,0.425789218706753
"ZNF286A",1.085,0.425792531471914
"MRPL27",1.1,0.425835254099018
"GMCL1",0.911,0.425865429829319
"EEF1B2",1.078,0.425870461056277
"CA8",1.026,0.426021590583994
"MDN1",0.936,0.426081672628822
"PCDH1",1.065,0.426238046493149
"EIF2C3",0.909,0.42648455801477
"AZI2",0.861,0.426540577637176
"ELANE",0.966,0.426757180906383
"LENG9",1.083,0.426765891347064
"SMARCA4",0.936,0.426827135540161
"VCX3B",1.055,0.427286706076629
"LOC81691",1.066,0.427367835161416
"TEX19",1.032,0.427391266001566
"KIF21A",1.068,0.427407466268432
"PRNP",1.071,0.427418596151696
"OR2A7",0.94,0.42756067862058
"GALNTL2",0.965,0.427821586280348
"TBC1D3B",0.951,0.427959702657749
"UQCRC2",1.119,0.428025534702183
"TUG1",1.121,0.428083881336044
"SH2B3",0.932,0.428142911118744
"NLRC5",0.948,0.428420430050964
"ELK1",1.142,0.428421659675094
"MRPS15",1.081,0.42855442497067
"GHRLOS",0.946,0.428683464036396
"NDUFS5",0.913,0.428699245608434
"GABRA4",1.094,0.428763157260069
"FMR1NB",1.045,0.428886650486651
"DOK5",0.967,0.428919247385603
"CCR1",0.952,0.429105938760812
"LYSMD2",0.927,0.429162545734499
"FAT2",0.975,0.42918486407753
"BAG1",0.928,0.429187469959698
"TAS2R42",0.832,0.429248359414889
"CHST13",0.956,0.429286962704631
"LOC440040",1.065,0.429304235193485
"SPOCK3",1.023,0.429322829619112
"ZKSCAN5",1.147,0.429324069185481
"CDH4",0.97,0.429341365985814
"SDR16C5",0.966,0.429499830168577
"ZNF311",1.042,0.429850049438991
"NQO2",0.931,0.429871769287014
"RAD51C",0.884,0.429980361750378
"LOC442308",1.055,0.430012248312752
"MYOT",1.068,0.43002341753237
"FAM160A2",0.892,0.43032639534728
"DDX43",1.023,0.430345352760612
"WDR11",0.884,0.430371999308793
"ATP10B",0.974,0.430380273997623
"MYH9",1.088,0.430399896857483
"MFSD8",0.881,0.430400856157435
"CUL2",1.13,0.430559143345824
"APOBEC3D",0.946,0.430580243837071
"CNKSR3",0.941,0.430755990191107
"GADD45GIP1",1.079,0.430776958476421
"TMEM134",0.918,0.430821318246166
"CALCOCO2",0.877,0.430835116059618
"ARR3",1.158,0.430890501475934
"C18orf2",1.029,0.430891150713932
"DNAJC12",0.975,0.430975913705828
"SORBS2",0.966,0.431084790305949
"MGST1",1.054,0.431120462407872
"OR9A4",0.893,0.431155517407205
"LXN",1.072,0.431194073170372
"C17orf46",1.061,0.43140566513435
"NCRNA00189",1.051,0.431427149890193
"PIGW",1.116,0.431451213028277
"MLST8",1.12,0.431535778677567
"HFE2",0.933,0.431578186944254
"KCNK13",0.958,0.43161376026235
"GAGE4",0.974,0.431663511011823
"C7orf59",0.924,0.431750611732336
"SGCB",1.08,0.43175808902923
"PRDM7",0.891,0.43183842145048
"TTC9C",1.124,0.431846822563681
"ZNF230",0.893,0.431914738112974
"CCDC144A",0.964,0.432023659481611
"FBXO8",0.883,0.432110870724594
"LTBP3",0.936,0.432609609318161
"NECAB1",0.959,0.432624814824588
"TWF2",0.896,0.432666688636037
"JAKMIP3",0.97,0.432727716446804
"C1orf227",0.914,0.432746577750998
"EMB",0.953,0.43289302073385
"MEX3D",1.079,0.432897555933115
"LRTM1",1.168,0.432925740508272
"DCAF8L2",1.048,0.43303158426723
"BIVM",1.083,0.4330702243819
"TCF4",0.943,0.433176324096828
"CAPNS2",0.971,0.43323091916415
"EDC4",0.904,0.433406251322212
"LRRC8C",0.934,0.433618385603185
"SMAD4",0.898,0.433686985577816
"PARG",1.137,0.433705539637639
"C9orf47",1.066,0.433870398332397
"PGA3",0.965,0.433873431454165
"C21orf71",0.918,0.433936760873766
"RDH10",0.96,0.434047672725498
"UPF3A",0.906,0.434058294816339
"TRAF3",1.119,0.434099917726547
"RNF151",0.869,0.43423131718389
"KIR3DX1",0.95,0.434263661682128
"PNKD",0.927,0.434318385672508
"RGS19",0.918,0.434390955135058
"PCDHGB6",0.959,0.434507597016333
"EML1",1.054,0.434562153166942
"B4GALT7",0.903,0.434626890511945
"PTGER2",0.959,0.434679556399321
"SLC31A1",0.905,0.434790499058143
"ATP2A1",1.043,0.435004427802009
"FOXI3",0.973,0.435023677897054
"ADCY1",1.039,0.435172156149949
"ATG4D",0.904,0.435498774957626
"ABO",0.968,0.435523531904903
"CDCA7",1.037,0.4355261438469
"SOAT1",1.102,0.435706985394852
"ZNF542",0.945,0.435735064972188
"ATP2B4",1.071,0.435754318694486
"SPPL2B",0.924,0.435898529981919
"DEGS1",1.121,0.436163561951482
"ANXA5",1.107,0.436178964535399
"FAM151A",0.949,0.436319966758572
"EXOSC10",0.853,0.436366111746225
"PLAT",1.031,0.436384790594154
"ECHDC1",0.927,0.436396595161468
"HDAC10",0.922,0.436473572371694
"CXXC1",0.901,0.436534808144083
"SERPINA11",0.947,0.436623310508664
"ASB7",1.154,0.436702266832595
"TXNDC17",1.064,0.436732599244927
"RGSL1",1.166,0.436775948668096
"C11orf80",1.079,0.436865046166661
"CACNG1",0.944,0.436934047541711
"LOC401127",0.927,0.436950724256693
"PHOSPHO1",0.951,0.436963006755883
"ACTR10",1.133,0.436977852566618
"ZNF420",0.929,0.437094120424949
"UBQLNL",0.953,0.437184656563776
"CLOCK",1.079,0.437238028993437
"LIM2",0.774,0.437290539518372
"COL6A3",1.047,0.437312389982101
"PMVK",0.915,0.437412201412074
"ULBP3",1.054,0.437521350002493
"PRDX1",1.076,0.437714757778437
"KIAA1704",0.88,0.437993175771471
"VSTM1",0.958,0.437994368780115
"LRRC8D",0.895,0.438186820035727
"VKORC1L1",0.909,0.438430132898184
"RNLS",0.948,0.438459426751938
"CLIP3",0.944,0.438518435029992
"DACT2",0.98,0.438611910727877
"NAA10",1.094,0.438679681914078
"CAPN5",1.042,0.438724816046826
"SNX15",1.143,0.438730742659086
"TMEM17",1.07,0.438740199551652
"IL13",0.931,0.438763273233127
"PUS3",1.129,0.438770881384668
"CDH5",0.942,0.438804394148237
"PYCRL",1.071,0.438874037803919
"RPS26",1.061,0.439107963500063
"RAP1GDS1",1.122,0.439307941899873
"FAM162A",1.074,0.439448414038368
"MEPE",1.038,0.439526998637032
"ATP6V1E2",0.931,0.439528106525276
"PTP4A1",1.067,0.439543929396192
"F2RL3",1.049,0.439609916945074
"HOXA6",1.05,0.439620231540728
"MYO3B",1.026,0.439701517355063
"PPP1R2P3",1.112,0.439759268470844
"LOC100128076",0.902,0.439790400627689
"LOC93622",0.914,0.439900147585554
"RAP2C",1.117,0.440259885537894
"LOC100129716",0.929,0.440311174764755
"CCDC135",0.974,0.440358307891357
"ZMAT2",1.14,0.440428659958951
"SSTR3",0.936,0.440518877418713
"GATS",0.942,0.440538674528933
"TIAM1",0.955,0.440607710268129
"FAM69C",1.047,0.440691911837692
"DYNLL2",0.912,0.440746221715568
"SPRR2F",1.03,0.441080167873999
"RNF43",0.952,0.441203114202323
"HDAC1",1.13,0.441283481061742
"TMEM91",0.946,0.441333739346652
"LRP4",0.966,0.441400753579139
"INGX",0.941,0.44145725598234
"HLTF",1.079,0.441752325894883
"ZNF839",0.908,0.441785025898136
"CHRM5",1.053,0.441911207145912
"MYADM",1.067,0.441921973881589
"C17orf79",1.105,0.441962656983925
"RTN4IP1",1.102,0.44200185031234
"SERTAD2",1.1,0.442277153762422
"CCL1",0.946,0.442398697709488
"EXD3",0.929,0.442451756549166
"TMEM184C",1.146,0.442479634964621
"TP53TG3B",1.04,0.442601147446393
"RPL26L1",1.087,0.442641669400484
"XCL1",0.96,0.442808586473543
"REM2",0.949,0.443175051464625
"TPRXL",1.034,0.443249630426636
"PPP3R1",1.14,0.443294033047713
"P2RX3",0.882,0.443311118741391
"KLHL20",0.891,0.443354812305278
"FRG2C",0.966,0.443403052152211
"MYCT1",0.944,0.443472402228046
"C1orf107",1.111,0.443502558846178
"NUBPL",0.91,0.443528346744496
"NTM",0.961,0.443564295303375
"SBNO1",1.066,0.443682655912725
"NDUFV2",1.093,0.443706289403407
"DYSF",1.057,0.443762796555307
"RSRC2",0.847,0.443940893655001
"ZNF567",1.093,0.444082880193888
"MED1",1.094,0.444104572083234
"SLC25A10",1.068,0.44417570110529
"MYST4",0.916,0.444227056896855
"SSX6",0.952,0.444285093062744
"CLIP2",1.058,0.444300349712008
"POLR3F",0.902,0.444375864663523
"CEP57",0.875,0.444421397804019
"HEXB",0.909,0.444534220424835
"CLN8",0.913,0.444627564697214
"CTSO",0.937,0.444695052545373
"TNFRSF4",0.95,0.44476468174485
"FGF22",0.847,0.444903186406379
"DNAJB12",0.863,0.444940367296593
"SNHG6",1.065,0.444980821811935
"RTN4R",0.944,0.44505261680444
"RABEPK",1.114,0.445103155982763
"SMYD1",1.137,0.445151043432964
"INTS5",0.891,0.445220410565676
"IL1B",0.964,0.445273322428346
"FAM173B",0.906,0.445532295766253
"C7orf45",0.845,0.445538613629385
"UBFD1",1.107,0.445641586439468
"WNT3",0.95,0.445646550067029
"SUPT7L",0.867,0.44565788689448
"PRKAA2",1.037,0.445703131199692
"ZNF521",0.956,0.445857330610922
"TMEM99",1.06,0.445884058824476
"UTP14A",1.129,0.446052546743804
"SLC29A4",0.969,0.446085351683092
"EPS15L1",0.872,0.446229938937899
"SLC30A8",0.966,0.446303202236329
"C20orf202",1.062,0.446402770765531
"SNRNP35",0.884,0.44658433600495
"CGREF1",1.028,0.446586617882819
"SHB",0.924,0.446598438425159
"WFDC8",0.834,0.44665139563664
"APOL5",1.124,0.446676665949922
"TAF4",0.904,0.446726311328078
"NCRNA00081",0.912,0.44676402228457
"LOC100133612",1.049,0.447026429330083
"DMRTA1",0.97,0.447151921399767
"MGAT5",0.957,0.447218785738099
"DNM3",0.956,0.447227687626933
"HSPA12A",1.054,0.447231956296127
"CTAGE1",1.058,0.447291780720582
"LDLRAD1",0.976,0.447312801049595
"C15orf39",1.105,0.44739869116955
"RBPMS2",1.043,0.447469402801989
"KLC3",0.969,0.447490062335886
"C9orf86",1.115,0.447530477349233
"GPR110",0.982,0.447536987254984
"ANAPC1",1.092,0.447830144324085
"SCRN3",0.885,0.447867551071548
"PLIN1",1.052,0.44811620387007
"ISOC1",1.101,0.448125829141199
"COQ9",1.102,0.448133158481398
"ZNF268",0.912,0.448256399581075
"HM13",1.13,0.448288728570903
"LRRC47",0.851,0.44850341993326
"C1QA",0.959,0.448683595306661
"FGF17",0.955,0.448751922317349
"SYT7",0.967,0.448772298571962
"CLDN9",0.974,0.44885591514198
"KIAA1908",1.047,0.448972937167301
"OR10Q1",0.853,0.449016313594425
"WDR89",1.112,0.449024474532476
"FAM133B",0.886,0.449088396601187
"LRGUK",0.963,0.44913848449607
"CHP",1.077,0.449139042648191
"VPS16",0.891,0.449200708537051
"PDK3",0.946,0.449421579916108
"SEH1L",1.106,0.449534101533143
"SLC24A6",1.112,0.449624725665648
"MS4A3",0.915,0.449818802595559
"THBS3",0.926,0.449920710949179
"CDC16",1.133,0.449927514639803
"PGLS",1.089,0.4500396473148
"NFIC",0.941,0.450113242160446
"TMEM61",0.967,0.450190270925103
"GPR52",0.886,0.450210006561383
"THAP3",0.915,0.450238355911489
"CLEC2A",0.949,0.45024394099457
"FAAH2",0.943,0.450443734800658
"RAB7A",1.158,0.450467670036263
"RNFT2",1.042,0.450471092554896
"AR",0.97,0.450535782333645
"RAB32",1.062,0.450604805991119
"LYRM5",0.919,0.450640548333657
"BMI1",1.093,0.450644633909846
"WNK4",1.029,0.450646169130468
"TAS2R46",1.153,0.450679591334216
"CCND1",1.052,0.450772524188385
"DCLK1",0.964,0.450833931918832
"LOC100133050",1.209,0.450843717989484
"KRT36",0.931,0.450951524128787
"CSTF2",1.114,0.450961910899297
"HCG2P7",0.951,0.450973780251572
"PLA2G4C",0.956,0.451018088502121
"C5orf44",0.898,0.451037859379964
"C14orf169",1.129,0.451058046808905
"AGBL1",0.949,0.451101868502215
"GML",1.265,0.451291588958547
"LHFP",0.94,0.451458035756417
"C17orf81",1.116,0.451516360022514
"OR56A3",1.049,0.451594842102689
"SNRPC",1.107,0.451643678231
"CPLX1",1.04,0.451655048378893
"UROS",0.906,0.451847517990872
"X..10431",1.11,0.451861773189796
"HIC1",1.058,0.451892353849335
"IMPDH1",0.927,0.452067636896324
"PRKG2",1.034,0.452163373724544
"PROX1",0.971,0.452215092418247
"LOC100133545",0.968,0.452216381045028
"ZNF350",0.912,0.452225456411151
"APOH",0.981,0.452310827409094
"ZDHHC19",0.95,0.452461587513668
"ADAL",1.085,0.452482710539761
"CDH19",0.961,0.452511153351307
"RGS8",0.818,0.452570071079259
"DBI",0.917,0.452684381293754
"ZBTB44",0.897,0.452701475563506
"SNAP29",1.139,0.452777882313892
"GLYR1",0.871,0.452826353381569
"NCOA7",0.951,0.452890275413326
"PCDHGA4",1.031,0.452914606698836
"DPAGT1",1.126,0.453307563796028
"ZSCAN10",1.047,0.453452095515658
"QPCT",0.972,0.453518376432878
"NBAS",0.886,0.453539804135386
"LSM10",0.905,0.453582687977477
"MMEL1",0.967,0.4535954024755
"EIF4B",1.109,0.453695856606672
"TM7SF3",1.08,0.453834005028383
"TMEM101",0.911,0.453835595821268
"LRRC7",1.043,0.453913677938952
"KCNK15",1.033,0.454138651320874
"GABRG3",0.969,0.454179118370216
"UVRAG",0.889,0.45426447332635
"TCP11",0.972,0.454457081332595
"NME6",0.884,0.454512738865025
"ANKRD26",0.925,0.454834267620351
"FAM109B",0.921,0.45488238645249
"GPATCH2",1.109,0.454975301623367
"SUCLA2",1.116,0.454979248895932
"STXBP4",0.921,0.455109683906316
"SLC35E1",0.895,0.4555702332446
"OBFC2A",1.063,0.455884585097805
"IGFL4",1.101,0.455984423103259
"PPPDE1",1.113,0.456003214313528
"FAM134A",0.859,0.456182980325359
"PANK2",0.878,0.456364657545769
"DCLRE1A",1.09,0.456506366902518
"RPL23AP7",1.098,0.45651432751772
"ASNS",1.057,0.456531698034157
"ABCA2",0.938,0.45667155905196
"HIST2H2AC",1.047,0.456889722324937
"WHAMM",0.894,0.457127907592154
"FAM170A",1.127,0.457270913143729
"DHX30",1.157,0.457304710800426
"PDCD1",0.962,0.45735724670482
"LETMD1",0.909,0.457376396807947
"RAB27A",0.934,0.457553877865139
"RPL8",1.068,0.458065712153844
"TUBA1A",0.938,0.458170644541342
"GOLGA6B",1.067,0.458319497026289
"MRGPRX2",0.884,0.458321706655137
"SSX2",0.96,0.458379474280083
"RPS25",1.098,0.458381600394222
"FLYWCH1",0.911,0.458405296857662
"ZNF740",0.888,0.458410028844901
"PAX9",0.972,0.458456683499464
"AP4E1",1.12,0.458494975113339
"BIN3",0.91,0.458507650627479
"TMEM104",1.118,0.458664368306185
"ERN2",1.016,0.458723786582694
"RAB4B",0.915,0.458729884891324
"C2orf79",0.931,0.458763143437946
"FAM170B",1.126,0.458781010562488
"RCOR2",1.03,0.458821302621001
"CSTF1",0.87,0.458865356745687
"ARHGAP17",0.894,0.458890814524076
"TXNRD2",0.925,0.458966855437195
"SCOC",1.085,0.459071947368692
"GAGE12J",0.969,0.459129920547931
"C14orf93",1.12,0.459457633205857
"STX5",0.861,0.459467100246461
"SMYD3",0.925,0.459696419626335
"CECR5",0.911,0.459829539743133
"XRN2",1.097,0.460009967333181
"HAS2",1.038,0.460032023365043
"FZD5",0.935,0.460067227043333
"RPRML",0.95,0.460089426460078
"TRPC1",0.948,0.46010563173402
"DNAH3",0.972,0.460158665166517
"LYSMD4",0.913,0.460185230533531
"CABYR",1.025,0.460229689594522
"RHBDD3",1.082,0.46045399351457
"LOC387646",1.044,0.460470547479698
"CBWD5",1.046,0.460502425631442
"MSH5",0.951,0.460765923192769
"DAZAP2",0.87,0.460830093017095
"LOC100192378",1.087,0.461004975161073
"SIRPD",0.934,0.461026938440157
"HAUS7",1.088,0.461080663911782
"PDZK1",1.056,0.461125407580448
"PDZRN3",0.955,0.461171858610913
"ZDBF2",1.051,0.461225975932165
"LRRC8B",0.912,0.461289862783252
"TIMM13",1.094,0.461635542103913
"ZSCAN2",0.912,0.461663972595677
"SCARNA6",0.929,0.461684729790832
"TCF12",1.113,0.461708599735918
"SLC34A1",0.929,0.461775610197048
"TPI1P2",1.07,0.461776384640446
"ZHX3",0.922,0.461853868591719
"EBPL",1.068,0.461999177807761
"BCL9",1.079,0.462091486948971
"ASCC2",0.904,0.46209788365679
"PRRG3",0.948,0.462159531092658
"IPMK",1.052,0.462237509996213
"SEC62",1.111,0.462313785879817
"PTAFR",0.965,0.462322263445762
"PRSS16",0.943,0.462418861875424
"ZHX2",0.918,0.46244443153811
"PTGFR",0.971,0.462600781583969
"DDB2",0.921,0.462632471457572
"WDR24",1.11,0.46289211984013
"ZNF689",0.934,0.462920176296147
"ALKBH1",0.87,0.462932620850929
"KLK2",0.956,0.462945303705902
"FARSA",1.121,0.462968872593828
"TOMM7",1.097,0.463027121236118
"CNOT4",0.861,0.463086351718386
"PDZK1P1",0.95,0.463130658904494
"HLA.L",0.952,0.46320598214435
"ACAP2",1.098,0.463206931710498
"PCGF6",1.099,0.46334991165581
"VARS2",0.916,0.463493911499254
"TSSC4",1.108,0.463507703746252
"RNASE3",1.058,0.463590732868222
"TBC1D3G",0.979,0.463761643711116
"STAM2",0.884,0.463813015920777
"CARKD",0.92,0.463904265023248
"ATP6AP2",0.878,0.464133733133285
"TMEM156",1.032,0.464169754236062
"HMGB3",0.962,0.464245243845017
"KIF1C",0.921,0.464304449267981
"GPHN",1.074,0.464305965889913
"NDUFA2",0.928,0.464341214196234
"SGCD",0.962,0.464601076185373
"THSD4",1.052,0.464727967473719
"TIGD7",1.073,0.464741031064077
"GLO1",0.916,0.464805167691283
"PTEN",0.898,0.464821249000582
"LHX8",1.035,0.464821910407506
"RP9",1.103,0.464899833335415
"ANGPT4",0.944,0.464934129187174
"ZBTB46",0.942,0.465028020932431
"FRG2B",0.954,0.465121710821746
"VN1R1",0.946,0.465131168889616
"NACAD",0.961,0.465262837758693
"TAS2R5",1.051,0.465330184149688
"PIK3C2A",0.891,0.46538365820476
"TMEM40",1.026,0.465390799660175
"HLA.F",0.957,0.465511040124698
"ASB6",0.881,0.465534517589194
"C5orf40",1.08,0.465844173297677
"MGC12916",1.051,0.465858989746407
"IFITM5",0.951,0.465894379233881
"VNN2",0.965,0.465907064858943
"LOC389634",0.954,0.465921834442097
"S100A13",0.938,0.465990301482319
"ABCG5",0.934,0.466040309524715
"SPRYD3",0.904,0.466141323001036
"NOL12",0.914,0.46629649940253
"FAM96B",0.922,0.466380356881938
"ADAM22",0.967,0.466506237253691
"TMUB1",1.086,0.466661528893089
"FOXJ1",0.975,0.46666460956094
"ESYT2",1.092,0.466664985870761
"KCNAB3",0.961,0.466807343589457
"NRTN",0.961,0.466881702040947
"C9orf103",0.931,0.466885893044177
"LOC647288",1.065,0.467096955294137
"IFNG",0.971,0.467242757243114
"NOVA1",1.027,0.467278537920546
"OSR1",1.04,0.467471814328996
"PUM1",0.868,0.467737063319726
"FUNDC1",1.097,0.467800890820278
"SYNGR2",1.086,0.467846463051801
"ANKRD35",0.955,0.467893726927013
"HSPC159",0.948,0.467894092040925
"RPGR",0.928,0.467907952157837
"CDC34",1.088,0.467949879242294
"SLC30A2",0.974,0.467973886580898
"FAM168B",1.1,0.468057025944476
"IDI2",1.071,0.468078792510443
"PCDHB9",1.04,0.468080218579496
"RIPPLY2",1.049,0.468172193716457
"DSCAML1",0.972,0.468422617051362
"CPZ",0.959,0.468504435577227
"RBP3",0.926,0.46856495872484
"SLC37A3",1.117,0.468713607267052
"KDM5B",1.099,0.468718283755691
"MGC14436",0.964,0.468730007379065
"OR5C1",0.727,0.468771412936811
"NXN",0.943,0.468798192779349
"KBTBD7",0.934,0.468879640002158
"PTPN1",0.912,0.468952397668268
"NAPG",0.9,0.469157573041234
"UTP14C",0.906,0.469173784594372
"PHF3",0.905,0.469219773457016
"KCNJ3",1.055,0.469240839722548
"TEX264",0.906,0.469456217984799
"STX19",0.958,0.469484874346001
"GSDMC",1.028,0.469548177039716
"ZSWIM4",0.928,0.469693742563582
"SH2D2A",1.05,0.469775355533442
"C1orf57",1.074,0.470023919579302
"C6orf94",0.882,0.470235584197115
"UBTF",0.863,0.47027318693478
"SLC19A2",1.078,0.4703306313016
"MIOX",0.976,0.470340184727721
"ISOC2",1.089,0.470452726312096
"OR51E2",1.04,0.470538934604313
"MYO3A",1.026,0.470659989917562
"ZACN",0.959,0.470702476493269
"FTSJ1",1.109,0.470703354534329
"CST6",1.026,0.470726929106045
"SNAP25",0.968,0.470854204438811
"S100A4",0.961,0.470960666572552
"MT1M",1.03,0.471000531729719
"SIRT3",0.901,0.471051605340913
"CLN5",0.921,0.471071391452986
"SAMD5",1.037,0.471121304336489
"RPS5",1.067,0.471151226704493
"TRPS1",1.052,0.471262428278899
"GLI1",0.965,0.471457780339015
"GABRB3",1.02,0.471566360770243
"MSL3L2",1.041,0.471600607445296
"BST2",0.956,0.471809438637872
"OSBPL9",0.891,0.471954091370823
"CLPS",0.897,0.471978888596762
"FBXO18",0.872,0.472063647358525
"TEC",0.917,0.472132995625593
"IL29",1.062,0.472256387571205
"IGFBP6",1.033,0.472317922712471
"RPL36AL",1.091,0.47236007992745
"CDK19",0.903,0.472416637035919
"ABCB4",0.965,0.472535478565265
"SH3GL2",0.972,0.472546114682963
"STAU1",1.14,0.472592422114871
"WNT2",0.964,0.472767892374621
"C4orf10",1.107,0.472795828001655
"C8orf58",0.909,0.472912624355689
"FAM102B",1.062,0.473130836512805
"LAMP2",0.911,0.473279469746276
"PSMA6",1.064,0.473336606693831
"ATP8B1",0.944,0.473339517823228
"RNF141",1.086,0.473400912007248
"UGT3A2",0.967,0.47341709566988
"PCDHA7",0.966,0.473439132573102
"SRA1",1.097,0.473487081315118
"ZC3H4",1.118,0.47360942126003
"STAU2",0.922,0.473653556016128
"LRBA",0.918,0.473706427592961
"C14orf138",0.912,0.473720026234362
"TMEM133",0.942,0.47375222541813
"MAP1LC3B",0.903,0.4737525623448
"GNL3",1.103,0.473785539931196
"CDK5RAP2",1.085,0.474016401383915
"ULBP2",1.036,0.474051251634207
"NUDT6",1.064,0.474078182191538
"AKR1C2",1.013,0.474203082026689
"MYO5A",0.941,0.474251764777408
"CCR10",0.965,0.474290034828052
"GJA9",1.06,0.474393644499762
"RGS17",1.028,0.474411461624055
"H2AFJ",1.059,0.474570055466599
"IL1RL1",0.975,0.47464388361722
"RAD51L3",1.111,0.474667630537949
"EID2",0.905,0.474714843577681
"NFYC",0.885,0.474740094158122
"XDH",1.028,0.474765588548984
"MRGPRE",0.961,0.474805786448468
"NAE1",0.892,0.474859128819682
"AURKAIP1",1.083,0.474861619214197
"LRDD",0.945,0.47489910421481
"PDCD6",1.083,0.47490971552025
"NDST1",0.929,0.475059586559106
"PCDH17",0.954,0.475079359748303
"FBXO34",0.907,0.475112533606996
"LRRC55",0.969,0.475126949283369
"ALPK3",0.969,0.475201454156003
"TMEM209",1.106,0.475230551460224
"LOC388242",1.039,0.475378831870653
"LOC285456",0.929,0.475483625559574
"ZMAT5",0.917,0.475498345841053
"CYP11B1",0.89,0.475583383911996
"C21orf130",0.956,0.475584411610245
"HEPACAM2",0.978,0.475607189654058
"PACS2",0.909,0.475743735025371
"KIF26B",0.96,0.475768062051762
"C1orf220",1.052,0.475789462897682
"PRRC1",1.119,0.475939108260402
"TTPAL",1.099,0.476051440383908
"EPPK1",1.037,0.476068952352076
"TLR1",0.947,0.476099020589048
"PSAT1",1.037,0.47612875060975
"VAMP7",1.1,0.47627374863876
"USP35",0.923,0.47632431321742
"MSH2",1.081,0.476333064391149
"DAND5",0.949,0.476395732115004
"LOC100132215",1.051,0.47639852132148
"IFNGR2",0.923,0.476465412972072
"HRAS",1.083,0.476475043177612
"MPPE1",0.911,0.476514515368369
"LILRA5",0.963,0.476536901518076
"FNBP1L",0.917,0.476632065516793
"C1orf109",0.892,0.476637491978244
"ARMC1",1.079,0.476649940825747
"KLF7",1.066,0.476676432633671
"RPS4Y1",1.01,0.47668916745819
"C6orf170",0.942,0.476811510632244
"LOC728606",0.963,0.47690170611405
"SEC61A1",1.126,0.476992962475461
"CNNM3",0.905,0.477049617338989
"YRDC",1.101,0.477191385128334
"PRDX3",1.089,0.477292615734243
"PARK2",0.959,0.477306505568742
"LOC646982",1.082,0.477486203873162
"DDAH2",0.929,0.477493687450201
"COPS5",1.088,0.477580315177983
"FSTL4",1.02,0.477672995902511
"CXCR1",0.967,0.477782488516395
"FBXW10",1.036,0.477787014128664
"JAK2",0.942,0.477816554315457
"RNH1",0.904,0.477817100289023
"MAL2",0.941,0.477908372345876
"IFI44",1.037,0.477937879405124
"ADPGK",0.89,0.477942593952635
"ZCCHC11",0.927,0.478181012656655
"FAM92A1",0.951,0.478312370846362
"GLRB",0.96,0.478346490460096
"C1orf93",0.936,0.478346825296535
"SLC5A12",1.023,0.478371222005675
"AXL",1.052,0.478418726007907
"ATP6V0C",1.113,0.478517028840465
"PAM",0.94,0.478632509696994
"RPL15",0.918,0.478702843311381
"MMGT1",0.916,0.47888819066375
"C7orf28A",1.095,0.478898169634246
"TIFA",0.916,0.478943204283767
"RHD",0.955,0.47903079320894
"APITD1",0.923,0.479126351720987
"C10orf26",0.889,0.479183531332176
"CTTN",1.091,0.47919075011223
"GSTO1",1.072,0.479220890639071
"TMEM161A",0.919,0.479232545461528
"CECR6",0.957,0.479234472633995
"GSTP1",1.059,0.479299242905219
"BGN",1.051,0.479318690028399
"MGC16121",0.962,0.479390651636636
"XK",1.028,0.479490534321112
"HCRT",0.888,0.47972779053147
"SSPN",1.045,0.47978954747283
"C6orf162",0.92,0.47981595294043
"ARHGAP1",1.108,0.479886025465616
"MANEA",0.931,0.479985542523639
"C21orf90",0.967,0.479990197182928
"SIPA1L2",0.957,0.480088855263768
"KCNV2",1.086,0.480336149621074
"TLE4",0.948,0.480339850972611
"PRSS35",0.961,0.480405958992263
"CLIC4",1.074,0.480535300260919
"ARSB",1.089,0.480715163694646
"GOLIM4",1.067,0.480901083816813
"CCNYL1",1.096,0.480964583722235
"TXNL4A",1.094,0.481029886720011
"MAGEL2",1.045,0.48107189446697
"OR1E1",1.194,0.48127626053086
"MEP1B",0.931,0.481280761615497
"LOC222699",1.046,0.481287322699023
"NLK",0.885,0.481346562361111
"LOC388955",1.087,0.481595965275369
"VPS37C",0.895,0.481672859267628
"TOMM34",1.097,0.481725651374762
"SNRPD3",1.109,0.481747326609075
"POLN",0.955,0.481796867371361
"ATP6V1F",0.915,0.481826094637128
"SH3TC1",0.932,0.48191051635261
"C4orf34",0.932,0.482037456282506
"CHST10",0.951,0.482057196680339
"OR2C1",0.904,0.482187689216767
"LRRIQ1",0.975,0.482367097699361
"PRPF18",0.876,0.482427307182635
"SH3RF1",0.931,0.482486911755144
"SCFD2",0.897,0.482558952395484
"GOLGA5",1.14,0.48256252257362
"KIF17",0.954,0.48258650804089
"IFNA1",1.164,0.482781955321562
"COL9A3",1.031,0.482786517295077
"ACTG2",0.969,0.482810536887211
"C19orf41",0.969,0.483065323764711
"H1FX",1.089,0.483204248778295
"RBM47",0.91,0.483247913272854
"ADAMTS9",1.044,0.483423149003321
"PPEF2",0.896,0.483454811481785
"COG4",0.893,0.483565873748236
"SNORA61",0.826,0.483609921918672
"TANC2",1.061,0.483678337007503
"ADPRHL2",0.901,0.483707834686714
"BRD3",1.095,0.483903053139676
"PGLYRP4",0.976,0.484106549441279
"RAB4A",0.899,0.484127563219401
"TGDS",0.913,0.484187255391983
"ZGPAT",0.933,0.484349686144765
"COL2A1",0.98,0.484453442687556
"SMARCD2",1.128,0.484544070595234
"RRP8",0.888,0.484562456597786
"SAP30",1.066,0.484650271766893
"CD177",0.978,0.484657427075641
"PHF21A",0.9,0.484955454099456
"TMEM206",1.072,0.485016481193157
"RIN2",0.926,0.485054377697658
"RNASE2",1.037,0.485057929779522
"FZD6",0.935,0.485205831169729
"TDRD12",1.036,0.485431221903662
"RPL35A",1.072,0.485727944113466
"SLC25A40",1.072,0.485852330437372
"DUSP15",0.964,0.485935595958135
"OR10H5",1.084,0.486018355308946
"LOC400927",0.947,0.486041304433887
"DCAF12L2",1.035,0.486098711095526
"BARHL2",1.07,0.486228818955609
"ZNF138",1.08,0.486243970598159
"SMARCE1",0.888,0.486263606371486
"G6PC3",0.911,0.486288390322973
"PCDHGC3",1.064,0.486367834211676
"EMILIN1",1.046,0.486392852107554
"RAB38",0.957,0.486474837463556
"TOP1MT",0.931,0.486539817507919
"SCRT1",1.062,0.486658936181396
"C9orf82",1.098,0.48671846440616
"MEIS3P1",0.927,0.486728226600108
"PLA2G4E",0.977,0.486769622097654
"QTRTD1",1.117,0.486839443665889
"ZNF701",0.928,0.486933235197305
"PRB4",0.968,0.487117849801068
"PRDX5",0.93,0.487193061605285
"ECM1",1.033,0.487271537148269
"SCRN1",1.058,0.487390174858257
"C16orf70",0.883,0.487527655690504
"TBC1D29",0.918,0.487694069650187
"ABCB9",0.942,0.487746131334322
"HAPLN1",0.976,0.487762239625578
"HIST1H3B",1.051,0.487813318355421
"IGF2R",0.934,0.487919631105779
"RBM24",1.03,0.487934667520695
"EXT2",1.115,0.488014624663264
"ADAM11",1.043,0.488027073857865
"PSD",0.956,0.488027296287625
"TRAPPC6B",0.9,0.488053426119128
"TSPAN31",0.943,0.488201939778592
"AKAP5",1.053,0.488344546573418
"HIST1H2BA",0.878,0.488357452981298
"LOC728554",1.057,0.488410947775642
"PRKG1",0.967,0.488558798270729
"PCDH9",0.969,0.488827163075529
"C3orf24",0.904,0.488875658088755
"ANGPTL3",0.952,0.488912612313859
"CBR4",0.912,0.489009665623181
"NR3C1",1.078,0.489055018742762
"LOC221122",0.885,0.489224735866684
"MAP4",1.106,0.489241368283736
"PPBP",1.023,0.489317559606634
"TMEM67",0.941,0.489330946904846
"PIGK",1.097,0.489554256358467
"LEPROT",1.059,0.489628895009357
"NEK3",0.935,0.489643299470445
"EYA4",1.025,0.489740554868217
"NPY",1.029,0.489850086452443
"CHMP4C",1.066,0.489852374185215
"ATCAY",1.046,0.489887370802412
"DIRAS3",0.972,0.489961764726946
"TAS2R14",0.953,0.489970173090326
"C12orf56",1.019,0.490139807288387
"SETX",0.905,0.49014112346872
"TRY6",1.021,0.490231547033581
"AK7",0.97,0.490365300046358
"C19orf47",1.094,0.490448571793897
"ULBP1",0.964,0.490486156402312
"EIF1AY",1.013,0.49049490993748
"ZNF828",1.092,0.490590239204354
"C13orf38",1.034,0.490602528715014
"RABGAP1L",0.918,0.490622806144174
"PCDHGA10",1.03,0.490655253935545
"BVES",1.045,0.490672701822879
"RABIF",1.132,0.490740222119989
"EMP1",1.05,0.490766221414225
"PIN1",0.911,0.490990553114776
"KLHL23",0.95,0.491326513460883
"BCL7C",0.931,0.491426892877933
"ZSCAN5B",1.073,0.491476700411515
"METTL6",1.133,0.491484537220924
"KIFC2",0.961,0.491519998627542
"FAR2",1.04,0.491610491500942
"SH3BP1",0.943,0.491622913415908
"KRT74",0.875,0.491631197612827
"C14orf21",0.922,0.491654109857549
"RPUSD4",1.119,0.491734131998032
"PLEKHA2",0.939,0.491769829580356
"PPM1L",1.046,0.491868196255816
"LOC400759",0.966,0.491883176365037
"TANK",1.105,0.492144197319465
"GSX2",1.156,0.492187798534797
"COX7C",1.084,0.492214141860507
"CNPY2",1.085,0.492435187473661
"SPAG7",1.096,0.492791194039346
"EID1",0.905,0.493103934500956
"HIST1H4A",1.088,0.493133269119568
"MARVELD3",1.068,0.493176234731196
"CLPX",1.116,0.493238734283941
"COMMD2",1.093,0.493279218909966
"OR52H1",0.785,0.493289177985521
"CENPP",1.061,0.493294646973983
"CDK11B",0.906,0.493327319289241
"DSCR4",1.041,0.49340390329744
"MVP",0.941,0.493487548970519
"TCF25",0.911,0.493512157067813
"PITPNM2",1.058,0.493794452870249
"FBXW7",0.914,0.493809154523323
"SNX27",0.911,0.493816198471775
"ZNF444",0.924,0.49383402396672
"RAB5B",0.886,0.494053693459217
"GAA",1.069,0.494054840654878
"SERTAD3",1.089,0.494155959591606
"TNFAIP3",1.051,0.494161905816939
"OR6A2",0.816,0.494164187465903
"HERC6",1.052,0.494214368225869
"CCDC110",0.956,0.49422760482402
"DNAJC15",1.054,0.494272520615278
"BUD31",1.079,0.494275063064925
"NCRNA00188",1.051,0.494347943036876
"C2CD4A",1.025,0.494436096659387
"LEPR",0.963,0.494630127605438
"ADAM2",0.951,0.494656668132947
"FAS",0.958,0.494657713079885
"MOSPD2",0.93,0.494663677659637
"MIR17HG",0.961,0.494671981460615
"CPA6",0.976,0.494707829644627
"SOST",0.967,0.494763934117189
"HIST2H2AB",1.067,0.494779535639658
"MTMR9",0.908,0.494810954921506
"GMEB1",1.129,0.494873396784511
"SPCS3",1.107,0.49490335381256
"SCAND3",1.027,0.494921272924615
"TCEB2",1.074,0.494966865616986
"TMEM138",0.89,0.494975627331439
"SYNGR3",0.968,0.495144314382293
"DMRT2",0.972,0.495203785711381
"POLR2G",1.095,0.495302935945899
"OSTM1",0.924,0.495489507506515
"SUN1",1.095,0.495493709257906
"C9orf116",0.956,0.495553243010421
"DGKI",1.047,0.495577362454864
"ANKRD50",1.071,0.495587792668739
"ONECUT2",1.023,0.495599894244379
"MAP7",1.075,0.495651324913826
"HIST1H4J",0.96,0.495729680125869
"HAP1",0.969,0.495772000257767
"CCDC82",0.909,0.495907031249252
"RNF145",0.949,0.496074062939049
"UBB",0.905,0.496095425209313
"CCDC144C",1.055,0.496143410493082
"C17orf82",1.048,0.49618636156128
"DMRTC2",1.027,0.496307662974856
"BRP44",1.079,0.496326718614981
"YIPF4",1.109,0.496376087336806
"SSSCA1",1.085,0.49637733475384
"PUM2",0.867,0.496396268368302
"IER3IP1",0.927,0.496489663055991
"SLCO5A1",1.032,0.496729322400602
"HEPH",1.043,0.496757564449818
"INO80E",0.909,0.496774760340822
"DISP1",0.942,0.496825898723938
"BTG4",0.951,0.496834358972474
"LCT",0.978,0.496909975835597
"SULF2",1.044,0.496932984192331
"PTH",0.856,0.496992875896003
"OR10A2",0.785,0.497000365192348
"PAAF1",0.918,0.497000595137123
"FGFR1OP2",1.099,0.497007679993952
"GRIK1",1.04,0.497174009600213
"C15orf61",0.921,0.497195219562198
"ME1",1.044,0.497199803834792
"EXOSC8",1.082,0.497257764637725
"HIST1H2BJ",1.032,0.497286574080254
"CREB3L2",0.93,0.497293475694448
"CCDC73",0.92,0.497351833744477
"ZCCHC6",1.103,0.49743743662497
"ABCF1",1.103,0.497472220064408
"BRSK2",0.974,0.497546337037714
"SH3PXD2A",0.935,0.497577819015856
"ARF1",1.123,0.49761363842929
"WEE1",1.073,0.497706732095018
"MLX",0.893,0.497748226407805
"GRM2",0.957,0.497812298969938
"DKFZp779M0652",0.952,0.498058513653948
"CDKN2A",1.021,0.498198414319932
"HRASLS",0.974,0.498208864478263
"NDUFS4",1.084,0.498508254026381
"PPY2",0.961,0.498679338341356
"NDUFB9",1.066,0.498751612750913
"TGM2",1.049,0.498780069043022
"OR1Q1",0.912,0.498863322443742
"ALKBH2",1.074,0.498926414219454
"TMBIM4",0.931,0.499288996170093
"ADAM15",1.075,0.49953212099093
"SLC9A3",0.97,0.499602934569547
"KCTD10",0.887,0.499672296200772
"LOC158376",0.939,0.499755439162936
"C6orf163",0.944,0.499762452332315
"B4GALNT4",0.981,0.499794286629674
"SLC6A7",1.053,0.499922177168237
"DCP2",0.914,0.499971366099006
"GTF2H2B",1.032,0.500004910911237
"PPAN",1.078,0.500089459728648
"C4orf12",0.948,0.500237660426753
"NSA2",0.919,0.500317573114338
"SPOPL",1.108,0.500376617548437
"BET1L",0.893,0.500503098683659
"VEPH1",0.976,0.500601470888881
"SPHAR",0.925,0.50078710404981
"SLC26A8",0.952,0.500842552026685
"TNN",0.965,0.500888313117022
"SLC10A5",1.051,0.500964866802372
"PLEKHA5",1.064,0.501108246313531
"TAC1",1.03,0.501172455822006
"PRDM15",0.924,0.501197804195963
"SMARCD1",1.107,0.501364488145087
"DAZL",0.956,0.501368874135508
"TAF6L",0.906,0.501390387019354
"RPS15",1.068,0.501531873969372
"NFRKB",0.917,0.501609812523761
"SNORA10",0.865,0.501739918716563
"TRIM33",1.102,0.50175057372862
"C1orf122",1.084,0.501821836321688
"HEYL",0.95,0.501918545920172
"SRPK2",1.11,0.501942009785474
"PLA2G16",0.96,0.502058437813686
"ATXN7L3",1.119,0.502094164794791
"ALOX12",0.956,0.502094892474274
"GALR2",1.033,0.502140702381742
"TPMT",0.908,0.502144433959931
"COMMD1",0.925,0.502167021370769
"RLN3",0.954,0.502207905588839
"HBXIP",1.076,0.502212769372827
"HIGD2A",1.085,0.502272809216103
"ZNF229",1.028,0.502356747448808
"TRIM48",0.955,0.502400958323368
"ARHGEF35",1.06,0.502605202177618
"SNORA5A",1.172,0.502710243122187
"QPRT",1.028,0.502737525320779
"TYW1B",0.947,0.502757982772801
"FANCF",1.106,0.50282757238424
"CISD3",0.917,0.502941696733554
"UOX",1.051,0.502979976653154
"GTF2F2",1.107,0.503044300243867
"SF3A2",1.087,0.503086333562858
"RPGRIP1",0.956,0.503132794934499
"DBNDD1",0.95,0.503168455291877
"TRMT11",0.909,0.503212845962942
"ARL13A",1.081,0.503213239464774
"RFK",1.064,0.503270284054621
"FAM181B",0.959,0.503328548579391
"C22orf23",0.942,0.503329726152689
"LOC150381",0.955,0.50344217637653
"HOXC10",1.014,0.503442751103233
"FGFBP3",0.948,0.503464255800344
"NOSIP",1.083,0.503472968716186
"ZNF497",1.061,0.503742721325629
"CALR3",0.933,0.503755180420283
"IGSF3",0.944,0.503799486460478
"GNAS",0.924,0.503895345000466
"X..10357",1.099,0.503946105678554
"C1QTNF4",0.956,0.503989183057498
"LRP1B",1.027,0.504083368932116
"TRPM4",1.049,0.504179272560365
"PIGS",1.1,0.50418075358387
"RIOK2",1.117,0.504218733264672
"IRF1",1.055,0.504228787333818
"PSME4",1.105,0.504254057301271
"DKK2",0.966,0.504276588801932
"FAM161A",0.94,0.504356953464687
"OTOS",0.951,0.504431675650155
"SLC2A2",1.039,0.504435312221237
"NDUFS7",0.929,0.504543298051429
"SELL",0.966,0.504717799243989
"ATP5EP2",1.051,0.504892384872572
"FAM120C",0.942,0.504986970717601
"MOSPD3",0.923,0.505087407593774
"TMEM30B",0.935,0.505138342292883
"PNPLA5",1.029,0.505177526591576
"BHMT",0.971,0.50524933315222
"FOXP1",1.074,0.505372285499589
"NOXO1",1.033,0.505403765164342
"HELT",0.916,0.505660078707885
"FLOT2",0.883,0.505706029045908
"POLR2J3",1.052,0.505741544350663
"CASR",0.977,0.505749512380909
"TSPAN6",0.936,0.505776266751671
"LOC151534",0.946,0.50580755222423
"BRAP",1.143,0.505826074539213
"GPRC5B",0.956,0.505859413393684
"CPSF1",0.934,0.505859935925243
"C10orf55",1.033,0.505878982054504
"FAM192A",1.133,0.505978729696309
"FAM127C",1.063,0.50604084280323
"NFKBIB",1.084,0.5060532680882
"GSPT1",0.898,0.506127253845789
"ODF2L",0.93,0.506260869347762
"PDZK1IP1",0.975,0.506369583915644
"HRH2",0.964,0.506374940569306
"SEMA6A",1.044,0.506395439980551
"PDCL2",0.95,0.50640363497068
"OR51B2",0.889,0.506470644131857
"MAPKAP1",1.146,0.506526660742636
"FKBP8",0.917,0.506749958612688
"CXCL6",1.019,0.506969529215777
"ZNF300",0.968,0.507205488146871
"LOC100128023",0.905,0.507326779283634
"MAF",0.946,0.507454235215059
"KIAA0895",1.06,0.507593370926632
"MCTP1",1.037,0.507778885761637
"TMEM218",1.078,0.507798463464323
"SKP1",1.09,0.508096778095216
"DDX27",1.098,0.508108450942055
"ZNF217",0.933,0.508361153423562
"ZNF473",0.914,0.508383997638309
"KIAA0907",0.939,0.508404789458337
"AEBP2",1.091,0.508475346583354
"PIK3AP1",0.961,0.508528736388835
"MTUS2",0.971,0.508564585782263
"CPM",0.971,0.508631325308702
"ERAP2",1.026,0.508666023853156
"PTRF",1.053,0.508801036058746
"NYX",1.111,0.508926146161342
"H3F3B",1.118,0.508933654171494
"RBP1",1.042,0.508982192977291
"NBEAL2",0.945,0.50898850129176
"NLE1",1.088,0.509052996082023
"HIST1H4H",1.033,0.509054535363052
"FXR2",1.105,0.50912602171529
"FUT8",1.059,0.509137000529293
"PCBD1",0.923,0.509151445606526
"WDR65",0.974,0.509254269158887
"RBMS2",1.076,0.509290521254963
"VWA5A",0.955,0.509298715705104
"KIAA0776",0.899,0.50948385830669
"ZNF670",0.938,0.509553359617843
"MTF2",0.92,0.509715819814934
"WDR92",1.13,0.509732613289378
"C4orf32",1.062,0.50989019767882
"RAB9A",1.1,0.509943252146261
"GTF2E1",1.105,0.51007901692885
"LOC400043",1.033,0.510156297207855
"SPDYE7P",0.951,0.510171744165102
"SEPT14",1.029,0.51017220975327
"TRAF3IP2",1.091,0.51018214288678
"RNF112",0.96,0.510199271334621
"PAFAH2",0.914,0.510263125645157
"RCN2",1.078,0.510453393672322
"C6orf25",0.923,0.510495599176412
"C2orf84",0.969,0.510521647206283
"NKX6.3",0.87,0.510527112009424
"LOC100128573",0.927,0.510558254728964
"CLCN2",1.059,0.510572354779262
"SIPA1L1",1.075,0.510724439545355
"NR4A1",0.97,0.510755580585992
"SH3GLB1",1.115,0.510766335603338
"ACCN1",1.045,0.510864329460601
"GATSL3",0.949,0.510881943521297
"COLEC10",0.958,0.510928310103134
"TOMM6",0.932,0.511324461139298
"TRUB2",1.084,0.511385919558469
"LOC286094",0.814,0.511411210711926
"EPS8",1.054,0.511415934229958
"PMP22",0.952,0.511506156837254
"CNTN5",0.972,0.511614711697926
"PGBD5",1.031,0.511619260122825
"NKPD1",1.039,0.511658305220077
"GSTK1",1.075,0.511662677036813
"IGF1",0.967,0.511713827867294
"C5orf32",0.942,0.511733269561101
"GLUL",0.934,0.511775083999435
"FEM1B",1.11,0.511814077781291
"FAM185A",0.908,0.511948258575531
"SURF1",0.922,0.511951030052525
"SNORD15A",0.822,0.511957705976135
"GAS5",0.956,0.512178312400301
"GABRB2",0.976,0.512206070518595
"ADAMTS13",0.965,0.512293652150493
"ZNF446",0.922,0.512299981824958
"FLVCR1",1.061,0.512327738567364
"LOC285401",1.112,0.512336854876686
"BRCC3",1.102,0.512364031856302
"PVRL1",1.047,0.512391907969335
"TAF5L",1.138,0.512442237752743
"FAM50A",0.927,0.512507621262841
"C1orf226",1.056,0.512533962241881
"ASF1A",0.925,0.512592720003962
"LRRC28",1.099,0.512749956535036
"C14orf147",1.052,0.51285304812293
"C11orf31",0.923,0.512856082132948
"SPATA17",0.97,0.512903271582377
"TSPAN9",0.941,0.512976722873557
"C19orf24",1.074,0.513162150342495
"SLC11A1",0.964,0.513168849824263
"PTPRM",1.051,0.513181275055679
"PLIN4",0.969,0.513215799374511
"RPL23AP32",1.058,0.513300062601742
"DDX46",1.115,0.513302309797293
"MRRF",1.101,0.51332710782945
"C10orf113",1.171,0.513540554613492
"RNF165",0.972,0.513540688446314
"ROBO1",1.045,0.513608527707603
"TULP4",0.922,0.513608971355687
"BLVRA",0.936,0.513616954756059
"CDH8",1.029,0.513691770691648
"SLC45A1",0.964,0.513712497269715
"POLR2B",1.124,0.513806726086742
"TMEM196",0.942,0.514016219462706
"CYCSP52",1.156,0.514116727020362
"PHLDB1",0.932,0.514132507915681
"ARHGAP26",1.044,0.51432488227098
"MRPL24",1.07,0.514408552575476
"DSCR6",0.976,0.514455998371475
"LRP1",0.953,0.51450737443193
"YIPF3",0.905,0.514529583870799
"RAC3",1.037,0.51461884469558
"TM2D3",0.897,0.514667717233763
"FBXO39",1.042,0.514673690733624
"LOC389493",0.981,0.514910226295676
"FNDC7",1.111,0.514934748076412
"EMILIN3",0.965,0.514979209335707
"ZNF462",0.965,0.51499021863284
"PIP4K2A",1.068,0.515036079820974
"GJD3",0.95,0.515054957569118
"SAA1",1.018,0.515058386737465
"BCL7B",1.113,0.515067355428086
"SPRY4",0.954,0.515447415944964
"GAPDHS",0.944,0.515524233385427
"TRAM1",0.944,0.515532544622006
"TAS2R4",0.951,0.515636904452679
"ZNF593",0.938,0.515688736012425
"TCFL5",0.928,0.515746535311712
"C14orf183",1.179,0.515749114554672
"HBA2",0.975,0.515809737459816
"POMT2",1.084,0.51587741892631
"SNORA70",0.841,0.516023155765397
"SLC2A4RG",1.066,0.51608223207544
"MON1B",0.91,0.516086860517656
"HIST1H4E",1.036,0.516211524953177
"B3GAT2",0.946,0.516304060650391
"TAF4B",0.949,0.516365655340906
"PCBP3",0.969,0.516401728191391
"MAP2K4",1.124,0.516750205955717
"ICK",0.923,0.516888827641501
"ADAMTSL1",0.97,0.517056687235932
"FBXW12",0.783,0.517080910633641
"D2HGDH",0.953,0.517141078410102
"NAV1",1.053,0.517202108302264
"ASAH2B",1.04,0.517321531936142
"ZNF768",1.084,0.517324537266532
"CMPK2",1.047,0.517366189164678
"PTPRF",0.93,0.517391763005626
"ZCCHC8",1.13,0.517469701866767
"KDM4D",1.068,0.517553171962061
"SLCO1C1",0.949,0.517624933438476
"NCRNA00095",1.046,0.517697367892085
"TRIM49",0.948,0.517709442166933
"KCNQ2",1.023,0.517751603037052
"LOC648691",1.049,0.517752697455697
"XIAP",0.899,0.517839161051653
"OR8A1",1.078,0.517877586760049
"SYCE2",1.04,0.517905157815431
"RBM41",1.096,0.51797311404229
"FGF23",1.071,0.518202586969586
"AARSD1",1.098,0.518213481317574
"BAIAP2",0.946,0.518415479121891
"C6orf132",0.948,0.51867546459185
"GP6",1.041,0.518717462379213
"C3orf32",1.038,0.518762800552594
"TTC32",0.951,0.518861874121573
"RASEF",0.963,0.518886476210289
"SEL1L",0.925,0.519075398856439
"TCF20",1.084,0.519112434925564
"WDR72",1.016,0.519190322540756
"EPB41L4B",0.939,0.519206740688861
"NUS1",1.106,0.519237895561819
"MAGEA11",1.024,0.519263575093487
"C6orf48",0.938,0.519341771878616
"MED20",0.921,0.519343891108523
"SEPT11",1.062,0.519355256925143
"SLC17A7",1.034,0.519404272250053
"SYNGR1",1.039,0.519446665672761
"IQCH",0.953,0.519591238693902
"CYP4F12",0.977,0.51961899671805
"C10orf131",0.916,0.519665035444962
"FAM195A",0.95,0.519707732348999
"PCDHA3",0.97,0.519717786885722
"NSD1",1.087,0.519852843905068
"PRLR",1.023,0.519908970510859
"MTRF1",0.927,0.519916194911414
"ZNF613",0.933,0.519959920439113
"SERPINB8",1.062,0.520011099804621
"LQK1",0.97,0.520091092320544
"C6orf203",0.917,0.520105183683497
"SHMT1",0.941,0.520317848555569
"GRPR",1.044,0.520353227183734
"IL25",0.862,0.520387742471789
"C16orf57",1.104,0.520394397035156
"L3MBTL2",0.896,0.520418485659491
"C3orf37",1.115,0.52046935214457
"PDS5B",1.101,0.520479070366891
"CCDC79",1.108,0.520497406382499
"KLK7",1.016,0.520509419223589
"SLC4A2",1.089,0.520681719032909
"PRMT6",1.049,0.520891593682162
"OR52D1",0.816,0.521000062883503
"POU4F3",1.057,0.521109142668429
"NPC1",0.938,0.521145607614787
"IGSF9",1.038,0.521150027460603
"TMC1",1.055,0.521225285963518
"MPP4",0.939,0.521403379750045
"ARL2BP",1.101,0.52145902804138
"CLPP",1.092,0.521624163194052
"CCL14.CCL15",0.976,0.521885722539641
"NUDT3",1.111,0.521974358631701
"POLR2J",1.08,0.522031620518533
"NAGPA",1.093,0.522038653651639
"NOP14",1.104,0.522226426239761
"UBE2Q1",1.122,0.522232081705151
"SYT12",1.018,0.522260077585787
"GCH1",1.061,0.522260273074426
"LOC283392",1.037,0.522297292804621
"MPG",0.937,0.522332168444186
"LOC285735",0.966,0.522345068184624
"OS9",0.93,0.522356739986066
"SSC5D",0.965,0.522462590426486
"BTBD2",1.103,0.522463327345349
"MED19",1.102,0.522488440074196
"KCNH7",1.037,0.522493827454678
"ANKK1",0.969,0.522494817414583
"SCGN",1.027,0.522508051449133
"ZNF823",0.923,0.522557052919995
"HOXB3",1.031,0.522632463778852
"C10orf129",0.849,0.522669098135872
"ASB9",0.964,0.522682306408282
"LRRC8E",0.932,0.522713137051429
"SIPA1",0.925,0.522778773392855
"TRPM1",0.923,0.522778817406171
"OLIG2",0.934,0.522780515095468
"RP9P",1.08,0.522802550381252
"KCNQ3",0.972,0.522839325855927
"SCAMP3",1.104,0.52283997455872
"FAT4",0.966,0.522873387736108
"TCEB3B",0.928,0.52288871627951
"PHC3",0.915,0.523160825396166
"ALOX12P2",0.98,0.523178793223488
"GPR39",0.967,0.52319269098556
"CORO6",1.035,0.523238224637289
"CARD16",0.959,0.523266587855954
"CPNE3",1.084,0.523399687076608
"OSBPL11",0.903,0.523459577409116
"MYH7",0.949,0.523688127058293
"RHOA",0.895,0.523729120785257
"AGGF1",1.115,0.52392660428636
"FGF20",0.957,0.52403930352312
"CETN2",0.928,0.524157695487076
"RRP12",1.078,0.524212505794387
"GLA",1.069,0.524409630053798
"TRAPPC3",0.904,0.524424832766529
"TP73",0.968,0.52453851118821
"ILF3",1.114,0.524549956533716
"C5orf35",0.949,0.524581678977742
"TGM3",1.025,0.524592653345617
"TRIP6",0.958,0.524621779686399
"VAMP3",0.898,0.524678100941544
"CPSF7",1.134,0.524749607612387
"ERMP1",1.061,0.524814181250992
"GKN1",0.947,0.524817777183966
"GUCY1B2",0.975,0.524895433091358
"IFI6",1.032,0.52510341015985
"SNX24",0.922,0.525111526505877
"PPP1R1A",0.974,0.52525796867424
"ZMYND17",0.933,0.525285179767769
"PLD5",0.981,0.525349908648359
"RGP1",0.94,0.525385746380492
"RBAK",1.089,0.52541897391923
"OGDHL",0.981,0.525473198559898
"CCDC158",0.956,0.525598152106072
"CSF2RA",0.966,0.525661271668634
"CKMT1A",1.019,0.525664236961539
"FIS1",0.931,0.525922525020416
"BSND",0.952,0.526045202092555
"ZNF274",1.088,0.5260532367479
"GLIPR1",0.958,0.526111310696943
"ACSM2A",0.92,0.526123167827178
"TUBB2B",0.982,0.526130225579724
"SLC2A3",1.036,0.526179572981028
"UROC1",0.956,0.526515926591273
"SNORA53",1.069,0.526800284270296
"ITM2C",1.055,0.526937784824416
"CLTC",1.109,0.527042543976997
"TMCO1",1.092,0.527297836587028
"TNNT2",1.026,0.527529061090756
"ICA1",0.938,0.52759661789345
"PKDREJ",0.956,0.527656631227778
"KLF8",0.96,0.527659112264599
"PPIL2",0.921,0.527668163685436
"LOC92249",0.935,0.527704257238926
"HSP90AB1",1.091,0.527860729281313
"ZNF225",0.922,0.527990814981024
"FKBP7",0.936,0.528048553351093
"SBF1P1",1.048,0.528080455308429
"RIBC2",1.032,0.528080934719966
"MAP2K2",1.101,0.528117851759071
"RNF31",0.908,0.528126557251828
"MCC",1.046,0.528289154384526
"BTG1",1.064,0.528291273086251
"POU2F1",1.051,0.52849906661236
"ATF7",1.105,0.528501572113863
"B3GAT3",0.929,0.528541273168953
"NHP2",1.074,0.528605401737501
"CCHCR1",0.941,0.528653265148779
"GOLGA1",0.904,0.528662679798704
"CCDC15",1.049,0.52870080823958
"GSTM3",0.964,0.528704443467832
"NBPF15",0.949,0.528717148453804
"KAT2A",0.939,0.528853573780802
"ZNF517",0.933,0.528858501661274
"ANKRD36BP1",0.958,0.528903133063746
"TBX3",0.958,0.528903757195231
"PSMB3",1.068,0.528935153688079
"C9orf125",0.974,0.528952881663821
"NLGN4Y",1.017,0.528957151112875
"TBX6",1.041,0.52908635530646
"KLHDC4",0.938,0.529123896399191
"CCL26",1.029,0.5293583054328
"HIST1H4B",1.07,0.529442989052346
"BRMS1",1.096,0.529473504122453
"LHFPL4",0.983,0.529515371595201
"SFXN5",0.926,0.529523816917655
"EEF1A2",1.014,0.529595206421218
"LOC255167",0.978,0.529643395845231
"TMEM192",0.922,0.529693935018279
"JPH2",1.035,0.529830833152364
"C12orf74",0.967,0.529906547600053
"TRMU",0.929,0.529934573368058
"CRLF2",0.97,0.529954251764993
"NKG7",0.968,0.530088860529321
"CTAG1B",0.984,0.530191281916549
"IL27",0.956,0.530211950209555
"LOC100271831",0.971,0.53024451132524
"PARVA",0.928,0.530318628464682
"MFSD6L",1.023,0.530489183698343
"HS3ST4",0.949,0.530514944407183
"STK10",0.946,0.530611626121608
"DDA1",1.095,0.530711304592685
"DBR1",1.118,0.530748091476252
"LOC284232",0.943,0.530752905977179
"USP43",1.057,0.530809421670332
"SCYL2",1.088,0.530821914894025
"MAP7D1",1.085,0.53093912748796
"MAGEC1",1.018,0.531161386504998
"MARVELD2",0.937,0.531190327619491
"KIAA1967",0.913,0.531365023011607
"PIN4",0.92,0.531372464266571
"BTNL2",0.897,0.53138205655299
"ACAD10",0.934,0.531410696056811
"SCARNA16",0.933,0.531456544171791
"PRO1768",1.237,0.531531532559293
"OR7D2",0.96,0.531540931947312
"COQ4",0.925,0.531553407351737
"NKX2.8",0.975,0.531590315500003
"FAM71F2",0.965,0.531753975253192
"SYTL4",1.046,0.531856158908
"CCDC126",1.08,0.531864853446886
"DAO",0.927,0.531880804693464
"CCL25",0.967,0.531883661131927
"LOC100128292",0.948,0.532031542354106
"NKX6.2",1.064,0.532038954711912
"EME2",0.965,0.532078004461594
"PDIA5",0.931,0.532100755611247
"BCORL1",1.066,0.532219413248189
"ZDHHC22",0.964,0.532220922936502
"TIGD1",0.947,0.532232427374719
"RAB18",1.096,0.532246280072311
"TPR",1.091,0.532306730525036
"TUSC1",0.946,0.532349516331691
"PLA2R1",0.957,0.532353766299794
"AFARP1",1.043,0.532397779654836
"INHBE",1.027,0.532398298921655
"UFM1",0.892,0.532412963363341
"IL17RD",1.04,0.532531397775685
"KCNJ1",0.973,0.532730033405888
"CWC22",1.129,0.532799199648128
"MAGEA10",1.018,0.532817845511212
"PROZ",0.952,0.532823967788587
"KBTBD6",0.917,0.532849752403018
"NEK9",1.1,0.532866550011473
"STRC",0.97,0.532902847958792
"MEGF11",0.979,0.532938040093406
"TRANK1",0.949,0.532942016410791
"TFDP2",0.935,0.532949738721694
"RPL13",1.062,0.533012153741043
"TMEM14B",1.071,0.533057905673003
"DNAJC24",1.117,0.533346291206262
"ZNF749",0.934,0.533397696455932
"CGB1",1.044,0.533566131632147
"C17orf37",0.938,0.533650819861458
"PIWIL3",0.977,0.533741002114246
"TMCO4",0.936,0.534281246488025
"EDNRB",0.967,0.534282772869065
"C7orf13",0.959,0.534294941424983
"KIAA0528",0.922,0.534381574132065
"LAMA4",1.045,0.534401079210056
"SELT",1.073,0.534407255520764
"USP36",0.913,0.534538250802112
"C16orf46",1.07,0.534541218534323
"PITX2",1.015,0.534738818566717
"NDUFV1",0.912,0.534741568837456
"GPR83",1.037,0.534761418633642
"TYSND1",1.084,0.534803590409286
"CACNG4",0.982,0.534927718862629
"ZNF7",0.919,0.535040154589602
"PRR5",1.064,0.535279619840756
"TMPRSS5",0.958,0.535417676792041
"GPR88",0.967,0.535458239945663
"GGNBP2",1.163,0.535510440963052
"LTV1",1.097,0.535515808683771
"RPS3",1.061,0.535522951949597
"CCDC64",1.04,0.535555291211936
"HS6ST3",1.025,0.535665095707669
"KDM1B",0.929,0.535668549224276
"ZFX",0.921,0.535702479014174
"ETFDH",0.905,0.535917621066035
"SCGB1D2",1.042,0.535935809604465
"PABPC5",0.96,0.536057343816325
"ZNF804A",0.963,0.536070824785037
"ITPR3",0.958,0.536097953723683
"RP2",1.082,0.536105937477379
"PTPN13",0.974,0.536127255113231
"DHRS7B",0.936,0.536177741263548
"LOC285830",0.959,0.536364062944533
"SYT17",0.95,0.536436531846038
"RSF1",1.078,0.536467020958939
"SLC19A3",0.972,0.536480050088302
"ERCC4",0.922,0.536678761674712
"TCHP",0.912,0.536748696021339
"AIFM2",1.06,0.53685951318234
"SMPD2",0.926,0.536901464574803
"GTF3C4",1.072,0.537225129202942
"TRAPPC2L",0.936,0.537227975651746
"AICDA",0.967,0.537272617357235
"APIP",0.919,0.53732784404669
"TMEM135",1.075,0.537367541741048
"PEX16",0.924,0.537476342214986
"EDN2",1.022,0.537616262169496
"RPAP2",1.089,0.53784601945249
"USP7",1.112,0.537919263338317
"TAPBP",1.074,0.538076429235231
"MAP2K5",1.1,0.538106944586093
"RAB40A",0.955,0.538294473588158
"CAMKK2",1.127,0.538337976330299
"KCNT1",1.026,0.538354341896157
"KLRD1",0.968,0.538390276283845
"ANKRD17",1.092,0.538439253603139
"CCL3",0.966,0.538467899096328
"MYBBP1A",1.07,0.538617332132408
"HSBP1",0.933,0.538661185612023
"POU6F2",1.02,0.538845211766092
"LOC340017",0.9,0.5388823696835
"CCDC55",1.112,0.538968502768354
"FLJ14107",0.94,0.539091317667794
"MYH6",0.957,0.539373543335437
"GPATCH8",0.913,0.539411136573092
"NADK",0.915,0.539453712104383
"CNIH2",1.03,0.539518220260982
"KIAA1731",0.931,0.5397192574908
"KLF13",0.946,0.539725586461241
"PINK1",0.919,0.539839999163018
"NPPA",0.959,0.539963756328849
"MAGEA3",1.011,0.539973633251808
"CD59",0.946,0.540016134387257
"PCDHB10",1.04,0.540020288068385
"APAF1",1.096,0.540069666938348
"TMCC1",1.097,0.540351719978073
"VGLL1",1.018,0.540360953830521
"C1orf66",0.922,0.540505572424473
"GLCE",1.066,0.54059200008987
"FFAR2",0.976,0.540623305285763
"GALNT9",1.034,0.540691054403698
"ZBTB17",0.92,0.540739762673728
"USP28",0.929,0.540791368182115
"LOC285501",1.052,0.540925802085816
"PCLO",1.033,0.540948460013862
"RPL10A",0.937,0.540970531180942
"SRPRB",1.075,0.540995200312618
"KCNK7",0.959,0.541339105961118
"CCDC109A",1.062,0.541392071461245
"MLLT11",1.027,0.541397892134689
"C9orf66",0.961,0.5414339066654
"STBD1",1.049,0.541466063181947
"PLDN",0.903,0.541507886764188
"DPCD",1.07,0.541516412259412
"ORC3L",1.085,0.541520115021092
"SV2B",0.971,0.541754643035392
"SLFN11",0.958,0.541756747969096
"SNORA45",0.815,0.541819055097055
"CDC40",0.908,0.541942796129181
"LOC100133991",1.055,0.541989057146662
"PSAPL1",1.024,0.542045034842783
"TXNDC2",0.96,0.542100238228682
"TRIM17",1.025,0.542295769886289
"MGA",0.927,0.542386995790118
"CASP8AP2",1.079,0.542462600016711
"FAM38B",0.971,0.542550135622831
"SMURF2",0.943,0.542576404375162
"SLC22A11",0.965,0.542652225477641
"CNTN1",1.019,0.542737901784162
"MAML2",0.963,0.542893701512957
"RPS27L",0.941,0.542903168068909
"C8orf83",1.066,0.542933241050117
"LRRN4CL",0.968,0.542935012319297
"SQSTM1",0.95,0.543061774462254
"CALR",0.903,0.543214253401022
"SLC16A10",0.967,0.543225256685807
"RPS6KA6",1.023,0.543265474749214
"NCOR2",1.07,0.543276921270038
"RETNLB",1.045,0.543417955344905
"MRAP",1.059,0.543421512371303
"MRPS21",0.94,0.543469195778098
"SNORA16A",0.758,0.543683786983249
"MRGPRX4",1.115,0.5437176248939
"MGAT3",0.972,0.543850583211834
"RRP9",1.085,0.543859067621603
"TH1L",0.925,0.543923294350133
"AMPD3",0.942,0.543929232693945
"PTGES2",1.081,0.543985948024296
"SLC7A7",0.96,0.54418245735326
"SNRNP25",0.928,0.544307767925723
"GAGE8",0.965,0.544329192121973
"GPR68",0.967,0.544339962742125
"MLPH",0.97,0.544340403187081
"CAPN14",0.972,0.544481528868258
"SAP130",1.11,0.544483052424742
"ZFP36L2",1.063,0.544652334252093
"TMEM42",0.935,0.544701597404912
"HADHB",0.882,0.544850013355095
"FAM135A",1.062,0.54494511198606
"CD163",0.971,0.545090298925698
"C20orf195",1.03,0.545183360342497
"TPTE",0.974,0.54532091939712
"OMP",1.063,0.545377479581009
"AKAP3",0.967,0.545534911911678
"RNMT",0.917,0.545543028135052
"ALG10B",1.073,0.545547180945355
"FAM75A2",0.905,0.545554639535951
"ERI2",1.093,0.545582415583555
"EFEMP2",0.952,0.545582626314559
"EEF1A1P9",0.935,0.545635692825622
"HMGXB3",1.104,0.545762867451286
"SGK2",1.023,0.545789066870507
"OR2L13",0.873,0.545857456463885
"KIAA1430",1.081,0.545948082540845
"DUSP6",0.965,0.545992364662487
"OSBP",1.117,0.546080010979807
"RUNDC3A",0.976,0.546125033443791
"FAM65C",0.964,0.546181092004406
"PRO0628",0.947,0.546233819605574
"HDAC9",0.97,0.546242844167499
"ASIP",0.932,0.546509562972904
"FGFR3",0.979,0.546525700483125
"C21orf33",1.096,0.546559646773505
"PCDHGA5",0.967,0.546587364209978
"C21orf49",0.956,0.546660398621408
"BRD7",0.897,0.546926182456668
"NDUFA11",0.94,0.547048511070492
"NAB2",0.945,0.547272561888233
"ZNF286B",0.95,0.547277617430314
"LOC338758",0.949,0.547305998225758
"ANG",0.964,0.547338985193151
"HSCB",0.934,0.547387447422225
"MOBKL2A",0.924,0.547456172337837
"RRBP1",0.943,0.547495927256172
"NEUROD2",1.084,0.547617997527766
"PLN",0.974,0.547619749135385
"AKAP11",0.927,0.547723779406945
"UPP2",1.056,0.54772495975136
"PDIA4",1.063,0.547799251706591
"CRH",0.942,0.547866132154038
"B9D2",0.941,0.547888032773007
"LRRC6",1.03,0.547902537099703
"HAGHL",1.033,0.547969182427667
"RPL5",0.936,0.547982702333032
"SSX3",0.93,0.548014389526855
"CWF19L1",0.92,0.548168549315333
"INTS4L1",0.953,0.548199492750963
"FASTKD1",0.92,0.548205989888885
"ARMC8",1.12,0.548261014076131
"C3orf74",1.108,0.548283799378764
"DDX12",1.038,0.548407526140073
"TRAF3IP1",1.085,0.548426501532203
"RETSAT",1.075,0.548554228104742
"MAGEA6",1.011,0.548600742567494
"SPDYE4",0.822,0.548702474580727
"SVIP",0.926,0.54877629739901
"SLC25A13",1.072,0.548793882437921
"USH1C",1.016,0.5488537856269
"OR5E1P",0.836,0.54905295273242
"SNORA7B",0.96,0.549063999665815
"SLC17A5",0.929,0.549065905049089
"FATE1",1.038,0.549111507664222
"UCN3",0.982,0.549140267280096
"PDIA6",1.076,0.549141709110676
"NKAIN4",1.023,0.549277620408818
"CNPY4",0.923,0.549414425311499
"SNHG5",0.962,0.549470043183429
"DDX50",0.896,0.549571983506987
"LOC613037",0.978,0.549580340092565
"HIST1H2AD",1.04,0.549623148955642
"H6PD",1.07,0.549788964376908
"PFKL",1.088,0.549854946074642
"SLC44A5",1.017,0.549890633740899
"C5orf23",1.034,0.549907025607571
"DYNLRB2",0.978,0.549932415596314
"C9orf84",1.021,0.550016719023029
"C6orf221",0.866,0.550135520360615
"CITED1",0.971,0.550206127133682
"DGCR2",1.082,0.55020686975104
"UTF1",0.929,0.550398655241174
"CCDC94",0.916,0.550403025398478
"ALDH3B2",1.024,0.550505686790767
"RPL26",1.06,0.550581785098916
"C11orf10",1.083,0.550732588382709
"C19orf69",0.932,0.550818820329629
"RARS2",0.917,0.550896498027363
"NCAM2",1.029,0.550946101402588
"SPATA16",0.881,0.551035515258344
"CHRM4",0.964,0.551092978667889
"SIN3A",1.112,0.551148730685479
"HIST1H4L",0.886,0.551154089208477
"MARK1",0.974,0.551257437545241
"LYZL2",0.928,0.551488007099437
"KCNG2",1.031,0.551511052704301
"PRAP1",1.017,0.551526428895734
"SDCCAG1",1.089,0.551674498024079
"ACPT",1.118,0.551683670147626
"BMP8B",0.958,0.551696228843561
"METTL14",0.899,0.551697001405382
"SETD1B",0.924,0.551839905335576
"MGC15885",1.209,0.552097317166712
"ANKRD46",0.938,0.552235195488423
"CDH16",0.977,0.552313667260327
"FOXR1",1.112,0.552391559378035
"HAMP",0.974,0.552494896273586
"PWRN1",0.867,0.552589660883919
"C1orf85",0.931,0.552595048754625
"NT5C",1.068,0.552751752745135
"MANBAL",1.092,0.552840516795357
"PLA2G7",0.968,0.552880460625086
"SNAPC3",0.925,0.552906744072083
"RBBP6",0.906,0.552952842073903
"ELOVL4",0.975,0.552954963889434
"PBX1",1.042,0.553022312742996
"DNMT1",1.062,0.553052727579314
"MAPK14",0.9,0.553084966340311
"VEZT",1.096,0.553120180096161
"DNASE1L2",0.968,0.553213361244487
"SLC25A6",1.07,0.553221319139193
"C17orf98",1.115,0.553420953865208
"SH2D4A",1.051,0.553457492279061
"FARP1",0.933,0.553496587963561
"FAM63B",1.054,0.553546700469847
"FAM60A",1.056,0.553587569531173
"DDX18",1.101,0.553589885603637
"ENC1",0.957,0.553614005875707
"METTL4",1.077,0.553650530882827
"ANKRD31",1.053,0.55378872916133
"CSRP3",0.946,0.553823887891572
"HCG9",0.903,0.553957777906645
"TESK1",1.091,0.553987670956054
"POLR1B",1.1,0.554043485212272
"SLMO2",1.064,0.554044036913203
"NR6A1",0.964,0.554079215258973
"SCLY",1.092,0.554122718066633
"FAM45B",1.068,0.554140111536022
"FAM89B",0.93,0.554170044945111
"LOC441666",1.023,0.554174276200179
"EFCAB5",0.957,0.55421680949427
"VSTM2A",0.947,0.55427077840961
"GRM8",1.035,0.554307374916163
"FAM71F1",0.943,0.554327540301732
"NRK",0.982,0.554407622738917
"RAP1A",0.92,0.55447483907247
"TNC",1.022,0.554548682688374
"ARFGAP3",1.099,0.554558623262422
"EDN1",1.032,0.55473225944068
"UBR7",0.906,0.554843579348501
"C9orf144B",0.929,0.554853126433042
"UGT2A1",0.973,0.5549991956147
"SAG",0.882,0.555011792067179
"DHTKD1",0.931,0.555114039842202
"CDKL4",0.944,0.555165247756628
"C11orf48",1.077,0.555279944384184
"TMC6",0.938,0.555493441072286
"NCRNA00175",0.918,0.555506167591513
"ELMOD1",1.035,0.555517915665529
"NEK6",1.077,0.55553305489026
"SDR9C7",1.11,0.55556635214606
"RBX1",1.068,0.555621621083953
"TBC1D3C",0.976,0.555735439114137
"OXGR1",0.97,0.555830905345757
"FEM1A",1.115,0.555846900697095
"UPK3B",0.982,0.55584935239375
"ALDH3A1",1.013,0.555949747237374
"GPR61",0.934,0.555950518755523
"TSPO",1.055,0.556003827022294
"OR10G2",1.088,0.556114764665697
"GALNT1",1.074,0.556205092577585
"GPR124",1.046,0.556252564540271
"C6orf136",0.932,0.556429637055918
"HOXB2",0.973,0.556632789144579
"SRC",1.073,0.556737265401895
"OVOL2",0.949,0.556748187837756
"HCN4",0.981,0.556857380851888
"RPP38",1.09,0.556895327611864
"PDXDC1",0.925,0.556977885348744
"MAPKAPK5",1.104,0.557068336709185
"AGPAT6",0.937,0.55711670712053
"C1QTNF1",1.038,0.557139392503446
"DCK",1.062,0.557212569509074
"FAM113A",0.946,0.557254031653014
"ACER3",0.93,0.557591718097414
"AACSL",0.97,0.557656959452648
"NRP1",0.954,0.55772021082222
"C2orf76",0.939,0.557885849450377
"AFF4",1.078,0.557927040773287
"NKX2.4",0.964,0.557928098342619
"FEV",1.036,0.557954668699065
"SV2A",0.973,0.558033616216427
"PROK2",0.966,0.558087204331416
"PUS7L",1.064,0.558098180023917
"UNC93B1",0.941,0.558162395195599
"DVL1",1.061,0.558169029708938
"LRFN2",0.972,0.558358841820372
"NOL3",1.05,0.558395433151487
"PIBF1",0.924,0.55840437951051
"CSTL1",1.037,0.558420824611194
"SMCHD1",1.072,0.558594174620734
"CDH18",0.979,0.558616621880086
"C9",1.049,0.558650896197219
"ETV6",0.931,0.55874101261091
"ARID1A",0.933,0.558753974169363
"HIST1H1C",1.03,0.558835431770922
"ME2",0.931,0.558890373920953
"CCDC38",0.857,0.558932225721369
"DMKN",0.976,0.558939175115609
"RPRD2",0.927,0.558959666055362
"HAPLN3",1.038,0.559096920187237
"IRGC",1.079,0.559117941957661
"PIK3R4",1.101,0.559309982594722
"KRT3",1.032,0.559328056242287
"SLC23A1",0.972,0.559610170848936
"MOBKL1A",1.083,0.559693086630789
"CACNA1H",1.027,0.559809035710778
"PLEKHA7",0.95,0.559853578096682
"C13orf39",0.918,0.560168065521135
"ASZ1",1.028,0.56029638057835
"KIF5C",0.972,0.560303994179184
"ZNF474",0.972,0.560386839025381
"LOC150568",1.085,0.560432644627928
"PSD3",0.952,0.560496295180697
"NCRNA00110",1.081,0.560538988522782
"CCDC148",0.969,0.560596195691891
"DACH2",0.962,0.560748858491973
"CYP2C9",1.024,0.560780303151706
"COX19",1.074,0.560955348978568
"C2CD4D",1.033,0.561011333005217
"SLC22A18AS",0.975,0.561025169475942
"MOGAT1",1.08,0.561032688402138
"ATP5E",0.937,0.561079752122359
"TM6SF2",1.037,0.561106215139214
"CRYBB1",0.964,0.561164374456196
"NTNG1",0.979,0.561384291241582
"MAPK1",1.088,0.561495338890719
"ANKH",0.953,0.561543329722519
"GRINA",1.072,0.561603526109656
"B3GALT6",1.084,0.561662495338681
"TSFM",1.062,0.561725692024159
"NTNG2",0.972,0.561896259628619
"BRPF3",0.941,0.561964676198355
"B4GALT3",1.084,0.562013927419685
"GIPC1",1.066,0.562046359364794
"CDK8",1.069,0.562208705447124
"SNHG11",0.936,0.562243314393179
"SLC44A2",0.922,0.562265524350969
"BCL7A",0.936,0.562503949690678
"FSHR",0.863,0.56251827958893
"GLTSCR1",1.064,0.562546343461754
"PDIA3P",1.064,0.562558400186222
"HES1",1.046,0.562662233279898
"PROK1",0.944,0.562733942745191
"SPCS1",0.91,0.562761727096761
"UXT",0.93,0.562815324668013
"NAT1",0.952,0.563018402162159
"ANKRD1",1.019,0.56310683886138
"CDKL5",0.968,0.563165583846614
"NSMCE2",1.059,0.563250984867546
"AANAT",1.066,0.563326193175236
"SRRM5",1.05,0.563357588801875
"MYL12B",1.069,0.563361735422609
"USP21",0.914,0.563399973502699
"TMEM131",1.092,0.563421999642897
"CABP1",1.044,0.563441521454071
"TTF1",1.102,0.563449926184619
"NUDT8",0.956,0.563469332933276
"ZNF518B",0.963,0.563616979977729
"LRRC14B",0.956,0.563737349646429
"LPPR3",1.02,0.563919336254863
"WNK1",0.948,0.563924423187371
"ISL1",0.981,0.564125139076305
"BMPER",0.977,0.56422617967667
"PTPLAD1",1.069,0.564237634744499
"ADAMTS1",1.033,0.564350843659979
"TRAPPC6A",0.949,0.564385953310259
"NUDT22",0.929,0.56440795834083
"FLJ39609",0.909,0.564448257882071
"PER2",1.057,0.564449340474107
"C2CD4B",0.975,0.564500192987684
"PIGV",1.077,0.564608741764806
"F11R",1.084,0.564639082457749
"PHOSPHO2",0.938,0.564706769995492
"GTF3A",1.063,0.564797360901455
"LOXHD1",0.965,0.564887961834516
"CPNE4",1.02,0.564966645205937
"LUC7L2",0.885,0.565059854139455
"PCDHGB8P",0.961,0.565085294139233
"SH3RF3",0.954,0.565189022376569
"FMOD",0.963,0.565190714755596
"TMEM41B",0.931,0.565219466486962
"CXorf36",0.957,0.565230697373457
"WISP3",1.021,0.565242449648757
"PPHLN1",1.119,0.565255937750506
"CYP26A1",0.979,0.56525708696933
"TRAM1L1",0.966,0.565273878194538
"OSGIN1",1.025,0.565358103812287
"TSSK1B",0.931,0.565471752374839
"TSPAN4",0.957,0.565502478072499
"CBLN4",0.974,0.565503240945584
"C14orf142",0.933,0.565579889437515
"NOTCH2NL",0.953,0.565700517363993
"SLC25A5",1.07,0.565738437317301
"ACIN1",0.929,0.565765162410667
"ID4",0.972,0.565915288915339
"KIAA1377",1.038,0.565946226626711
"SVIL",1.056,0.565975279162318
"DEFB4A",0.976,0.566052508034572
"THUMPD2",1.1,0.56605865992105
"SRRM4",0.968,0.566425789509011
"C19orf30",0.941,0.566503017149257
"SREBF1",0.948,0.56654749386682
"HR",0.975,0.56662275471847
"LOC643486",0.888,0.566656400403939
"PAQR3",1.055,0.566697732145562
"AKAP2",1.036,0.566737290559234
"RBM4",1.123,0.56677803840053
"LRCH1",1.065,0.567083420700929
"ATF6B",0.91,0.567111811358126
"NCRNA00203",0.929,0.567174170958866
"CLCA4",1.028,0.567185302611137
"FAM13A",0.956,0.567212279357406
"TMSB15A",0.971,0.567343937196668
"PF4",1.029,0.56739102996309
"COX7A2",1.057,0.567461179042486
"TIPARP",1.038,0.567506466788109
"KIF26A",0.972,0.567547164497416
"BCL8",0.956,0.567609556093811
"PCDHAC2",1.024,0.56767377116633
"C4orf37",0.936,0.56808159161061
"TAGLN2",1.064,0.568146968946807
"LAP3",1.069,0.56817436832541
"NEU4",1.03,0.568188001023003
"PSMB11",1.144,0.568246438242259
"INSM1",0.98,0.568395005383519
"ATP6V1A",0.904,0.568693205759575
"HPS4",0.916,0.568697146226263
"COL9A1",1.032,0.568820736645671
"NDUFB10",1.079,0.568828895933088
"IGDCC4",1.035,0.568853202666776
"UBE2CBP",0.936,0.568921401749861
"SCRIB",1.05,0.568968022073737
"FAM66A",0.943,0.569237300300417
"PDCD1LG2",0.97,0.569595270500483
"ELMOD2",1.083,0.569601278164997
"TMEM116",0.95,0.569613227948807
"DDX19A",0.906,0.569677437753828
"USF1",0.914,0.569758809186259
"RIOK3",0.928,0.569876233238911
"SOX17",0.962,0.570018348661529
"FKBP1B",0.966,0.570197374778418
"EGFL6",0.965,0.570653529716023
"EFNB3",0.974,0.570848015068693
"C17orf55",0.973,0.570860992996603
"DTWD1",0.921,0.570975266240484
"PTPRJ",0.947,0.571080423968915
"PCMT1",1.085,0.571398009215301
"PHF10",0.927,0.571413726630837
"HMBOX1",0.947,0.571647788602154
"ERCC5",0.928,0.571674684913119
"IL18R1",1.036,0.571719783955313
"DGKA",1.051,0.571755167707223
"FUNDC2",0.934,0.571841846717858
"TJP3",0.96,0.572111532692302
"NR5A2",1.04,0.572242598173511
"KIAA1949",1.047,0.572259478924819
"TMEM187",0.939,0.572284914491804
"X..57714",1.042,0.572290333562903
"EIF3L",0.925,0.572380796700398
"UBAP1",0.926,0.57243209176853
"TMEM161B",1.08,0.572489327005347
"RWDD2B",1.064,0.572519645753968
"MANF",0.938,0.572923736789247
"SLIT2",0.975,0.572966434153829
"CHCHD1",1.076,0.572970380419444
"SRP9",1.077,0.573007301352043
"LZTS2",0.927,0.573025681574376
"MAGEB2",1.016,0.573179215532588
"CCDC124",1.071,0.573210391176093
"DMPK",1.047,0.573419346820908
"USP3",0.915,0.573448505819223
"FRMPD1",0.969,0.573551915235797
"SSTR5",0.966,0.573590281229521
"CCL4",0.968,0.573727295867992
"ATP2C1",1.075,0.57376994463295
"KIF1A",0.989,0.573874918751549
"FPR2",0.976,0.573968634236078
"RPL35",1.049,0.57402246225223
"ZNF296",1.05,0.574133562828806
"XPR1",1.046,0.574214436716644
"OR2AE1",1.094,0.57427666876082
"ANKRD56",1.036,0.574406618432198
"FAM168A",0.957,0.574430808030572
"RPL10",0.935,0.574806141987875
"STAP2",0.953,0.575471789931483
"NFE2L2",0.916,0.575509834463494
"SEC24D",0.934,0.575554634901342
"DRG2",0.916,0.575560900878156
"RC3H2",0.943,0.575714507502621
"QKI",0.94,0.575810525650884
"C1orf74",1.075,0.575888855173421
"PSMD10",0.922,0.575910628773067
"ARPP21",1.075,0.576032632849125
"ZAR1L",1.075,0.576114864614353
"YTHDC1",0.88,0.576166059055498
"MMP2",0.967,0.576186410965649
"FAM81B",0.982,0.576294845458941
"OTUB2",1.049,0.576305320100513
"SETD6",0.935,0.576313047444886
"POLR2J2",0.974,0.576321409742406
"SLC26A3",1.06,0.576346191587334
"PTH2R",0.976,0.576349801649341
"VPS45",0.912,0.576482208616137
"ATP6V1H",0.92,0.576497489728881
"FPR1",0.974,0.576514143260334
"C3orf34",1.055,0.576583366354358
"SUB1",0.931,0.576628892161326
"KRTAP5.5",0.918,0.576654836499492
"CREG1",0.939,0.576670699677521
"HRASLS2",1.022,0.576709243310539
"C9orf144",1.155,0.576760907200335
"SMARCAD1",1.099,0.576762188363569
"C7orf26",0.905,0.576867602619658
"ANKRD24",0.973,0.576955406861902
"RUFY1",1.087,0.577029423188865
"PODNL1",0.977,0.577036559080393
"SYCP3",0.918,0.577063370852159
"SERPING1",0.956,0.577277067904457
"GLMN",1.055,0.577292021433381
"CRTAP",0.929,0.577305217943517
"DCAF12L1",1.028,0.577350201126118
"WNT5B",0.973,0.577446464014816
"ZNF676",0.979,0.577490744527918
"VCPIP1",1.079,0.577735042658498
"HERC5",0.967,0.57789018274592
"SAMD4A",1.037,0.577978177460651
"FBXW9",0.943,0.578019861616076
"MLLT1",0.929,0.578122845869161
"SPDYC",0.974,0.578283545212552
"CCDC96",0.963,0.578352772491928
"NOL7",1.101,0.578352951255293
"TPSG1",0.961,0.578742211615621
"RSPH1",0.978,0.578881587979049
"HDAC4",1.06,0.578922175284047
"RAB3IL1",0.955,0.578946270348404
"CCKBR",0.969,0.578954261368369
"DQX1",1.02,0.579165108016029
"SLCO1A2",0.982,0.579222323313545
"WRAP53",1.075,0.579378192720476
"ASB12",0.96,0.579485083380174
"LRRTM1",1.018,0.579572619353854
"KCND1",0.958,0.579610737515279
"GH2",0.96,0.579623491898208
"NCRNA00158",0.946,0.579714211939388
"FN1",1.031,0.579735576695435
"TCF3",0.936,0.579740921621355
"SCARF2",1.038,0.579829126237499
"MDM1",0.941,0.579851222181334
"CCDC112",0.927,0.580061040859466
"SNORA67",0.928,0.580212096931935
"BOD1L",1.067,0.58038239153611
"WFDC5",0.977,0.580409370767791
"CLDN10",0.988,0.58051565803053
"KDM3A",0.916,0.580555262148222
"CTSK",0.969,0.580592338847366
"SPHKAP",1.042,0.580628997067951
"XAGE2",0.984,0.580691536001408
"MED17",1.11,0.580864235140303
"HSPC072",0.95,0.580969493887354
"POLR2I",1.06,0.581032305166479
"LRG1",1.032,0.581242525558695
"NCOR1",1.063,0.581251133451215
"CREB3",1.085,0.581290308163451
"NKRF",1.1,0.581433508172238
"PPP1R3F",1.043,0.581476705871216
"NSMCE1",1.076,0.581489359877738
"STRA8",0.968,0.581521571963532
"KIAA0652",1.119,0.581663871287779
"LOC220594",0.979,0.581920896133576
"PSD2",0.967,0.581950633613732
"TRIM3",0.936,0.581971938182573
"SLC35F5",1.067,0.582047530604415
"RBM4B",0.921,0.582051794695763
"ZNF524",1.06,0.58206621398213
"FLJ39653",0.952,0.582337837792394
"VGLL4",1.095,0.582354889463516
"SLFN13",0.966,0.582366523959972
"PECR",0.955,0.582503532520844
"SLC16A5",0.963,0.582517431801943
"EIF2B4",0.897,0.582634804849667
"HOXD3",1.022,0.58269021717794
"NUP188",1.074,0.582761905303281
"GNAT2",0.95,0.582858231259917
"C3orf20",0.928,0.58286438398139
"HDAC3",0.91,0.583002784529104
"ING1",0.929,0.583058141939429
"KIAA0564",1.071,0.583152861152728
"LRRC24",0.972,0.583180007971658
"DNAJC7",1.11,0.583224022938905
"NEK4",1.093,0.583306556033686
"CIB4",0.95,0.583309251247404
"KRT75",1.019,0.583463098860463
"PGAP2",1.082,0.583683230921764
"MARCH10",0.978,0.583795262457396
"AMOTL2",0.953,0.583841303993324
"NCRNA00200",0.969,0.583886849334991
"RHBDD1",1.084,0.583994062566792
"USO1",1.099,0.583994669895522
"RNF128",1.02,0.584039778351217
"POLB",1.053,0.584063224994381
"ISPD",1.044,0.584128158991025
"GALNT10",0.962,0.584133547559802
"AGR2",1.023,0.584271638706691
"KRTAP13.2",0.918,0.584344062043229
"FAM83E",0.97,0.584428482451314
"BICD2",0.926,0.584494343936763
"STK17A",1.05,0.584866068497637
"GAL3ST2",1.025,0.584910571061424
"TAS2R19",1.049,0.585111337425517
"GREM2",0.982,0.585139030039841
"KAAG1",0.968,0.585207442348224
"PCID2",1.075,0.58524556056694
"SOCS3",0.963,0.585359434394756
"PABPC4L",0.967,0.585446532691976
"KDM2A",0.926,0.585498706965449
"CDKN2D",0.948,0.585510450507064
"OR52B6",1.152,0.585619307228539
"PRIM2",1.045,0.58570802966782
"NUDT17",0.953,0.585771524713846
"SCARNA10",0.958,0.585960377185953
"ZNF221",1.042,0.586075894640617
"TMEM220",0.965,0.586086202236135
"FUT3",0.972,0.586209569839166
"CATSPERB",0.982,0.586432365703083
"CRIPT",1.068,0.586439298920536
"TRPT1",0.937,0.586499471076158
"FSTL5",0.981,0.586552846394916
"KLHL34",0.967,0.586587359003955
"RAP2A",0.941,0.586592953774699
"ZNF45",1.079,0.586632936701605
"HTRA3",1.029,0.586669608479521
"CCBL1",1.056,0.586868255381157
"PRCP",0.94,0.586886867494594
"TOR3A",0.922,0.586958355716466
"ZNF223",0.941,0.586993895412267
"ARHGEF10",1.049,0.587110091876458
"ACLY",1.072,0.587304114439985
"ZNF672",1.095,0.58737298038718
"ALPK1",0.943,0.587490961560413
"MYO5C",0.959,0.587519437730765
"SPRED1",0.951,0.587572060361451
"CKLF",0.951,0.587581468635307
"CTNNAL1",1.056,0.587663512879123
"CELF1",0.933,0.587806982523868
"TMEM120B",0.942,0.587893474215317
"EXOC8",1.087,0.587913036261715
"NCRNA00230B",1.018,0.587991428609261
"PFDN5",0.941,0.588032580886919
"AP3B2",0.982,0.588080117900149
"EPYC",1.016,0.588108010028724
"TMEM132E",0.975,0.588285471370898
"DLX6",1.017,0.588412045453845
"ITGB3",0.978,0.588592711978364
"SCFD1",1.083,0.588653516614664
"ALDH1A3",1.027,0.58875446044592
"IMPACT",0.934,0.588765726590998
"DFNB31",0.961,0.588796045312651
"C1orf192",0.975,0.588854160560674
"TPT1",0.951,0.588858188765871
"COMTD1",1.036,0.588891803353286
"IDUA",0.962,0.588893687074322
"CYTH3",0.959,0.589103149180656
"NOTO",0.976,0.589115562079085
"MMP25",0.965,0.589206381002035
"CEACAM22P",1.04,0.58928046773543
"C1orf111",0.956,0.589330909803654
"SNX19",1.08,0.589371367131469
"RTF1",1.103,0.589538145028844
"ACO1",0.949,0.58959260809328
"GRHL3",0.978,0.589656715381243
"GNPDA1",1.074,0.589668363926716
"XPO5",1.065,0.589750550563534
"C6orf164",0.961,0.58978591942119
"TRIM37",1.071,0.5904400261045
"PPP2R5B",0.938,0.590528354659796
"HCG26",0.968,0.590558757404584
"USP15",1.095,0.590676255445299
"TOM1L1",0.943,0.590697140307947
"GOLGA4",0.94,0.590727998033804
"INTS4L2",1.055,0.590744551376087
"C14orf19",1.038,0.590828357282128
"DFNB59",0.961,0.590840099307254
"C20orf134",0.97,0.590856972164452
"MPHOSPH9",1.048,0.590879638055122
"PROC",0.981,0.590943234474095
"PDK4",0.973,0.591068138886698
"FASTK",1.061,0.591111354344209
"TIAM2",1.041,0.591161071792384
"TMEM150B",0.974,0.591200250108029
"ZNF594",0.957,0.591332318157191
"GRID2",0.946,0.591435900738536
"OTUD4",1.087,0.591488113613991
"STXBP3",1.097,0.591644190953754
"C6orf222",0.983,0.591739601414593
"DRAP1",1.062,0.591761729755297
"RPN2",1.076,0.591841332646997
"MSRB2",1.064,0.592064674434069
"SPON1",0.974,0.592164659513704
"PPP1R14D",0.986,0.592247391096652
"ZNF664",0.932,0.592297420192484
"LOC145474",1.062,0.592339533683219
"PPM1H",0.969,0.592424994669128
"CUEDC1",0.945,0.592450669229369
"NANP",0.935,0.592494855355598
"ADSL",1.07,0.592751545996768
"SNORA18",1.122,0.592964089515329
"SFRS3",0.897,0.593095486755294
"RAB22A",0.918,0.593143486144905
"TMED4",1.087,0.593175909088423
"CCDC113",0.966,0.593238233267168
"VWDE",1.018,0.593500566658245
"GIYD2",1.053,0.593680095198803
"APBA3",0.936,0.59383454480094
"CEP72",0.954,0.593917393701121
"ZBTB42",0.946,0.594111744762025
"COPS3",1.072,0.594154426497591
"FOXN2",1.066,0.594272371541132
"LONRF3",0.96,0.594325776772535
"HSP90B1",1.064,0.594573315714913
"TMEM47",0.964,0.594612054411869
"GRIA4",1.034,0.594760867699216
"PPEF1",1.024,0.594883318631139
"LOC100302650",0.971,0.594894969753881
"SERPINA3",1.016,0.594931267139433
"PREB",0.918,0.59504412757811
"RPL14",1.058,0.595160711132381
"RGPD1",0.954,0.59527708339662
"NR1I2",0.976,0.595290155296732
"TNFAIP8",0.961,0.595302898850668
"C1orf56",0.953,0.595385636196965
"MFSD10",1.055,0.595619196890607
"IGFL2",0.982,0.595721833332557
"PMP2",0.949,0.595833777951388
"NKX1.2",0.967,0.595907503339008
"TRAF4",1.064,0.596004926088796
"C14orf50",1.024,0.596035008252423
"WBSCR27",0.974,0.596289455413522
"SFRS7",0.902,0.596531315246099
"OR5K1",0.855,0.596626224328886
"ATOX1",1.066,0.5966624662233
"SCARNA9L",1.076,0.596711701159078
"DPF1",1.025,0.596738485203803
"TMBIM1",1.063,0.596989272325341
"ST8SIA2",1.022,0.597042912397701
"BTBD11",1.023,0.597130692562886
"VCX",1.025,0.597299293518221
"GAGE1",1.021,0.597300849379463
"TPK1",1.039,0.597361136337799
"KCNIP1",1.035,0.597413063310909
"PCDHGA2",1.024,0.597425605708054
"AP3M2",0.935,0.597489868139797
"C16orf45",1.035,0.597498467142468
"STARD3",0.925,0.597624029875777
"HHAT",1.038,0.597708281675248
"WDR77",1.085,0.597713294640745
"FAM123A",0.941,0.597746971880955
"FAH",1.051,0.59784248456028
"RASA2",0.957,0.598077118681302
"TFAP2B",0.976,0.598096847540448
"SYNC",0.974,0.598225457194652
"PCDHB5",1.021,0.598379674922283
"CTAGE4",0.968,0.59843117250834
"C1orf55",1.084,0.598558946510235
"LMX1A",0.97,0.59858487450391
"CNNM4",1.058,0.59863917624918
"PCCB",1.079,0.598643181919808
"NET1",1.05,0.598806002935478
"SRY",1.104,0.59892894606159
"MAS1",1.13,0.599012263304713
"KY",1.027,0.599040366564264
"MYST3",1.059,0.599218997809791
"TMEM132B",0.973,0.599221341413376
"ALPP",1.015,0.599269122913544
"TKTL1",0.981,0.599327932843935
"LYG2",0.953,0.599485828122313
"LIPI",0.918,0.59951366882457
"C14orf184",0.975,0.599526209465666
"PCDHGA9",0.973,0.599615687391605
"C11orf74",1.053,0.599618869512287
"SHROOM2",0.964,0.599684683517743
"ST6GAL2",0.981,0.599772360247978
"TIE1",0.961,0.599887033828474
"MS4A10",0.946,0.599942079104141
"CACNA1S",0.957,0.599963338696295
"C5orf28",0.944,0.600058705571224
"EMID2",0.975,0.600312762596464
"CHGA",0.983,0.600363556071436
"BICC1",1.024,0.600457041056802
"ODC1",0.976,0.600468271457058
"CSNK1G1",1.075,0.600477806346455
"ABCB7",0.922,0.60053783275258
"UNC5C",0.974,0.600600611300677
"CHRFAM7A",1.029,0.600618108234498
"DHX58",0.958,0.600745410500334
"TSC22D4",1.076,0.600762797332537
"GTF2A1L",1.03,0.600794475271033
"SLC35A5",0.928,0.600936470960647
"ZNF233",1.036,0.601038074725791
"C14orf181",0.965,0.601232374575428
"PRDX4",1.046,0.601332273798416
"IFNW1",0.891,0.601349757042285
"RLN1",0.954,0.601568137198694
"TTTY15",1.011,0.601587579927412
"PLAC2",1.02,0.601717537425971
"C2orf52",0.959,0.601818981726814
"HMP19",0.975,0.601831322078282
"HOXB1",1.059,0.601879442542728
"C20orf201",0.962,0.60202983692343
"TMPRSS13",0.968,0.602133083718393
"LOC392196",1.223,0.60213775421773
"NEURL3",0.976,0.60220868833273
"JAM3",0.962,0.602292475358526
"LOC644669",0.937,0.602640864060115
"C16orf63",1.069,0.602652415825665
"MFAP2",1.031,0.602773338874318
"PHF20L1",1.078,0.602846253950399
"KLC1",0.922,0.602853406429969
"TRADD",0.945,0.602871014469932
"NPC1L1",0.984,0.602942633486663
"CHRM3",0.98,0.603101550328158
"LOC100240726",0.961,0.603135580272553
"FUT9",1.014,0.603245532718394
"GFOD1",0.961,0.603424998914769
"TAS1R3",0.976,0.603442093098722
"C1QB",0.973,0.603584030131864
"CNOT1",0.923,0.603657519374324
"PABPC4",0.926,0.603662052243106
"X..8225",0.942,0.603689180674593
"NXT1",1.049,0.6037967148885
"CIAO1",0.874,0.603833327914712
"SCYL1",0.922,0.603925124002996
"PEA15",0.935,0.603934805337396
"SEPT5",0.965,0.603948951431837
"PGLYRP3",1.021,0.603952807186248
"TRUB1",1.06,0.604130153780663
"ZNF784",0.941,0.604221325005555
"RAMP1",1.024,0.604261719777234
"X..390284",0.957,0.604333668809044
"KBTBD11",1.028,0.604342066578826
"PRRT4",0.974,0.604409015106537
"RNF207",0.97,0.604439792222395
"WIZ",1.073,0.604441549360363
"TUBGCP4",1.067,0.604456394147016
"SLC10A2",0.976,0.604594938677439
"POLR3C",1.087,0.604630806602962
"PRICKLE1",0.967,0.604674922332051
"SIRPA",1.035,0.604965307332302
"PEPD",0.931,0.605007988757089
"IRAK3",0.97,0.605216745528139
"PDE3A",1.019,0.605250914161653
"PSIP1",0.945,0.605379175714808
"ZUFSP",1.086,0.605390862828187
"SOCS2",0.971,0.605581516241482
"SDCCAG3",1.077,0.605597357839464
"POLA1",1.067,0.605647369348123
"TNKS1BP1",1.057,0.605692873193049
"SCEL",1.02,0.605789317672833
"KCTD18",0.915,0.605833843812847
"SAA4",0.982,0.605863612998259
"COMMD10",0.946,0.606020144844101
"PAH",1.013,0.606025570719933
"NASP",1.058,0.60613352269281
"CRADD",1.053,0.606164634383638
"C1R",0.961,0.606171783645043
"WNT10B",0.971,0.606202945222998
"POT1",1.062,0.606288978903574
"REG1A",0.985,0.606383582556449
"ERP29",0.941,0.606404511790808
"DIO3",1.023,0.606428526386688
"AMTN",0.964,0.606485284393743
"DGCR5",0.98,0.606655318323138
"SMC5",0.928,0.606783673335671
"THBD",0.967,0.607073395764023
"DLG3",0.936,0.607163833628671
"FLJ36031",1.044,0.607293815627746
"PHF2",0.927,0.607314160781593
"DDX3Y",1.008,0.607320390934949
"EIF4E1B",0.975,0.607321836670082
"HACL1",0.929,0.607380257058893
"C2orf60",0.922,0.607428203716442
"ARNT2",0.977,0.607482330020212
"C14orf45",0.956,0.607500274607003
"LOC645323",0.974,0.607580051046259
"C16orf68",0.926,0.607704795129212
"UBXN7",1.047,0.607750701093108
"LOC100133308",1.077,0.607758018950789
"PWWP2B",1.058,0.607781247907311
"GPR161",1.034,0.60779197307916
"CCDC8",0.97,0.607890628671965
"ALS2",0.92,0.608027899970175
"RASGRF2",1.032,0.608111572007798
"SLC10A4",0.98,0.608122644732064
"MS4A6E",0.959,0.608131821586631
"PON1",0.981,0.608203191160259
"ZBTB12",1.043,0.608326664862406
"IVL",1.011,0.608419602103391
"BBS12",1.063,0.608579094979113
"HYMAI",0.958,0.608813607838404
"OLFML2A",1.032,0.608999813192339
"LENEP",0.943,0.609134524037451
"MAP2K7",0.921,0.609190084166408
"C12orf73",1.061,0.609215695583555
"SLC7A3",1.038,0.609243185018053
"KCNMB3",1.045,0.609278920905251
"CBX4",1.065,0.609361268413102
"SF3B5",0.941,0.609440032761072
"TCIRG1",0.951,0.609593605903324
"SMPD1",0.943,0.609599724846514
"METTL10",1.072,0.609615545906749
"CHCHD10",1.045,0.609692907627307
"CREB5",1.029,0.609753883993155
"ZNF213",0.937,0.610089081426932
"YIF1B",1.061,0.610224571228001
"HSPB11",1.059,0.610369088296916
"SLC12A4",0.945,0.610477522207933
"UQCR10",0.944,0.610500522816395
"PCYOX1",0.944,0.610538089521793
"OLIG3",0.968,0.610646644358038
"IFITM4P",0.925,0.610712549141292
"CYP4F8",1.055,0.611227499042496
"LOC100272146",1.046,0.61137872661052
"ARL2",1.068,0.611429383197742
"INSL6",1.037,0.611499234187345
"CGB2",1.037,0.611521871367376
"C1orf133",0.975,0.611535550000285
"MRPL33",1.058,0.611626425129893
"MAZ",1.075,0.611741187638004
"PSMG2",0.915,0.611788188697577
"PDGFRA",0.969,0.612178965310123
"CDC42EP1",0.967,0.612259231918486
"NGB",0.976,0.612321735903116
"RMND1",1.076,0.612393526626503
"KIAA1644",0.981,0.612488277734958
"MGC21881",0.957,0.612598555662683
"POM121C",1.073,0.612777395280227
"EVI5",0.928,0.612911960148182
"VPS24",1.093,0.613040984379715
"POLR3K",0.934,0.613066278075659
"LSM7",0.952,0.613216439229443
"MORF4",1.047,0.613424858773697
"POM121",1.076,0.613731503221732
"MAD2L2",0.953,0.613775873913144
"CTBS",1.062,0.61378879994937
"RAP1GAP2",1.037,0.613817799146957
"NRP2",1.035,0.61384788865807
"PPRC1",1.078,0.613878355362348
"MEX3B",0.959,0.613963676043145
"ISCA2",1.062,0.614251038239462
"HSD17B1",0.969,0.614287955041903
"NBPF10",0.967,0.61439203879273
"ROBO4",0.965,0.61444302956643
"PLK5P",1.038,0.614485875140466
"FBLL1",0.977,0.614501191643806
"HOXB4",1.028,0.614558369356112
"GALNT6",0.975,0.614566274511775
"SPG11",0.929,0.614579113633785
"VSNL1",1.023,0.614740627077685
"DNAH11",0.984,0.614808022094123
"ATP11C",1.052,0.614816949996629
"REG4",1.015,0.614931224927064
"FBXO10",0.946,0.61498032352682
"LIMS1",1.045,0.615034023344855
"AKR1C3",1.016,0.615093249486905
"FLJ37201",0.961,0.615215926954119
"CHST3",1.026,0.615244578893472
"SLC22A16",0.971,0.615454856585214
"C17orf104",0.979,0.615532763320308
"PNKP",1.065,0.615651648738225
"TTC7A",0.934,0.615867477466081
"FAM3A",0.946,0.61598605703342
"METRN",1.03,0.616091622852471
"LOC652276",1.06,0.616264227420322
"TFB2M",1.062,0.616464620871746
"SNX13",0.932,0.61650500524854
"ABCG2",0.971,0.616516549588601
"SPACA4",0.972,0.616587289872086
"BAG4",1.05,0.616623070146744
"C1orf174",0.924,0.616691915035101
"ESRRA",1.065,0.616742150080761
"CYP39A1",0.977,0.616973767882668
"SHC4",0.968,0.617001408312008
"SERPINA1",0.98,0.617137494615279
"HIST3H3",0.907,0.617268995228546
"UNC93A",1.022,0.617328815012116
"OSBPL8",1.062,0.617346060482256
"UBQLN2",1.084,0.617355738303037
"NFKBIA",1.047,0.617479296806993
"MMS19",0.91,0.617515266192585
"SNAP47",1.098,0.617523796992038
"RPL18",1.054,0.617740792853477
"GSDMB",0.974,0.617782727479081
"EDEM2",0.933,0.617917380581694
"LOC100240735",0.969,0.617930224025816
"TBC1D16",0.955,0.61796046051447
"ARHGAP5",1.062,0.618057773379903
"LRRK1",0.965,0.618217806428206
"ST7L",0.933,0.618370069122474
"C19orf70",0.948,0.618434426125508
"CACNA1E",1.023,0.618509596824281
"CLCC1",0.921,0.618539479426958
"NPFFR1",0.966,0.618595013272195
"ZSCAN12P1",0.963,0.618644570605961
"C1orf70",0.965,0.618661153662168
"OR52N2",0.968,0.618713380032789
"SPDYA",0.958,0.618736621906583
"CAPN6",1.013,0.618737984389668
"HERC2P4",1.023,0.618884057553742
"ODZ2",0.978,0.618946656433243
"HELB",1.044,0.619197638725857
"NADSYN1",0.931,0.619286914195093
"NDUFB7",0.954,0.619288028522413
"GBP3",0.975,0.61929372867299
"ZADH2",1.059,0.619401135545521
"GLRA3",0.981,0.619596639278752
"GON4L",0.94,0.619778083765032
"STRN",1.044,0.619840921958473
"TXNDC12",1.076,0.619947581229408
"FAM73A",1.052,0.620145363872237
"KLHL12",1.094,0.620153267692623
"BNIP3",1.042,0.620159924269638
"ZC4H2",0.97,0.620199766621863
"ZMIZ1",0.947,0.620206469691036
"C22orf27",0.953,0.62055182161417
"NAT9",0.936,0.62077980172463
"PLBD2",1.058,0.62085942229468
"SMN2",1.063,0.620869843577373
"ZNF695",1.018,0.620898782403854
"FAM169B",1.023,0.620987309640044
"ATRN",0.944,0.621090432443772
"PYDC1",0.956,0.621136967210339
"C16orf72",1.094,0.621143261227933
"ARHGAP42",0.963,0.621239769389108
"TEX13B",0.894,0.621520798220085
"OBP2B",0.967,0.621571620578042
"CACNA1I",0.981,0.621645453878573
"EFEMP1",0.972,0.621666891503603
"ZNF134",0.95,0.621771197383143
"BTD",0.945,0.621837697307691
"PTMS",0.951,0.622095459935757
"LONP1",1.07,0.622097285424511
"C5orf47",0.952,0.622105130138589
"MMP9",1.021,0.622105820340018
"C14orf4",0.947,0.622155938288613
"SNHG3.RCC1",1.033,0.622173063107494
"PCDHB1",0.964,0.622178191123099
"ZFAT",0.947,0.622230953317939
"CDRT1",1.027,0.622414043197603
"ALX3",1.031,0.622485757422322
"ZFYVE28",0.961,0.622669479899846
"ABHD10",1.083,0.622722314063259
"KNCN",0.944,0.622732732574405
"ELK4",1.058,0.622768147982939
"CAPN7",0.918,0.623013318858687
"FGF21",0.957,0.623041064739942
"EGOT",0.977,0.623051760705886
"CXorf58",1.05,0.62318843043247
"MTNR1B",1.119,0.62320112867954
"SNRNP40",1.077,0.623215033195505
"TTC9B",1.044,0.62326759258538
"CUL5",0.927,0.623366453256625
"SLC12A7",0.959,0.62356337333624
"APOM",0.97,0.623792216666189
"RHOBTB3",1.033,0.623835850814224
"PGLYRP1",1.048,0.623840361972246
"KIAA0040",0.949,0.62408146321494
"ZNF624",0.938,0.624245066728773
"LMCD1",0.959,0.624325079459001
"PVRL3",1.023,0.624371127753071
"OLIG1",0.98,0.624428687686933
"TBC1D22A",1.083,0.624493588745181
"MSLN",1.01,0.624506707391626
"LEPREL2",0.97,0.62455495030068
"SAMD9L",1.031,0.624669143967145
"DENND1B",0.953,0.62475809014912
"SPDYE8P",0.948,0.624788846522692
"BRS3",0.928,0.624814023788216
"TM7SF2",0.964,0.624877855826457
"DCDC2",0.982,0.624880495597026
"KCNQ5",0.982,0.625080525312427
"SLC17A3",1.037,0.625136839896105
"KIRREL",0.976,0.625243859736463
"QTRT1",0.949,0.625266385286567
"USP34",0.935,0.62539348139265
"HIST1H4C",0.956,0.625452062360752
"DSCR9",0.956,0.625572791318344
"ESYT1",0.927,0.625615622746754
"HIST1H1T",1.048,0.625632645299361
"PRKAG3",1.084,0.625690550211351
"MPST",1.047,0.625707307719306
"TDO2",1.023,0.625806864487669
"HSPG2",1.036,0.626055266196213
"BLID",1.056,0.626267417269372
"ZNF326",1.068,0.626343177794452
"GTF2H1",1.093,0.626355030026303
"C21orf56",0.974,0.626363670158059
"IL31RA",1.015,0.626387025594419
"RNGTT",1.076,0.626476337354646
"MRPL48",0.943,0.626478148646092
"GABRA5",1.028,0.626558534960535
"C21orf59",1.068,0.626714634402059
"CORT",0.969,0.62689754012585
"SERPINB1",1.042,0.626930658818379
"MAPK8",1.056,0.626997634318873
"LRCH2",0.977,0.627071466166159
"CCDC132",0.932,0.627169721440512
"SPACA3",1.03,0.627292589089463
"CCDC74A",1.027,0.627527305032919
"CREBBP",0.941,0.627621799921937
"MBNL1",0.943,0.627657666865338
"TJP2",1.057,0.627684052479101
"EPB42",1.08,0.627789040084311
"TGM7",0.927,0.628039841092369
"OBSCN",0.97,0.628057137470568
"TLN2",1.038,0.628076053174842
"CAPZB",1.091,0.628224539838344
"DYNC1I1",0.977,0.628368178408656
"ARRDC2",0.95,0.628498322480602
"EWSR1",1.099,0.628521223864449
"KRTAP5.4",0.918,0.628523352123857
"TP63",0.984,0.628568762158111
"XRCC1",1.072,0.628713200252745
"PMS1",0.927,0.62872000857364
"RBP4",1.018,0.628799009722515
"NAT8",0.957,0.628960689422572
"FN3KRP",1.077,0.629072315150378
"KCTD8",0.972,0.629182098145345
"RPL3L",0.937,0.629337844676422
"MLNR",0.952,0.62936229809867
"SBF1",0.953,0.629368108696655
"UGT1A6",1.009,0.629458808829907
"GDAP1L1",0.964,0.629548398385154
"ZFC3H1",1.062,0.629604136549171
"C14orf43",1.066,0.629620873818943
"NMT2",1.054,0.629652542453206
"TAB2",1.075,0.629726015036458
"GPN2",0.91,0.629740541086708
"PADI4",1.031,0.629748408297678
"FLJ44635",1.022,0.62999005201078
"TECPR2",0.938,0.630051702082981
"TAS2R50",0.914,0.630088878388914
"APOL3",0.967,0.630109051786387
"KCNJ13",0.96,0.630158479860366
"CHD2",0.948,0.630646048676506
"ARHGAP22",0.966,0.630776867305388
"HIST1H4D",0.958,0.630794736146091
"ANKRD39",0.946,0.630812544830986
"TMEM179",1.036,0.630885706061106
"PTPRU",0.973,0.631052263537
"TBC1D3",0.961,0.631058097554692
"BOC",0.969,0.631139300532705
"RPL11",0.941,0.631535169214996
"NAA35",1.078,0.631549440460154
"CCNC",0.945,0.631563064487422
"TECR",0.932,0.631663392246767
"CLEC3A",0.965,0.631722955799118
"OR13J1",0.941,0.631730893005823
"ADAM8",0.971,0.631747342576253
"SDF2",0.934,0.632045200844566
"BCLAF1",1.093,0.632064102555079
"PUSL1",0.953,0.632102627541752
"PECI",0.958,0.632386356760746
"RPGRIP1L",1.05,0.632459795911541
"RPPH1",0.974,0.632492552110484
"SNORD17",1.035,0.632508436940043
"COPA",1.081,0.632559424434709
"HSD11B2",0.973,0.632573991569973
"SCRT2",0.926,0.63262918175656
"SPA17",1.035,0.632644048110598
"FBXO47",0.949,0.632701804230381
"CFDP1",0.938,0.632703752872605
"LOC100134229",0.965,0.63287069503242
"C11orf63",1.029,0.632886267411724
"C6orf15",0.978,0.632987968690341
"DGKH",1.038,0.633084042257755
"TM4SF5",1.014,0.633330095678683
"CD97",0.961,0.633355383568219
"LPAR2",1.056,0.633441993306462
"MBD1",1.088,0.63353699541553
"C10orf93",0.978,0.633576535785634
"SLC28A1",0.971,0.633598277093599
"PFKM",0.945,0.633642509779404
"KCNK9",0.981,0.633646397120349
"CCDC61",0.95,0.633685146087379
"SRD5A2",0.984,0.633839537685149
"C1orf25",1.075,0.633885697314278
"TBC1D5",1.068,0.633905158308264
"DCBLD1",1.04,0.633907007338534
"PDSS2",0.929,0.634031362563912
"ARF5",0.941,0.634089472887088
"LOC100286844",0.955,0.634109333951793
"C20orf4",0.904,0.634116583604336
"NDP",1.016,0.634303273812283
"RAPGEFL1",1.028,0.634466612862225
"PTPN20B",0.984,0.634614019547708
"APOA2",1.031,0.634839348620676
"SNORA31",1.086,0.635006483565296
"PURA",0.94,0.635059713468986
"INS.IGF2",0.959,0.635193015325346
"LOC389033",0.893,0.635347139731817
"C4orf6",0.976,0.63549060481112
"OCLM",1.038,0.635516886162902
"KIAA1467",1.042,0.635548982409119
"TREML4",0.972,0.635607034841758
"IDI1",1.048,0.635691110971274
"RANBP2",0.935,0.635759962812894
"TRIM44",1.047,0.635798653070452
"LOC440356",0.98,0.63586853699429
"RNF11",0.929,0.635962439058238
"LOC91948",0.954,0.636001744127792
"DENND5B",1.034,0.636118552892691
"BMPR2",0.938,0.636184498191533
"ZNF565",0.936,0.636256591417231
"MIS12",0.93,0.636273986335052
"OR6S1",0.861,0.636279333635253
"KCNJ8",0.973,0.636339868014417
"IL4R",1.055,0.636407982980116
"KCNG4",1.149,0.636547023802888
"MMP16",1.025,0.636673164492181
"ARL16",0.951,0.636676235187434
"GLYATL2",0.985,0.636916656872061
"ARRDC1",0.948,0.636919782777147
"PAF1",1.077,0.636933844869181
"BRD7P3",1.064,0.636989929903015
"VSX1",0.975,0.637119517949771
"ALDH1B1",1.044,0.637121066175915
"PQLC2",0.942,0.637203057696636
"HLA.DRB6",0.985,0.637228410708312
"NSFL1C",1.081,0.637265530347522
"SGPL1",1.066,0.637273177090791
"SLC7A9",1.018,0.637376838580155
"CAMSAP1",0.943,0.637524392417863
"KCNQ1DN",1.114,0.63753195292643
"TMTC1",1.023,0.637739071240454
"TOMM20",1.061,0.637763136532666
"RPS4X",0.949,0.637777444701298
"FAM101B",0.96,0.637916819692438
"AKIRIN1",0.932,0.637918065780567
"IFIT3",1.033,0.638018166700035
"GFM2",1.07,0.638027162101358
"HFE",1.037,0.638338970269169
"C15orf55",0.959,0.638528175367599
"ATP5S",0.945,0.638540695936537
"MTCH1",0.923,0.638561778510037
"EXOC3L",0.965,0.638604701289008
"SIK3",0.939,0.638635105583483
"KTELC1",0.936,0.638667953953766
"C22orf24",0.951,0.638768114867116
"TMPRSS7",0.966,0.638819950685959
"TSPYL5",0.978,0.638868090303233
"PTPRK",1.055,0.638933247257319
"DET1",0.952,0.639044069603588
"PTGER1",0.977,0.639097556974355
"GAGE2A",0.979,0.639504784773648
"GOLGA8G",1.04,0.639591507014291
"SCGBL",0.946,0.639650455706526
"MAPKAPK2",0.918,0.639691187601946
"AGK",0.922,0.639697253433979
"APOA4",1.031,0.639762367904873
"POLR3GL",0.947,0.639900075931801
"MPZL2",0.971,0.639921461045869
"ROPN1B",0.978,0.639924365823806
"NCOA1",0.948,0.639942097323922
"HLA.C",0.965,0.639987297953931
"THEG",0.978,0.640011538507984
"SPIC",1.04,0.640127944691643
"ZMYM4",0.917,0.640167321367896
"MGC57346",0.948,0.640186766983621
"C16orf73",1.016,0.64026280957329
"UHMK1",1.031,0.6403236090572
"ZFHX3",0.958,0.640654834424026
"MYNN",1.061,0.640684007157958
"ATRNL1",0.978,0.640975655958851
"SLC6A19",1.032,0.641060544165272
"KIAA0368",1.07,0.641181569119428
"GNPTG",0.946,0.641303695095338
"FAM151B",1.049,0.641375971985226
"OLFML3",0.973,0.64137884742456
"PDZD11",1.057,0.641563299347247
"CHRNA3",1.024,0.641565264809713
"SLC25A11",0.932,0.641577798270249
"FAM178A",0.928,0.641651909240128
"TDRD9",0.983,0.641678933494207
"BTN3A2",0.963,0.641703574889929
"C19orf53",1.054,0.64193298912583
"MAGED4B",0.98,0.642017521149092
"ZNF804B",1.103,0.642024723739465
"CCL24",0.976,0.64221300486837
"C6orf114",0.961,0.642272255435907
"C1orf27",1.067,0.642305139762765
"PRPS1",0.934,0.64233696092478
"UTP23",1.061,0.642347654573186
"TNFSF10",0.972,0.642589108855607
"COL8A1",1.023,0.642693096193154
"EPHB4",1.047,0.642784379302487
"ZBTB6",0.937,0.642989434487559
"SYCE1",0.983,0.643090519890234
"MICALL2",1.036,0.643135094105134
"XYLT1",0.975,0.643267278421773
"SEMA5B",1.023,0.643413228235263
"BTBD8",1.032,0.643461961707603
"TNNI3",1.013,0.64357936642114
"SUMF2",1.051,0.643624869601485
"CCDC80",1.026,0.643672596049852
"LOC388789",0.947,0.643826266364048
"MRPL20",0.929,0.643919427045898
"TTLL6",0.982,0.643928464464208
"C19orf73",0.965,0.643983559150427
"DOLPP1",1.077,0.644717731592445
"LOC100131691",1.035,0.644804385429483
"AMZ2",1.079,0.645004323816781
"NPDC1",1.029,0.64502275639014
"HIBCH",0.943,0.645128137318377
"TOB2",1.065,0.645162850155207
"SUV420H2",0.959,0.645211882179042
"VWA5B2",0.978,0.645272933609813
"ZNF718",1.045,0.645329787891009
"ZNF638",0.932,0.645388110023325
"ARHGEF5",1.053,0.645392142814187
"C1orf212",0.93,0.645666155722135
"FAM78B",1.03,0.645817648436924
"H3F3C",1.063,0.645837895997825
"TOP1P1",1.073,0.645853792610853
"C8orf37",1.047,0.646349368295346
"HEATR7B2",0.935,0.646352773232114
"PAPOLG",0.926,0.646408162062289
"B3GNT6",1.011,0.646454295646232
"ACCN4",0.971,0.646588981329802
"PRKACG",1.116,0.646847886300746
"BACE1",0.953,0.646848685236254
"SUPT5H",1.067,0.646938321350563
"LOC285205",1.054,0.646982499391409
"SEC31A",1.088,0.647008931918509
"PLXNB2",1.046,0.647063969320661
"MAP4K3",1.071,0.64710719800124
"IMPG2",0.959,0.64712278914954
"BASE",0.97,0.647192335323662
"PDIA3",1.049,0.647311228593523
"CNOT8",0.947,0.647377513303604
"PIWIL1",0.98,0.647402048940278
"MICB",1.031,0.647407083701929
"FAM120AOS",1.074,0.647435569120911
"RGS16",0.973,0.647458430691432
"MGC16275",0.959,0.647511183369203
"ENKUR",1.016,0.647634188585052
"CD68",0.969,0.647662643570412
"KIAA0355",0.942,0.647851952495117
"STX4",0.936,0.648045972379412
"KIAA1614",1.031,0.648233002290685
"CIRH1A",1.072,0.648276415414511
"CD320",0.959,0.648343090609546
"SSNA1",0.948,0.648537693404297
"SLC25A46",0.952,0.648596393423002
"SFMBT2",0.975,0.648899120753186
"SLC7A2",1.015,0.649022871445182
"C1QC",0.975,0.649185596500811
"THNSL1",1.048,0.649197878497345
"CASK",1.056,0.649370058000249
"PMS2L1",1.058,0.649384964450907
"PRDM12",1.034,0.64939428529462
"SCARA3",0.976,0.649465077519912
"FZD1",1.036,0.649479047455826
"UNC5B",1.034,0.649559604737845
"RTTN",1.05,0.649578734018675
"GPR135",1.038,0.649582303737326
"UBE4A",1.078,0.64964013124881
"TBC1D13",0.935,0.64970132469434
"C7orf42",1.084,0.649718045125862
"HOXC13",1.011,0.649750528929105
"F7",1.017,0.649826371109258
"LOH3CR2A",0.97,0.649848488773467
"WDR44",1.065,0.649869854889199
"NCRNA00114",1.157,0.649881870256204
"UGT1A4",0.954,0.650110945952937
"LNPEP",1.04,0.650127633050651
"BCAR4",0.983,0.650135983546972
"OR5M11",1.093,0.650187671627582
"DDX42",0.93,0.650289594343173
"NRXN2",0.977,0.650326952452701
"TUBA3C",0.982,0.650331284319209
"SELE",0.98,0.650416419655656
"LIG3",1.066,0.650452216614344
"SYNM",0.963,0.650636476896105
"CNDP1",0.972,0.650987769942362
"YIPF6",1.052,0.651038658573159
"SMCR8",0.948,0.651138612861915
"ZCCHC3",0.936,0.651191424639528
"LOC374491",0.971,0.651262824739595
"MLXIPL",1.02,0.651337881647793
"GBA",1.063,0.651510524458978
"BMP2",1.022,0.651536450805989
"DYNC1LI1",1.097,0.651538100372358
"ZNF284",0.963,0.651770268458457
"DLEU2",0.966,0.651938063759919
"C6orf105",0.979,0.65199952881897
"MDK",1.027,0.652136023024569
"STOML1",0.954,0.652171853128681
"AGXT2L1",1.012,0.652218438758468
"C17orf96",1.034,0.652309288961433
"RAC2",0.968,0.652324381221056
"C17orf75",0.948,0.652344264553235
"RPL28",1.044,0.65240185813472
"EPB41L3",0.974,0.652445179961174
"TSHZ3",0.971,0.652496929370558
"IER2",0.958,0.652506161705421
"REEP1",0.98,0.652588734532616
"SLC24A1",0.952,0.652640989109489
"C12orf24",0.965,0.652748979753524
"FXN",0.931,0.652815318002729
"DKK4",1.026,0.652888900064858
"MIA",0.984,0.653009760642103
"FLT4",0.967,0.653034960361379
"LOC728758",1.054,0.653054887250051
"ADNP",0.931,0.653491638813768
"C8orf40",1.048,0.653511713284314
"PSPC1",1.072,0.653896042348988
"TMED8",1.07,0.653966515996284
"THOC7",1.068,0.653987472594827
"RPS14",0.96,0.654084627339985
"ALPPL2",0.988,0.654155938103336
"ANXA11",0.936,0.654281562389
"UQCR11",0.95,0.654313065376019
"MIMT1",0.907,0.654577546365867
"KRCC1",1.041,0.654652556583711
"HTR2A",0.974,0.654653362972216
"NEURL1B",0.974,0.65474373027785
"TIMM10",1.053,0.65474627427824
"PXMP2",1.048,0.654791908497383
"NFKB1",1.06,0.654835095367828
"LOC100144603",1.031,0.654855057789523
"TNFSF4",1.029,0.654886211039164
"ZNHIT1",0.956,0.654947900986868
"NSF",1.067,0.655042529561928
"SLC35C2",0.932,0.655075176244186
"CUX1",0.943,0.65511523717342
"CSAG2",0.987,0.655357062761653
"RNF220",0.908,0.655424185246729
"C10orf125",0.973,0.655444968155038
"DDIT4L",0.983,0.655464785712252
"TEDDM1",0.955,0.655508555793263
"BOLL",1.039,0.655679570226349
"FOXP2",1.02,0.655757965287351
"SLC9A4",0.981,0.655888576629974
"YY2",0.964,0.656026732254891
"LOC100130872",1.027,0.656074787884134
"RNF186",0.985,0.656163637540826
"OTUD7B",1.057,0.65630099430132
"TADA1",0.939,0.656394099820429
"DDX4",0.96,0.656406454733573
"BCL6B",1.036,0.656477531425782
"IL13RA1",1.058,0.656504723236207
"CITED4",0.975,0.656518426338532
"C10orf10",1.033,0.656535856279584
"ATXN10",1.081,0.656557448947756
"USP11",0.942,0.65658313115884
"AADAC",0.987,0.656684282368932
"RGS6",0.984,0.656792381345765
"ABCC13",0.979,0.656876876273932
"GMEB2",0.941,0.657109082990662
"DAPK3",1.055,0.65724775040637
"MGC4473",1.033,0.657377578174711
"GYPA",1.081,0.657403987621793
"FSCB",1.067,0.657934263329234
"DTX1",1.032,0.657950851020393
"CARD10",1.033,0.657952568272922
"LRRC69",1.029,0.657962950300109
"SSX4",0.976,0.657973245765315
"POGK",0.934,0.65797673774976
"ZNF280A",1.019,0.65807201981995
"MEA1",0.941,0.658135446979179
"KLHL29",0.976,0.658153392310342
"TCHHL1",1.03,0.658163168460363
"ACP2",0.935,0.658233196644764
"TTC36",1.04,0.658337344131801
"PARP14",0.956,0.658416512381723
"GPR22",0.945,0.658627882347181
"ARID1B",0.943,0.658658978876099
"CETP",0.975,0.658753119579694
"APOOL",0.957,0.658869050384226
"EHD4",1.068,0.658936842752265
"CCDC11",0.98,0.658955841751542
"ARL8B",0.927,0.65901681367702
"ALB",1.012,0.659284858072337
"RNF19A",0.961,0.659336061836229
"SLC23A3",1.024,0.659367549888691
"OPRD1",1.03,0.659464128230775
"BAZ2A",1.055,0.659505046938478
"NRCAM",0.981,0.659521166987511
"FAM53C",0.93,0.659536601211646
"SEC24B",1.081,0.659685504097518
"HRNBP3",1.026,0.65968573105573
"KRTCAP3",1.029,0.659686038483145
"MEGF10",1.018,0.66000510913569
"TBCB",1.054,0.660123187957111
"GCC2",0.947,0.660322545364987
"IFT122",0.948,0.660449430419635
"DDX25",1.021,0.660499266152939
"RNF39",0.98,0.660685616863253
"MYO5B",0.963,0.660705107118446
"PLEKHJ1",0.946,0.660747411612448
"ZKSCAN1",0.964,0.660753931407552
"MATN4",1.027,0.660857281520261
"NT5M",1.03,0.660864003259712
"BMP6",0.983,0.660880994779735
"PYY",1.028,0.660911283206685
"CMTM3",1.034,0.660978314088739
"PCDH8",0.984,0.661053367960191
"HYAL2",0.94,0.661158047042672
"ADIPOR1",1.076,0.661292844704638
"FIBP",1.075,0.661393743267834
"NNMT",1.025,0.661404750643776
"RPL3",0.948,0.661405878527232
"SYPL2",1.025,0.661527177011969
"NUP160",1.068,0.661653923830246
"SLC30A3",0.982,0.661690315008407
"GPT2",0.976,0.661712326629045
"ID2B",0.968,0.661719704296361
"PAPOLA",1.071,0.661821347934359
"HEG1",1.031,0.661826296424198
"CRCP",1.075,0.661835441957749
"CEP350",0.936,0.661887335848296
"BTRC",1.075,0.661955840622779
"WTAP",1.078,0.662100453072994
"MYLK2",1.031,0.662238485989335
"MYEOV2",1.048,0.66227821360996
"GNRH2",0.964,0.66231308608098
"KLK1",0.982,0.662519820277364
"LYPLA2P1",1.061,0.662583844672878
"NLGN2",0.965,0.662638032468443
"PRSS41",1.035,0.662686475261272
"PPWD1",0.934,0.662690382881398
"ADRA1D",1.024,0.662835142335459
"ITIH5L",0.981,0.662907725376079
"CDH6",0.977,0.662962473559404
"TNFRSF10B",1.045,0.662990950269817
"FLJ42393",1.029,0.662998197263496
"OR13H1",1.167,0.663084044732445
"C10orf108",1.015,0.663171670895195
"TMEM87A",0.947,0.663318931359644
"GLTSCR2",0.952,0.66339044757321
"ADAMTS19",0.977,0.66377093263937
"WDR25",0.946,0.663798504802202
"SBDSP1",1.068,0.663811450511997
"NOMO1",1.058,0.663859753885868
"LIMK1",1.042,0.663891200099884
"CARD17",1.041,0.663897673556274
"C12orf35",0.956,0.663901745813084
"TAC3",1.018,0.663902245732804
"MGC72080",1.036,0.663922434560173
"CCDC97",1.074,0.664197087671725
"DPP6",0.977,0.664205081551337
"LOC145783",0.965,0.664358639170898
"ZFY",1.009,0.664506474077038
"EXOC3L2",0.968,0.664524604592011
"POLR2E",1.078,0.664532509467868
"FAM106A",0.975,0.664660316544258
"CDX1",1.028,0.6646814859904
"NOL8",1.076,0.664807449866392
"NR2E1",1.018,0.664902392034737
"MFGE8",0.966,0.664996640886913
"C14orf148",1.035,0.665014460643853
"SAMD14",0.97,0.665148947925376
"TTTY2",0.955,0.665158975887829
"AKT1",0.935,0.665487578667029
"LOC285796",0.947,0.665528953537581
"RBM20",0.98,0.665608382674499
"PKD1L1",0.97,0.665635541850271
"SCHIP1",1.039,0.665941243174532
"SPESP1",0.983,0.665990383619464
"MYB",0.975,0.666071587651379
"RHO",0.943,0.666125160043404
"SHISA7",1.041,0.666134525999703
"LOC100133469",1.016,0.666296048148699
"DNAL4",1.066,0.666403154452697
"UBAP2L",0.935,0.666512695262066
"MGAT4B",1.059,0.666567470651307
"TBC1D9B",0.944,0.666571482533074
"EIF1",0.931,0.666603160905272
"NUP93",1.074,0.666747366095821
"TMEM211",1.037,0.666853082613346
"ERGIC3",0.938,0.667066484213364
"KDM6B",0.956,0.667298931750789
"FAM134C",0.918,0.667331953090923
"TGFBRAP1",1.04,0.667374309250038
"SDHD",1.061,0.667586606504558
"FILIP1L",0.972,0.667623014917668
"LOC387647",0.936,0.667739210299226
"PER1",1.028,0.667767632347273
"LZTS1",1.032,0.667789612321356
"TSPAN12",0.971,0.667882759997669
"GPRIN3",0.974,0.667897552351888
"TUT1",1.067,0.668045955018885
"NUDC",1.069,0.668186133009377
"FLJ12825",1.024,0.668475236972837
"C9orf95",0.953,0.668495359315562
"ATP5L2",1.045,0.668502457553755
"ZPLD1",1.018,0.668538005586679
"BFAR",1.052,0.668548665465732
"PMS2CL",0.949,0.668566410089312
"C1orf58",1.044,0.668597542163383
"FRK",1.04,0.668666575921825
"SH2D7",1.041,0.668747910393397
"CHODL",1.017,0.668834438464183
"ADAM23",1.019,0.668888574298372
"PIGY",0.937,0.668912087629649
"CREBZF",0.948,0.66908289193929
"UBQLN4",1.058,0.669173829088082
"MAP7D3",1.029,0.669192870434245
"MYO1D",0.961,0.669229071501812
"MTX3",1.054,0.669268588188515
"DCTPP1",1.046,0.66928280254808
"FAM43A",1.033,0.669286584344157
"IFT20",0.95,0.669345272948651
"CLDN4",0.963,0.669444418948603
"ANO5",0.983,0.669444568848866
"CTAG2",0.987,0.669509252130544
"PPP1CA",1.067,0.669611177986585
"NLRP12",0.982,0.669728755603454
"FBXL2",0.96,0.669733553480092
"TEAD3",1.052,0.669847568983587
"FLJ45445",0.977,0.669870691426315
"THOC2",0.942,0.669930958312425
"APOL4",0.974,0.669970731925775
"DSCAM",0.979,0.670068902638236
"LOC340508",1.042,0.670077615485179
"MDGA2",1.022,0.670144053224955
"C10orf18",1.064,0.670310556576126
"GPX7",0.972,0.670322808208165
"C1QTNF8",0.952,0.670330567805121
"C11orf2",0.939,0.67041700147407
"HYAL4",1.03,0.670531686693994
"PLVAP",1.035,0.670544053100586
"PRKD1",0.974,0.670553506435489
"ANKMY2",0.945,0.670584528447352
"C9orf11",1.067,0.670878892387972
"FER1L4",1.015,0.670891049395717
"FABP7",1.017,0.670963603662873
"VPS35",0.931,0.671065050479667
"RNF40",1.068,0.671092294742634
"HSPB1",0.968,0.671125825958412
"CBLL1",1.076,0.671147345748809
"FGFR1",1.029,0.671191250983187
"UBXN8",1.044,0.671206895474456
"RWDD1",0.94,0.671350288434806
"SCN1B",0.973,0.671422753301782
"TFB1M",1.055,0.671477473624053
"ZNF343",0.946,0.671485703748617
"SLC25A39",1.052,0.671497596121394
"PPM1J",0.977,0.671547460415334
"C14orf23",1.04,0.67159225121412
"LGALS3BP",1.035,0.671596995190203
"C6orf125",0.958,0.671948444474235
"SERPINB2",1.015,0.672055205295745
"RPS11",1.045,0.672117149196313
"SDHAF1",0.95,0.672322105908936
"ZNF765",1.067,0.67235286395985
"ARFGEF2",0.944,0.672428739481458
"ATR",1.062,0.672512615229209
"SPRR2G",0.963,0.672574328851267
"SMARCC2",0.942,0.672603411939221
"C14orf104",0.949,0.67261109473228
"ANKIB1",1.061,0.672650890308134
"EFNA4",0.962,0.672669003298392
"EPHB3",0.969,0.672678787088233
"B3GNT9",0.963,0.672785684253502
"TSPAN1",1.017,0.672812378623076
"CTAGE5",1.042,0.672818568786344
"SNORD94",1.085,0.67290020103419
"USP9X",1.066,0.672920014275577
"SIK2",0.953,0.67301937955016
"CALB1",0.985,0.673063311459459
"CHURC1",1.061,0.6730853166624
"APPBP2",0.928,0.673181438060768
"TMEM105",0.98,0.673204997835712
"ATAD3A",1.047,0.673385183573022
"MRPS36",0.953,0.673455448434782
"PPM1B",0.916,0.67351302144564
"B3GALT1",1.036,0.673557444704252
"SPAG4",1.026,0.673625319600456
"EPHA6",1.018,0.673652312914202
"C1orf159",1.044,0.673859438847341
"CRABP2",0.987,0.673908427220765
"KISS1R",1.015,0.674047518923501
"PTPN3",0.963,0.674119364349095
"SCARB2",1.067,0.674221099062371
"LOC100130932",1.047,0.674239763642209
"TNRC6B",1.051,0.674517805921821
"RNF167",0.928,0.674554270119949
"HIST1H2BH",0.982,0.674607341146172
"C1orf104",0.973,0.674670984494519
"HLA.B",0.972,0.674695824375055
"NKX2.2",1.021,0.674696023151099
"RASSF3",0.968,0.674820922489492
"PKP4",1.06,0.674979786370318
"ENTPD8",0.985,0.675027138360445
"SMEK1",1.078,0.675086443464139
"TOMM20L",1.047,0.67513128902735
"MAT2B",0.95,0.675214984979932
"TTC17",0.936,0.675297724424876
"FAM102A",1.047,0.675445523869827
"CSRNP1",0.964,0.675519081041768
"FAM86D",0.966,0.67558659145151
"DECR2",1.04,0.675700149753854
"TTC22",1.032,0.67588949694803
"TBX22",0.95,0.675942892179545
"LOC151162",0.96,0.676030531802098
"DNLZ",1.038,0.67603838003012
"CCDC19",0.983,0.676044466620048
"PPM1N",1.02,0.676201362657707
"SETD5",0.945,0.676208917008285
"C19orf55",1.04,0.676444041441383
"CRTC3",1.066,0.676976152065781
"C17orf90",0.959,0.676978448931796
"PHPT1",0.964,0.677108766319226
"ZNF222",1.053,0.677139412030402
"ITFG1",1.057,0.677171521651038
"MGC42105",1.018,0.677346999109561
"NNAT",0.976,0.677356499777065
"ZNF703",1.022,0.677461722916112
"C17orf106",0.955,0.677471058038445
"SLC39A12",0.959,0.677583660893031
"SEC22A",0.937,0.677674261874599
"C15orf60",1.039,0.677779004408366
"RFPL3",1.05,0.677854596152198
"AVPR1B",1.031,0.677857993116703
"HEATR5A",0.958,0.678110921327862
"UGT2A3",1.024,0.678148403532756
"CSNK2A2",1.074,0.678252279481348
"DPP8",1.048,0.67832265123748
"C4orf21",1.033,0.678516447610339
"ADAMTS18",1.019,0.678772022621669
"CDK5RAP1",0.938,0.678784544932658
"SNORA21",0.907,0.678869874733815
"PCDHB4",1.03,0.678895721482097
"FAM177A1",0.964,0.678913557459521
"TMEM203",0.932,0.678959776447032
"CASP8",1.055,0.67898410622399
"FAM123B",0.958,0.67908244148269
"VNN3",1.016,0.679187875095236
"BACH2",1.028,0.679280187811767
"ZFYVE16",0.937,0.679312281241546
"HLA.A",0.97,0.67954122783726
"SH3BP4",1.038,0.67964687095307
"CSRP1",0.946,0.679769447559107
"EEF2",0.952,0.679818523701843
"EGR4",1.018,0.679889961429498
"MOBKL1B",1.054,0.680075202197441
"USP8",0.938,0.680158452310624
"LAPTM4B",0.967,0.680202797726901
"KCNE4",0.983,0.680288547636881
"UBE2A",1.063,0.680438249931494
"EGFL8",0.979,0.680502855311432
"UBXN4",1.083,0.680706351185032
"COMMD6",0.95,0.680730163960591
"ATAD3B",0.97,0.680976813693685
"CRIP3",0.975,0.681013417154717
"DAGLA",0.969,0.681078414605378
"C17orf89",1.046,0.681262181882034
"FAM55A",0.941,0.681610815857644
"C9orf23",1.048,0.68171044621396
"LYPD6B",1.013,0.681844447274368
"ATG3",0.929,0.682026436573488
"ASB10",1.085,0.682340992895076
"STK32C",0.969,0.682354689527869
"DHPS",1.066,0.682356610637352
"TXNIP",0.971,0.682375923306975
"RPL24",0.96,0.682419024014226
"MUS81",1.067,0.682424596762658
"BIN1",1.049,0.682649200256745
"NCOA6",1.052,0.682657841350923
"PPA1",0.949,0.682717381678225
"NEO1",1.027,0.682906165716237
"LOC284632",0.94,0.682937023212201
"NDUFAF3",0.948,0.682947792636338
"C15orf2",0.952,0.682960295643747
"FAM195B",0.959,0.683012287489377
"FXYD3",1.017,0.683070430054391
"LOC100131496",1.036,0.683091788134182
"GLTPD1",1.049,0.683222541756248
"SYBU",0.982,0.683243091482732
"PYROXD1",1.05,0.68326541403315
"OTOF",0.977,0.683512398368806
"CHSY3",1.025,0.683568527763115
"SMG6",0.943,0.683637400063038
"SFRS16",0.96,0.684088228661818
"FASTKD5",0.95,0.684156206988323
"METTL11B",1.034,0.684168801715373
"TOMM40L",0.952,0.684245665837512
"DEFB126",1.036,0.684257952169692
"SPATA12",0.971,0.684266860326887
"TMLHE",0.976,0.684270178169172
"HIVEP2",1.051,0.68428894422226
"DNAJB3",1.027,0.68429250413129
"PTPRS",0.972,0.684366128603809
"NMRAL1",1.055,0.684375125924571
"PLEKHA8",1.044,0.684498282806355
"SNX14",1.065,0.684499329374069
"TRAPPC1",0.947,0.684648130199719
"IRF9",0.958,0.684671476930787
"GNG3",0.968,0.684708332521869
"PJA1",0.953,0.684759451028605
"RPL22",1.066,0.684767703411158
"C6orf122",0.973,0.684823634026393
"FLJ42709",0.976,0.684832773424745
"USP32",1.06,0.684907854073417
"TRMT2A",0.954,0.684994779030755
"RUSC2",1.049,0.685049699156968
"ACOT13",1.046,0.685101777406885
"ABHD13",1.059,0.685233001289559
"KCNJ9",0.951,0.685239889198001
"C8A",0.984,0.685269559149293
"CD58",1.043,0.685277808474801
"CBARA1",0.938,0.685279068893589
"ABCA4",0.989,0.685333410455184
"ZNF480",0.94,0.685410609004345
"PRMT10",0.936,0.685483923550437
"CTXN3",1.033,0.685621770588088
"RNF135",1.057,0.685630700118325
"EPHB1",0.983,0.685783245682113
"UBL7",1.063,0.685822341565783
"HTR1E",0.966,0.685823628759627
"METTL7B",0.983,0.685926121919876
"ACTR1A",1.097,0.686051688857569
"SEMA5A",1.024,0.686433182389301
"SON",0.943,0.686439739954213
"LACTB",1.054,0.686441259270049
"DAPP1",0.977,0.686456474400706
"THAP1",1.06,0.686526099749797
"CCDC123",1.05,0.68654217146685
"SLC37A4",1.057,0.68655031143193
"TSPAN17",1.057,0.686602163979928
"IMMP1L",0.954,0.686731379211088
"SCARNA12",0.97,0.686999114660846
"MTHFSD",0.947,0.68719460862038
"KIAA1462",1.029,0.687264874768934
"LOC121838",0.979,0.687293318327425
"NKAIN2",1.014,0.687339130519012
"SLC4A1",1.032,0.68761189407641
"TCEB1",1.04,0.687628195841335
"PPIL3",0.951,0.687722770604903
"DGKZ",1.055,0.68775545413451
"KDM5D",1.007,0.687873010833438
"ESD",0.943,0.688058014402913
"ALDH1L1",0.988,0.688102281102146
"ZFP42",1.011,0.688283817112578
"PCDHB7",0.976,0.688317085536027
"RPL30",1.042,0.688351124308225
"TADA2B",0.932,0.688356799432613
"PPFIA4",0.984,0.688650287464145
"WDFY3",0.949,0.688684907904268
"IQGAP1",1.055,0.68874272968035
"LYPD2",0.977,0.688824514608487
"C11orf73",1.064,0.6889041061484
"UNC13A",0.984,0.688933179957123
"IGF2",1.013,0.689105183215173
"CFHR5",1.046,0.689278204096715
"SDF2L1",0.962,0.689343126339467
"ARL6IP4",0.947,0.689803056997606
"CLDN20",0.963,0.689909883267058
"PHEX",1.02,0.689969156845212
"RPL6",1.054,0.690028754433085
"RPS3A",0.966,0.69019669014696
"GRB14",0.984,0.690197509244878
"HMOX1",1.029,0.690386643252989
"SEC11A",0.942,0.690503614065524
"SIRT6",1.053,0.690736778097338
"CFD",1.02,0.691008567434282
"CEACAM20",1.051,0.691120942956455
"SERINC1",0.948,0.691180745972119
"STAG3L2",1.034,0.691544335806878
"PDHB",0.929,0.691643991235516
"C14orf102",0.95,0.691683164394487
"APOBEC3F",0.968,0.691927980164015
"PDK1",0.967,0.691960144364366
"OR6B2",0.881,0.692043038095005
"C6orf126",1.015,0.692094791847446
"SCN9A",0.981,0.692097049780404
"LRRC3",0.974,0.69210435015042
"TRPC3",0.976,0.69231449088289
"C1orf14",1.053,0.692320386674095
"IL1RAPL2",0.982,0.69232617620504
"GATA6",0.979,0.692400945038414
"RPL23",0.958,0.692478180867762
"HECW2",0.972,0.692576116581536
"BFSP1",1.031,0.692644470493908
"UXS1",0.947,0.692652758499435
"ZIC4",1.018,0.692653764546088
"ZDHHC18",1.058,0.692655772270962
"HMOX2",0.949,0.692679446406815
"MCPH1",0.943,0.692681121590656
"SND1",0.935,0.69270414557914
"SFRS2",1.087,0.692751146963366
"RNF34",1.069,0.692813226165364
"MKX",1.018,0.692876580576558
"ASNSD1",1.071,0.69301122126553
"C11orf68",1.07,0.693250430286217
"DENND2C",1.03,0.693273331678046
"PCGF3",1.057,0.693274069912597
"TRPM2",0.977,0.693318488793349
"NPY1R",1.017,0.69334136173082
"GDPD3",1.019,0.693585039466952
"SH2D4B",0.972,0.69368863524331
"ANXA4",1.038,0.693923452835217
"GALP",1.055,0.694034656949715
"ISCA1P1",1.055,0.694035059572171
"LOC100125556",1.038,0.694091190529042
"MATN2",0.98,0.694174122539367
"ZC3H7B",0.952,0.694214632488351
"AKIRIN2",1.065,0.694360137099775
"CCNA1",1.014,0.694372218551259
"RFC1",0.94,0.694408507288226
"ENO2",0.973,0.694527242910862
"TMEM140",1.048,0.694567751980402
"PCDHGB4",1.017,0.694684949837444
"EMX1",1.021,0.694716728303393
"ARID3B",0.96,0.694807962236499
"HGC6.3",0.983,0.694829883806661
"GTSF1L",0.962,0.694858013455466
"GNG5",1.053,0.69488623183688
"HMGN4",0.953,0.694889507951678
"MT1G",0.985,0.695096309354278
"RCAN3",0.953,0.695327934403716
"ATP2C2",0.981,0.695430972784834
"DUSP7",1.041,0.695543477694316
"NENF",0.963,0.695702002750623
"C11orf85",0.984,0.695812454021273
"IL20",0.956,0.695819512274419
"C14orf128",1.031,0.695826559445463
"TRIO",0.968,0.695899287704586
"HIST1H2BB",1.08,0.695914077507918
"SSH3",1.045,0.695992049425507
"PARP8",0.957,0.696011621727993
"ETV2",0.974,0.696064607522957
"ATF2",0.953,0.696351351492918
"MAP1S",0.955,0.696366050358308
"CELF5",0.986,0.696377337636046
"CYTL1",0.981,0.696435111870125
"DDX6",0.93,0.696446509507228
"CENPBD1",1.049,0.696584864715204
"TUFM",1.061,0.696637993806055
"ZNF277",1.052,0.696642758369168
"MAPK9",0.95,0.696872067774462
"ATG7",1.068,0.696911040915069
"MAGEC3",0.981,0.697026749784849
"GPAT2",1.011,0.697146141306141
"POLR1E",0.947,0.697165165162952
"UFSP1",0.968,0.697171825249855
"NDUFA1",0.957,0.697196743685019
"ZNF880",1.023,0.697202776635288
"TMEM102",1.051,0.697343095741249
"C19orf10",1.047,0.697380833614031
"PANX3",1.038,0.697475902980137
"DPF2",0.914,0.697733062995916
"RGPD8",0.978,0.697791165862109
"JPH3",0.987,0.698248710192071
"CST2",1.013,0.698279829769699
"FBXO40",0.954,0.698326727789016
"PKDCC",1.022,0.698372226543032
"CSAG1",1.009,0.698422342944948
"WWTR1",1.036,0.698666055074957
"TBX18",1.012,0.698785509551702
"CETN3",0.955,0.698786997204729
"GDAP1",0.973,0.698831841710824
"ROR1",0.981,0.698832930966829
"TGFBR3",0.978,0.698875794479084
"XPO7",0.943,0.698969703994275
"HIST1H3E",1.016,0.69901794288738
"C3orf49",1.064,0.699029145395327
"PGPEP1L",0.947,0.69919046779209
"BHMT2",0.99,0.699280770136702
"ALKBH6",1.039,0.699414067054493
"CTRC",0.949,0.699434135798183
"MYL4",0.973,0.699513733678763
"PDE4A",0.962,0.699636794088418
"BNC2",1.024,0.699690361703081
"FMN1",1.02,0.699695044128862
"WFDC10A",1.037,0.699951037514375
"NFS1",1.064,0.699979017116341
"CEBPZ",1.073,0.700079315147253
"DDX49",0.949,0.700098743668059
"ZNF511",0.956,0.700173079387574
"C3orf55",1.017,0.700358987575121
"ATP6V1G1",1.053,0.70044916303789
"DIS3L2",1.062,0.700609324915607
"ISY1",1.073,0.700621101483843
"TMEM214",1.069,0.700870587915732
"EMP3",1.028,0.700921737527086
"MRPL53",0.955,0.701080276374513
"EBP",1.038,0.701152257101366
"PSMF1",0.933,0.701278797321008
"TMEFF2",0.968,0.701413622181691
"MOCS3",1.058,0.701468915455955
"ATP1B1",0.975,0.701553987515909
"SERPINI1",0.972,0.701667890744359
"RNASEL",1.045,0.701713421543069
"TKTL2",0.962,0.701751871064533
"C19orf25",0.958,0.701772126576196
"LYRM7",0.947,0.702079370524158
"PPCS",1.052,0.702084541312973
"ACD",1.044,0.702133297823941
"VWA5B1",0.978,0.702300248338649
"TOB1",1.031,0.702387371089228
"GFOD2",1.045,0.702456242975839
"SLITRK2",1.021,0.702637359536633
"C16orf7",1.038,0.702666058843487
"ZNF460",0.963,0.70272941484954
"KIAA0556",1.045,0.702828407224964
"CELSR1",0.97,0.702905091820156
"FUT11",1.044,0.702922511534482
"FAM150A",1.014,0.70293989812893
"GRIN3B",1.014,0.703035671854064
"APC",1.044,0.703121755177174
"VSIG10",1.03,0.703198632713872
"VHLL",0.942,0.703301371734505
"SNORA81",1.054,0.703387795809104
"LOC284788",0.932,0.703407172178839
"AGPAT1",1.067,0.70345265331806
"ARRDC4",0.972,0.703499362500845
"VAV3",1.02,0.703734341494245
"MT1IP",0.947,0.703871151383886
"BNIP1",1.047,0.703888678732537
"FBXO15",1.018,0.70391116286383
"LOC441089",1.049,0.703958990439393
"DAAM1",0.962,0.704052364959957
"FOLH1",1.018,0.704181010890701
"LMO7",0.968,0.704247588302851
"ALX4",1.037,0.704302499410443
"TM4SF18",1.02,0.704565020291165
"ZNF302",0.954,0.704592874927755
"CHRNA7",1.021,0.704597434326047
"E2F5",0.972,0.70462839847221
"ZNF256",0.97,0.704657473980423
"SLC6A6",0.959,0.704702091208622
"PDE6H",0.925,0.704773336631986
"SLC4A7",0.967,0.704805254145126
"UTP20",1.04,0.70490730774245
"BECN1",0.927,0.704984707389846
"FAM160B1",0.943,0.705020869810775
"RAD9B",0.96,0.705258342609253
"KIN",0.938,0.705295828314322
"SLC9A7",1.025,0.705310553806791
"SARS2",1.039,0.705343878612479
"TRIM47",0.967,0.70535434348458
"CHMP7",0.943,0.705416083530158
"FCGR3A",0.979,0.705439519685629
"NRG2",0.981,0.705481368818858
"APBA2",0.983,0.705512449947306
"LOC55908",1.045,0.705570655628869
"PABPN1",1.053,0.705606349735268
"FAM27B",0.967,0.705665988299355
"PIGG",1.063,0.705710501747484
"HAX1",0.955,0.70573155352991
"PCDHB12",1.027,0.705769246892623
"C19orf52",1.071,0.705796519460866
"PEX5",0.946,0.705806333114525
"GFPT1",1.046,0.705927062137334
"FAM3C",1.03,0.706164085222258
"TMEM186",0.939,0.706177513489806
"TACC2",1.022,0.706190436184652
"ACOT2",0.959,0.706295203125118
"GNA11",0.961,0.706323686347939
"C9orf110",1.021,0.706323943653307
"ZNF605",0.955,0.706421090455786
"NCRNA00183",0.949,0.706562853374298
"CYBA",0.971,0.706606707323987
"ST6GALNAC5",1.019,0.706768713399794
"ARMC4",0.987,0.706771725052736
"X..652919",0.988,0.706793730087626
"OPLAH",0.973,0.707141405795576
"DPYSL4",1.017,0.707167143526891
"NIT2",1.047,0.707169384731759
"MAP3K5",0.966,0.707207166191722
"ARSE",0.989,0.7072705327261
"SNORA74A",1.062,0.707630269512704
"CELSR2",0.975,0.707759713105023
"MRPL4",1.05,0.707933200399293
"TRDN",1.017,0.707984311094747
"KPNA7",1.017,0.708089346422495
"TADA2A",1.062,0.708117381925868
"COX17",1.043,0.708334981948576
"MLL2",0.968,0.708392993802797
"SYCP2L",1.013,0.70869138179204
"METT10D",1.057,0.708880633515076
"KALRN",0.976,0.709077165431888
"DGUOK",1.052,0.709085948361409
"PPM1A",0.94,0.709134636540502
"C3orf26",1.041,0.709282431863164
"TCEAL7",0.975,0.709492172599249
"ZFPM2",1.025,0.709569922142663
"EBF3",0.98,0.709918194876872
"ZNF761",1.053,0.71008580759787
"C9orf122",0.98,0.710120876705075
"LOC347376",0.963,0.710569319514604
"RHBDF1",1.038,0.710791160624701
"FOXO3",1.044,0.711042628026827
"C18orf34",0.977,0.71110224252463
"UCN",0.979,0.711123397885547
"BMP8A",1.02,0.711211532433908
"FAM114A2",1.053,0.711324752222846
"STYXL1",1.043,0.71145545942231
"DHRS4",0.955,0.711668990486662
"ALKBH5",1.069,0.711699259050052
"LLGL1",1.044,0.711715728959234
"ITPA",1.043,0.711757465963533
"SLC22A14",1.032,0.711783084262184
"ELAC2",1.064,0.711806955840818
"HIST1H2AG",0.979,0.711879853550638
"RAB42",0.975,0.711911502363132
"KIR2DL4",0.985,0.711930302037934
"NBPF6",0.973,0.712007806299458
"CNOT7",0.948,0.712186179687565
"RNASEN",0.956,0.712284522433261
"MARK3",1.072,0.712289815857425
"ARSJ",1.022,0.712379448064987
"SDAD1",1.072,0.712387614689535
"RPL37A",1.041,0.712642535549654
"PRDM10",1.061,0.712651615934801
"SUPT3H",0.957,0.712686515307257
"TMEM201",0.956,0.712749684556461
"HNRPDL",1.088,0.712810010109763
"WDR60",0.961,0.713005491839683
"MEN1",1.058,0.71303333823627
"C14orf126",1.043,0.71365282858871
"NAPEPLD",1.051,0.713683024608558
"SNX3",1.049,0.713842891235917
"AIFM1",0.949,0.713980041160904
"FAM90A1",1.016,0.714037063153766
"LARP1B",0.948,0.714038905917404
"OGFR",0.959,0.714088894458474
"HSD3B2",0.969,0.714170256253051
"LOC644538",0.973,0.714207354079536
"CATSPER3",0.971,0.714236491990516
"MT1F",0.98,0.714267243905047
"OR56B4",0.961,0.714301476326638
"ANAPC7",1.058,0.71460400422212
"TMTC2",1.031,0.71461152168893
"PCDH18",1.027,0.714620744891261
"CYP8B1",1.016,0.714640571625738
"MRC2",0.974,0.714644503488057
"C12orf27",0.989,0.714725451685252
"C8orf59",1.036,0.714784275851661
"MYOG",0.905,0.714825399524282
"PTPN2",0.94,0.714912856241867
"OR2T8",1.073,0.714922622976556
"DCST2",0.982,0.715135255301798
"ELMO3",0.971,0.715156157105907
"P2RX5",0.98,0.715186800692263
"GLRA4",1.058,0.715312910590023
"ANKS1B",0.982,0.715322149533953
"PCDHGA3",1.02,0.715585093274223
"SFRS8",0.951,0.715588379112113
"AFG3L2",1.051,0.715658900372639
"MED7",1.052,0.715692295173466
"ZSCAN5A",0.961,0.715731151851447
"RXFP4",0.974,0.715778246980828
"LSMD1",1.033,0.71584862359363
"MIA3",0.952,0.716007541905579
"DPP10",0.99,0.716118281001208
"SCGB2A1",0.989,0.716178188703309
"TTC23",1.045,0.716262805631324
"GPR156",0.983,0.716361076175775
"ZNF575",0.956,0.716616586364145
"FMO1",0.984,0.716741724143655
"POU5F1",1.015,0.716766326566943
"PEX19",0.949,0.71689943707043
"KCNJ6",1.016,0.716927549919381
"DRD4",1.021,0.716931353213407
"CD300E",0.982,0.716936765400997
"HDGFRP2",1.052,0.716968650366629
"SPG7",0.957,0.716979761487434
"LMAN2",1.047,0.717103654515324
"SLFN5",0.971,0.717119977890625
"FRS2",1.033,0.717347208365877
"UBXN2B",0.958,0.717402263344329
"LRRTM4",1.02,0.71744880707003
"MIP",1.037,0.71748267267907
"KRTAP2.1",0.95,0.71751445949576
"SLC29A2",0.972,0.717526350988986
"TM9SF2",1.041,0.717592922784849
"TAS2R40",0.903,0.717624972703535
"ARSK",0.958,0.717684313368324
"RND1",0.984,0.717786236602593
"DNAJC19",1.051,0.717822916747188
"EGLN2",0.952,0.71792144305534
"MRPL18",1.049,0.71795204349089
"CALY",0.985,0.71805193401019
"CHFR",1.048,0.718119970165297
"C1orf53",1.024,0.718509780020789
"KRT24",0.98,0.718563007295686
"TSHZ1",1.035,0.718614467127739
"RNF215",1.044,0.718729690634625
"RHOU",0.975,0.718802533186892
"SPTBN4",0.98,0.718966584610246
"HDAC8",0.944,0.718967441560665
"COPE",0.957,0.719054989728602
"DCLK2",0.976,0.719387099310596
"RPLP2",1.038,0.719576134359884
"RABL5",0.959,0.719576517176041
"HAUS6",1.041,0.719581410049898
"UHRF2",0.958,0.719630303289387
"PYGO2",0.941,0.719646952044656
"IDE",1.041,0.719662632686734
"ZNF837",1.034,0.719886273017182
"FBXL13",1.017,0.719915568509365
"FBXO24",0.974,0.719961093995761
"SLC19A1",1.038,0.720068626917363
"RBM45",1.095,0.72011572276034
"RBM25",1.059,0.720185963147243
"LEP",1.014,0.720407112235481
"KIAA1755",0.976,0.720431897497545
"EXOC4",1.068,0.720490085307869
"TESC",1.01,0.720508248308646
"NDUFB11",0.957,0.720515361716067
"NUDT16P1",1.035,0.720812206738086
"C1orf77",1.068,0.720883229065151
"TUBGCP5",0.952,0.721117817642381
"WDR26",1.074,0.721201983895432
"ART3",1.024,0.721296003054881
"TMEM90B",1.016,0.721304877940073
"LILRA3",1.015,0.721397278907285
"SLC5A3",0.972,0.721506159810706
"SALL4",1.017,0.721545360165094
"PKNOX1",1.089,0.721550773504138
"TSKS",0.979,0.72160559534883
"SNAP23",0.94,0.721781314651951
"VPS36",0.948,0.721987169594797
"RADIL",0.984,0.722077483687582
"GPR137C",0.977,0.722195653495629
"PRSS36",0.972,0.722293602628583
"PCBD2",0.957,0.722376969884866
"CBWD3",1.027,0.722693771662019
"ZFATAS",0.928,0.722799980813205
"LIMA1",1.042,0.722807478034193
"TRPC4",1.026,0.722809421322358
"CHRND",0.948,0.722873320152128
"TEX11",1.02,0.722880056369624
"SNX12",1.045,0.722880628126062
"MAGED1",0.96,0.722893733104299
"MBD5",0.956,0.723047888748007
"THEM5",1.022,0.723129432056816
"FAM71C",0.909,0.723275123576294
"CDH22",1.024,0.723328895373516
"NRIP3",0.983,0.723404025431041
"BANF2",0.945,0.723439963214243
"LOC285033",1.05,0.723450812089696
"EPB41L2",0.973,0.72351202269073
"ZNF135",0.981,0.723593257510396
"LMOD2",1.05,0.723799117698893
"RDH8",0.935,0.723801343499645
"PROM2",1.021,0.723875703653254
"ZNF702P",1.021,0.724559669102506
"APPL2",0.955,0.724562715575901
"CDC42EP4",1.038,0.724603436379528
"XPNPEP2",0.982,0.724668746619969
"TMEM2",0.962,0.72487549334314
"MEG8",1.052,0.725009004232676
"SPINK4",0.988,0.725083916310391
"PHYHIP",1.02,0.725088951596154
"SERINC3",1.05,0.725221629470546
"ZNF398",0.94,0.72531124258343
"TUBBP5",1.016,0.725341682180384
"PBLD",0.979,0.725402871993569
"EYS",1.016,0.725423926189537
"HDX",1.023,0.725508520078138
"VIT",0.977,0.7256557994166
"MAP4K5",1.052,0.725727558393268
"CYP2B6",0.986,0.725811923275195
"SRMS",0.986,0.72583167631445
"SVOP",1.022,0.725910369429832
"USP46",1.047,0.725951137499806
"LOC645431",0.976,0.72597640101302
"IMP3",1.054,0.726496751673504
"PPFIA3",0.977,0.726585152769974
"IL1RN",1.018,0.726588352180512
"SP5",0.986,0.726709281901754
"PPP2R5D",0.941,0.72676742332656
"C19orf6",1.045,0.726848584938759
"BCAT1",1.016,0.727083581394198
"ALG1L",1.014,0.72723681904034
"DHRS4L2",0.963,0.727245777484154
"PDE6D",1.054,0.727273898362315
"FIZ1",1.049,0.727280613492902
"DYNLT1",0.962,0.727600228436247
"NCRNA00235",0.967,0.727631620393383
"PRSS1",1.01,0.727663884466166
"TRPV3",1.017,0.727700104003103
"HAND1",1.015,0.727733870839456
"NUB1",0.942,0.727822543911865
"CTTNBP2NL",1.045,0.727916846763004
"ADAMTS16",1.014,0.72802618885661
"CD164",0.953,0.72806594829492
"DLL3",1.01,0.728076783398
"SRF",1.056,0.728127376509253
"FAM32A",0.938,0.728134929635458
"LARP7",1.08,0.728180162590538
"C1S",0.975,0.728327145493373
"MYO1A",1.015,0.728360302795485
"ANK1",1.016,0.728499993115323
"LOC643677",1.034,0.728554972150517
"PRELID2",1.027,0.728561912637065
"CA14",1.022,0.728671493176737
"RASL11B",0.983,0.728748488740832
"IRF3",0.953,0.728908691026814
"IQUB",0.983,0.728958143479144
"TRMT1",0.961,0.729030602093328
"PAGE2",0.988,0.729132289643313
"AGBL2",0.984,0.729183054392106
"AGPHD1",0.974,0.729211643855476
"PALM",0.978,0.729228958877309
"FAHD1",1.052,0.729314487664718
"CCDC134",0.956,0.72940931874597
"PM20D2",0.966,0.729476150486372
"SENP5",1.054,0.729513096567059
"LOC728640",0.947,0.729533824571431
"PRG1",1.057,0.729664388864426
"CDC42SE1",0.945,0.729718569905795
"ATF3",0.98,0.729812720807837
"DNAJA4",0.977,0.729815016145356
"HOXA2",0.98,0.729818603961124
"IRF2",0.945,0.729845282511697
"ATP6V1B1",0.988,0.729946022859696
"NOMO3",1.035,0.730010057827166
"ZNF716",1.018,0.730017869422419
"UBR5",0.959,0.7300231434421
"FBXL17",1.041,0.730140602200148
"MKRN3",1.011,0.730312456932365
"COBRA1",1.062,0.730521937879367
"GBAS",1.037,0.73112297892403
"IKBKE",0.966,0.73139653718852
"HDHD3",1.036,0.731471604936177
"PTPDC1",0.957,0.731526197319547
"FTSJD1",0.956,0.731529793079113
"CXCL11",1.013,0.731922517910557
"B3GNT2",0.956,0.731949821051531
"HK1",1.053,0.732139125539858
"FAM84A",0.985,0.732277288910194
"C16orf53",0.952,0.732322520906137
"PRR5L",0.978,0.732348778623858
"LRRC15",1.012,0.732406246570542
"MNS1",1.022,0.732421698462099
"FGF16",0.909,0.73259267410501
"TMEM92",1.021,0.732644750682964
"TIGD6",0.953,0.732831320814172
"SLC7A14",0.97,0.732887121996354
"EIF3G",1.053,0.732965368792607
"ZFP36",0.978,0.732971529334957
"STUB1",1.049,0.733030523405775
"MGC16142",0.96,0.733136310213575
"SNX5",0.949,0.733334536276321
"ITGA3",1.023,0.733457200365152
"RPN1",0.944,0.733567189162298
"FOXC2",1.021,0.733593794664435
"KCNJ2",0.979,0.733600461668295
"TLK2",1.069,0.733771726291629
"LOC100134713",0.959,0.733892810464643
"HSPA12B",0.977,0.73396785047956
"FKBP2",0.967,0.734026732032465
"ZNF226",1.047,0.734072390630947
"GLIS2",0.97,0.73419622826088
"TAL2",0.961,0.734247898648315
"DUS1L",0.961,0.734274948439943
"SPG21",0.936,0.734387063119203
"DYRK1B",0.964,0.73448500189341
"TCTN2",0.962,0.73452575569624
"LIN52",0.96,0.734607260117039
"SLC18A3",0.984,0.734781955867232
"CFL2",1.033,0.734984010185717
"JRK",1.033,0.735031870394105
"ZNHIT6",1.037,0.735138176026235
"PAGE5",0.985,0.735166272322261
"CMBL",1.015,0.735186747921894
"PLSCR2",1.028,0.735187416124853
"MRPS28",1.031,0.735197630545172
"DMP1",1.026,0.735235522880257
"CNTD2",1.012,0.73552168092508
"PDGFD",0.98,0.735655608590232
"STK39",0.972,0.73595668365912
"TBCK",0.953,0.73608262181518
"SLC30A5",1.052,0.736146401455258
"MAX",1.067,0.736303451178088
"C2CD4C",0.985,0.736444416859683
"KRTAP5.10",0.967,0.736639572829423
"MTA1",1.04,0.736715036510768
"DISC1",1.032,0.736901610355853
"SEC61B",1.046,0.736910336053216
"BCL2A1",0.981,0.736938759599732
"ZNF609",1.042,0.736983855070874
"TCF15",1.022,0.736986242585004
"PTDSS2",0.96,0.737001231737748
"SLC12A2",1.02,0.73726985734019
"ABCB10",1.05,0.737352948709571
"ABCG8",1.028,0.737387638090631
"BCL2L11",1.045,0.737645519638177
"TMEM126A",1.043,0.737774474706881
"MRPS14",1.052,0.737868129826119
"ADD1",1.062,0.737955801956357
"TAS2R13",1.057,0.738216210161867
"C17orf49",0.95,0.738273540504532
"TTC37",0.956,0.738274063662261
"MRAP2",0.987,0.738303106349069
"GPATCH1",1.044,0.73833360906392
"SLC13A4",0.981,0.738335337821529
"SPRR2C",1.013,0.738438187304054
"ARMC10",1.05,0.738740837514559
"ARL6IP5",0.965,0.738830192469948
"ZNF468",0.964,0.738838569429648
"CD55",0.981,0.738989051876208
"RNF219",1.049,0.739222488096279
"RFX7",1.046,0.739309156200888
"ZNF746",1.062,0.739311155643757
"E2F6",1.049,0.73935720789809
"CCDC120",1.035,0.739396906651965
"LOC646627",0.952,0.73942631505408
"PASK",0.968,0.73948500436843
"IFT81",0.968,0.739504917978269
"TRO",1.02,0.739586997068967
"RPS28",0.992,0.739631514696082
"SKIV2L",0.952,0.739817414686955
"SKIV2L2",1.05,0.739862323500837
"CPLX4",1.048,0.740040962909474
"USP9Y",1.006,0.740146855204156
"SIX3",1.013,0.740291862204603
"LRRC32",0.976,0.740321996404752
"ACOX1",0.95,0.740495910160929
"KLHL28",0.96,0.740704710631473
"GRIA3",0.976,0.740857234817297
"PACSIN3",1.027,0.740877263698927
"KPNA6",0.947,0.741125995055103
"FAM58A",1.036,0.741304869658385
"VSIG1",1.008,0.741408707155278
"NDUFA4",1.035,0.74141672016804
"BPNT1",0.959,0.74151821640135
"RICTOR",1.038,0.741523683276742
"UFC1",1.046,0.741555878947612
"GRAMD1A",1.036,0.74160606083956
"UBL5",0.963,0.741730645789138
"SH3BP5L",1.057,0.741737351943361
"GDAP2",1.059,0.741921300466778
"TMEM160",1.028,0.741958290954318
"STX1B",1.018,0.741996571147305
"ALG13",0.952,0.742146058371325
"SF3A3",0.936,0.742237677505861
"ZNF585A",0.965,0.742300655506715
"PDE7A",1.038,0.742339686415014
"RAB6A",1.056,0.74240506044871
"TFPT",0.964,0.742619350807958
"MMP8",1.014,0.742695923452079
"CPOX",0.959,0.742696703972398
"AQP9",1.015,0.742782516521474
"MLL",0.967,0.742891593380112
"NAP1L1",1.051,0.742900683114395
"UGCG",1.028,0.742983174576181
"TRIM72",0.985,0.742997691164489
"SNRNP48",0.96,0.743106437419853
"WBSCR28",0.985,0.743126180103929
"SNX32",0.979,0.74317314139848
"UNC119B",0.969,0.743190539380961
"LY6G6D",0.927,0.743387316524856
"LOC100101938",0.935,0.743524072972509
"SRGAP2",1.036,0.743559222185381
"ZNF623",0.962,0.743610425437215
"DNAJC3",1.04,0.743653039885501
"SLC9A8",0.959,0.743722018313187
"TCF7L2",1.042,0.743766859351992
"BCL2L15",1.014,0.743926523898297
"KIF22",1.037,0.744007151477939
"HSN2",1.018,0.744047704729344
"DZIP1",0.978,0.74406739311669
"MBNL2",0.961,0.744147614804314
"ZMYND19",1.039,0.744218207904615
"C8orf73",0.983,0.744261692926096
"ROMO1",1.029,0.744316714406839
"PRSS50",0.988,0.744346815625156
"RILPL1",1.046,0.744453815047056
"TMEM74",1.015,0.744533820441683
"CXXC5",1.032,0.744567816974388
"LOC220429",1.027,0.744590563925325
"CUEDC2",0.947,0.744660705320745
"PPP1R7",1.058,0.744684604474921
"MGC2889",0.977,0.744740630155448
"INPP1",0.967,0.744753588430411
"TNFRSF9",0.985,0.744761662722734
"IL4",0.951,0.744786483505075
"LOC284233",1.015,0.744997365372155
"CFB",0.985,0.745146437878558
"ST3GAL2",0.967,0.745206888532789
"BBS4",0.963,0.745306194758176
"SURF6",1.044,0.745314797072711
"BEND2",0.923,0.745378035498249
"GYG2",0.983,0.745439326118162
"SLPI",0.989,0.745494184860082
"GPBAR1",0.979,0.745553134109116
"FAM135B",0.985,0.745597548050734
"FBXW11",0.959,0.74562936110846
"PTX4",1.049,0.745693973881644
"GCNT1",0.981,0.745746979519533
"ZP2",0.981,0.7458237009062
"TMEM216",1.047,0.746242880767862
"MAP2K6",1.017,0.746245462928538
"AGAP1",0.968,0.746448318206874
"HIGD2B",1.045,0.746513295534753
"CNN1",0.984,0.746625582071493
"NOVA2",0.976,0.74672403488035
"ODZ4",0.983,0.746740756104496
"C2CD3",0.961,0.746831316262636
"CORIN",0.984,0.746832048440139
"DLGAP1",1.012,0.746907470423503
"FAM24B",0.978,0.74702396525122
"MRPL36",1.032,0.74702813346262
"LNX1",0.974,0.747098347668919
"PRRG4",0.974,0.74716471689921
"ACACA",1.036,0.747302454908915
"ABCC9",0.982,0.747312737564976
"TRIM49L",1.045,0.747368937987764
"POLRMT",1.045,0.747433847379469
"C11orf17",1.053,0.747533174372745
"DDX55",1.042,0.74763855641638
"TSPAN16",1.066,0.747649683773024
"TOM1",0.957,0.747657308208479
"KDELR3",1.025,0.747722670080418
"GOLGA8C",0.982,0.747941724562279
"PNRC1",0.956,0.747969483813543
"BLOC1S1",0.965,0.748016178829826
"XAF1",1.02,0.74806182124467
"CDH13",0.981,0.748158407515554
"CLCA2",1.01,0.748205248048671
"HKDC1",1.013,0.748407078895454
"ATE1",1.029,0.748507738223597
"C19orf77",1.01,0.748866070182391
"GPR137",1.041,0.748883936908615
"PLEKHA3",0.942,0.748939093962597
"UBXN10",0.987,0.749003227691059
"PHF13",1.05,0.749077669194558
"ARL5A",1.043,0.749274865898702
"DUSP19",1.028,0.749285607991403
"PRICKLE3",1.042,0.749289205704381
"ZNF30",0.968,0.749356298868983
"LOC642597",1.03,0.749367041091713
"TTR",1.01,0.749490937842313
"ESR1",0.986,0.749632399122016
"C1orf123",1.05,0.749941226514476
"EHMT1",1.047,0.749941670016283
"LMTK2",1.026,0.750001749501602
"RAG1AP1",0.973,0.750026774439895
"MON2",0.952,0.750248184835617
"ZMPSTE24",0.952,0.750378880324242
"EDIL3",0.987,0.750497110026045
"GLIS1",0.981,0.750556644171576
"STOX2",1.018,0.750718610262792
"C11orf49",0.967,0.750722020662628
"KIAA1432",0.962,0.750740498228679
"SPINK5",0.991,0.750970895389718
"ZCCHC10",1.042,0.751222102473752
"NGFRAP1",1.025,0.751376499912463
"PCDHA6",1.013,0.751448645241408
"ZNF496",1.038,0.751752642576296
"LOC220729",1.032,0.751871330295383
"ABHD12B",0.983,0.751873557959192
"AWAT1",1.036,0.751904066148121
"RAB8A",1.06,0.751912535555888
"C20orf117",1.025,0.751973773345294
"RNF144A",1.032,0.751997870059473
"B4GALT5",0.962,0.752387973412015
"GPR85",0.98,0.752424299365178
"NAPRT1",0.98,0.7524385810498
"LOC285733",1.072,0.752512344436356
"PDGFRL",0.98,0.752526672802288
"JDP2",0.967,0.752565725117649
"COQ6",1.046,0.752659922068701
"SIM1",0.982,0.752775569133525
"LOC339240",0.956,0.752950789530436
"MPRIP",1.035,0.752954167870467
"SHD",0.977,0.753101586529107
"TXN2",1.045,0.753207973135079
"KLHL18",1.057,0.753227200001624
"SOHLH1",0.982,0.753345936022337
"TAF3",1.042,0.753381144575844
"C1orf43",1.038,0.753620996801136
"MRPS23",1.035,0.753715452995923
"ARHGEF7",0.953,0.753725443242309
"FOXA1",0.981,0.753749281832203
"C9orf142",0.969,0.753999989998603
"AMAC1L2",0.971,0.754134116967228
"FAM66E",0.966,0.754134429569381
"UPF1",1.043,0.754168145003332
"SLC16A7",1.015,0.754249186879135
"SOX7",0.982,0.754324201319318
"FLJ32063",1.048,0.754421636883301
"TBPL1",0.96,0.754488453535016
"ZPBP2",0.978,0.754567692369075
"SMAD1",1.032,0.754568586291707
"C9orf43",0.977,0.754677538887701
"GADL1",0.979,0.754776454822206
"GPS2",1.048,0.754866128528213
"NKX6.1",1.018,0.75487970219
"C14orf174",0.982,0.755182784082467
"PRSS27",0.983,0.755228451857493
"UTY",1.006,0.755313861786566
"TTTY14",1.016,0.755561001517651
"PCDHGB3",1.016,0.755748356365651
"LRRFIP2",1.057,0.755858542224207
"UPF2",0.959,0.755917537605866
"MEMO1",0.959,0.755944180214604
"ESPNL",0.987,0.75596271596988
"IFRD1",1.026,0.7559734265136
"CASP7",1.042,0.756157480810202
"RBMX2",0.954,0.75632398664564
"EYA1",1.011,0.756374123901403
"FZR1",1.051,0.756380393374075
"PFDN6",1.035,0.756475431831247
"ADAD2",1.019,0.756540910133682
"SIP1",0.973,0.756711627722607
"BCL3",0.975,0.756723412774112
"CMPK1",0.953,0.75681013149912
"PKLR",0.975,0.757184526917019
"CHP2",1.011,0.757272266555913
"TAS2R20",0.974,0.757294731325297
"RIMS4",1.012,0.75733923594535
"ELTD1",0.975,0.757366503147262
"HHLA3",1.024,0.757425854415025
"RPS9",0.969,0.757699329000278
"TMEM26",1.021,0.75802599014376
"FAM35B2",0.955,0.758165879811161
"MZF1",0.973,0.758179840961272
"UBE2O",0.958,0.758238210636329
"ZNF813",0.974,0.758411966301252
"DPEP1",0.988,0.75850614387743
"C9orf106",0.973,0.758592570445535
"NDUFS3",0.956,0.758667864266279
"ZZZ3",0.958,0.758862045733465
"CCDC88A",1.027,0.758866909750109
"MME",0.987,0.758876781388375
"AGT",1.011,0.758905260789473
"SHANK3",0.974,0.758931722418649
"ELOVL1",1.049,0.758992379449103
"KCTD20",0.963,0.759043682897744
"ENTHD1",0.984,0.75959177942356
"AZI1",0.975,0.759646712424488
"TMEM18",0.957,0.759761301998575
"FAU",0.966,0.759796127195012
"MUC4",1.009,0.759860536148255
"SAP18",1.044,0.759886171392828
"TMEM39B",0.951,0.759890728856765
"GRLF1",0.968,0.760035035865705
"SLC35D2",1.038,0.760100685762231
"TRIL",0.983,0.760111088499381
"NOM1",0.955,0.760143565303139
"PTPN23",0.956,0.760213791728681
"HERC2",0.969,0.760373515815098
"PLEKHF2",0.965,0.760453723103668
"NKAP",0.944,0.760507618246994
"C6orf59",1.021,0.760520217447845
"TIGD2",0.968,0.760529040515528
"HIPK2",1.023,0.760536590635618
"ETV3",0.977,0.760557122398419
"C4orf19",0.989,0.760756854252836
"C6orf108",1.03,0.760824567808419
"AMMECR1L",1.065,0.760824652351808
"C8orf45",1.021,0.760845208699768
"TPCN1",0.967,0.760876503992735
"TUSC3",1.016,0.760927282541825
"CCNO",0.986,0.761101178618714
"ABCC3",1.016,0.761118478017833
"LGALS7B",0.99,0.761178292142734
"LOC653566",0.955,0.761200797055376
"ADRBK1",0.958,0.761320417975565
"TIAL1",0.946,0.761465122637022
"LOC284688",1.051,0.761661579741608
"TMEM185A",0.952,0.761851270378278
"SLC35B2",1.041,0.761886922538408
"DLEU2L",0.975,0.761916704304147
"CCL21",1.013,0.762072342472358
"PRY2",1.06,0.762146300718537
"DGCR10",0.984,0.762259867846894
"RALYL",1.025,0.76230895400812
"TLX1NB",1.053,0.762362018263842
"NUP98",1.06,0.762692944783744
"LZTR1",0.964,0.762838282637025
"GPER",0.983,0.762938885393836
"FLJ30679",1.031,0.763101183103752
"SDS",1.014,0.763148100490246
"CLTA",1.044,0.763153039317765
"DRAM2",0.96,0.763200730840823
"ITGB6",0.984,0.763251606891247
"CLEC4D",0.984,0.763497874278015
"ANKRD42",0.965,0.763700820138516
"KRT84",0.906,0.763759635644055
"EFCAB3",0.969,0.763964876611345
"EDARADD",1.016,0.764023074353615
"SUN2",0.962,0.764234689677711
"RBP7",1.018,0.764313909327577
"SDK2",0.987,0.764346880471252
"FBXL6",0.974,0.764358702313963
"HTR7",0.982,0.764544225214331
"ZNF830",0.943,0.764547214394077
"MTOR",0.958,0.7647082735107
"RRH",1.028,0.764720512104267
"C7orf50",1.03,0.764754186038492
"PCDHA2",1.016,0.764779931727833
"SLC39A5",1.01,0.764955525251373
"WIPF2",0.961,0.764971997200595
"CTR9",0.953,0.764978470828465
"TMCO7",0.958,0.76498444805622
"SHARPIN",1.032,0.765104298042918
"JMJD1C",1.042,0.765159937335583
"SLC12A6",0.965,0.765200822817425
"AADACL2",1.038,0.765205274106453
"DUOX2",0.99,0.765370473698643
"C14orf37",0.983,0.765433659519941
"SHQ1",1.055,0.765467863941104
"RMND5A",0.959,0.7656684289195
"DND1",1.039,0.765704693324251
"MYO18A",0.973,0.76574215950292
"TBC1D14",0.958,0.76589173415084
"CANX",1.038,0.765934600520102
"NR1H2",0.955,0.76600138982674
"KATNAL1",0.969,0.766010862813402
"RPL27",1.024,0.766099558189937
"NPTX2",0.99,0.76623963740164
"EZR",1.032,0.766328371788183
"BRPF1",0.954,0.766365321141789
"CFC1B",0.969,0.766371121669333
"SETDB1",1.047,0.766510148495648
"DDC",1.007,0.766535070955575
"GIF",1.032,0.766793510487368
"IL4I1",0.985,0.766799815035205
"ASB5",1.02,0.766938659166704
"DPY19L2",0.986,0.767030731064297
"CDAN1",0.962,0.767080998707109
"BEND4",1.015,0.767084166890074
"MAP1A",1.017,0.767151788329489
"GJC2",1.021,0.767184196987755
"MUM1L1",1.009,0.76739186479618
"PRKY",0.993,0.767413037926075
"ALDOC",0.984,0.767603239621397
"C1orf125",1.021,0.767611601602798
"C20orf29",0.959,0.767646851135086
"LOC100124692",1.021,0.767682579760374
"TMEM121",1.019,0.767760767655006
"C12orf4",0.961,0.767860493762789
"PIWIL2",1.014,0.768062048040554
"OPN1SW",1.025,0.768123143261548
"NPR1",1.016,0.768173880933342
"GOLGA3",0.965,0.768237562948961
"UGT1A10",0.991,0.768358159592945
"FLJ33630",0.965,0.7684016611565
"MTFMT",0.953,0.768554928347951
"FOXRED1",1.037,0.768572713279102
"DGCR8",0.955,0.768599296532077
"VANGL2",1.013,0.768663981388748
"HIP1R",0.972,0.768795816927432
"CCL15",0.99,0.768825574335642
"ZNF205",1.035,0.768837232430977
"ECHS1",0.959,0.768882327033969
"EPN2",0.963,0.768909868431403
"UGT1A9",1.007,0.768923480942166
"CHD8",1.042,0.768925254560985
"KIAA0831",0.956,0.769019275475256
"MAGEC2",1.007,0.769146505549155
"SLC4A3",1.013,0.769478119965257
"PEX11A",0.971,0.769680374051574
"TIMD4",0.986,0.769743145880666
"SATL1",0.965,0.77019324926038
"CCDC25",0.955,0.770210776219081
"PARN",1.038,0.770252486162457
"ZFYVE19",0.967,0.77031950483284
"CLK2P",0.972,0.770344551141817
"EARS2",0.961,0.770481654443931
"PRPH",0.984,0.770751042167457
"PCDHGA6",0.984,0.770882678936578
"TRAPPC9",1.033,0.771041995356237
"MAGEA2",1.006,0.771112712128941
"LHX9",0.99,0.771132709790803
"TCL1B",0.977,0.771319744631563
"SPDYE2",0.977,0.7714679688617
"PNPO",0.958,0.771621204803682
"ZMYND8",0.967,0.771634382746437
"GLB1",0.96,0.771647143575306
"TMEM31",1.023,0.771984872904705
"ZNRF1",1.038,0.772004410604317
"AASDH",0.96,0.772466734684779
"PLEKHG5",0.978,0.772581022719266
"DHRS2",1.009,0.772603844371341
"NDUFV3",1.046,0.772604517591917
"C8orf30A",1.031,0.772705005969755
"C4orf3",0.953,0.772760807580555
"PSMA8",0.974,0.77295819916973
"PPP2CB",1.041,0.772986711635997
"C9orf57",0.939,0.772995357909465
"C10orf88",0.954,0.773243443158671
"DPH2",0.96,0.773379505666103
"SLC38A7",1.033,0.77338590685738
"FTCD",0.988,0.773408716888605
"MAVS",0.966,0.773669397198927
"THEM4",0.968,0.773724784463289
"ARFIP1",0.953,0.773885040682271
"NCRNA00086",0.988,0.773893991181607
"APLF",1.028,0.773971930519549
"GTSF1",0.991,0.773982350624366
"RHBDL1",0.987,0.77399613358996
"C20orf27",1.032,0.774199361673589
"PDE6C",1.059,0.774234246364645
"VAPA",0.966,0.774328951996596
"KIAA1712",0.958,0.77435473381589
"SGMS2",1.023,0.774497639103408
"NAA11",0.988,0.77451896007912
"APOE",0.985,0.774600345380272
"IL10RB",1.036,0.774611157878219
"SYT14L",1.067,0.774667486266269
"TRIM45",1.022,0.77485106658193
"GATAD2A",0.957,0.774870546501002
"FABP5L3",0.965,0.774886587702485
"SLC35A4",0.952,0.77493387392426
"SLC22A1",0.979,0.775052735976878
"SERPINB13",1.011,0.775116227404316
"TYW3",0.956,0.775184306406539
"AP3M1",1.05,0.775272423793678
"PMS2L5",1.035,0.775320526921815
"FFAR3",0.982,0.7754502113077
"GAGE2D",0.991,0.775454845684613
"NCRNA00219",1.028,0.775494358865929
"OR7C1",0.969,0.775541935334895
"GCGR",0.983,0.775554527201814
"ANKRD27",1.038,0.775569001090966
"BTBD12",1.031,0.775588043796241
"C20orf46",0.981,0.77563575149116
"TFE3",1.049,0.775876128096153
"KEAP1",0.965,0.775890786039912
"AARS",1.039,0.775899529304848
"LINS1",0.958,0.775915941619696
"HTATSF1",1.044,0.775973139887977
"IPP",0.963,0.776047776894176
"INA",1.008,0.776123465699828
"SPNS2",0.984,0.776125017977551
"KANK4",0.988,0.776181592996977
"BATF3",1.016,0.776193073093117
"ZNF653",1.037,0.776221908558992
"HRNR",1.016,0.776248857005315
"C11orf58",0.955,0.776287045037038
"RPS13",0.968,0.776485409553805
"HSPA1L",1.034,0.776578709017645
"SLC2A14",1.016,0.77661698033063
"KIAA1024",1.02,0.776650156107557
"TNFAIP8L3",0.981,0.776720428738012
"NCRNA00119",1.035,0.776745230980469
"KRT37",1.042,0.776925781782189
"RNF24",1.029,0.776994689035565
"CLYBL",1.02,0.777034606089475
"KLHDC8A",1.013,0.777078600230764
"PIM1",1.029,0.77714294403549
"EIF4G2",0.95,0.777185591967361
"RNF17",0.975,0.77726381519933
"PCMTD1",1.04,0.777368515710241
"LHX4",0.979,0.777479098611918
"UBD",0.99,0.777514108609659
"MDS2",1.023,0.777622433532917
"CSRP2BP",0.956,0.77768733549658
"EFTUD1",1.048,0.777708783888871
"TSPAN33",1.019,0.777742336089006
"FBLN2",0.984,0.777748961714662
"IFIT1",1.013,0.777783950018961
"HPS6",1.049,0.777809699931194
"LCMT2",0.962,0.777815777628992
"DHX29",0.963,0.777938346744558
"COTL1",1.021,0.777975629124692
"CLP1",1.056,0.778140328860437
"FAM100A",0.965,0.778477322093692
"LY6E",0.984,0.778557857158399
"C3orf39",1.034,0.778572006274893
"RDH12",0.984,0.778576344523279
"GLT8D2",1.017,0.778762858264178
"TIAF1",1.025,0.778772104866204
"SAMD11",1.015,0.778833227897702
"TMEM136",1.027,0.778841691746636
"DDX11L2",0.986,0.778942521233593
"KCNE1L",0.982,0.779004042499448
"NCRNA00176",0.985,0.779024640486539
"IL19",0.983,0.779061923591203
"QRSL1",0.96,0.779116304375531
"ALPK2",0.988,0.779343442620219
"ATP6V1C2",0.986,0.77952069658381
"DKFZP434L187",0.978,0.779526746231422
"SNORA71B",1.092,0.779558278398748
"AJAP1",1.016,0.779607371143997
"NCRNA00204B",0.979,0.779624167958591
"MRPL23",0.971,0.779643175357794
"RASL10B",1.013,0.779649390722561
"TUBB2C",1.032,0.779741200585979
"TMEM144",1.029,0.779776474968154
"KDM3B",1.042,0.779804084092286
"ENTPD6",1.034,0.779822237159716
"GABRR1",1.011,0.779830145108907
"C5orf39",0.98,0.779852246673609
"HAUS4",0.969,0.7799744326408
"PODXL",1.027,0.780035235438307
"CYP3A43",0.96,0.780055895264914
"NAP1L4",1.056,0.780128991800882
"C11orf57",1.051,0.780168937370844
"OSTCL",0.974,0.780240710166519
"BTG3",0.974,0.780263564707476
"PDRG1",1.036,0.78037803650844
"GRIN3A",1.019,0.780421703036377
"CXorf26",1.044,0.780503602320921
"C15orf52",0.982,0.78051378527271
"NUDT12",0.978,0.780617500592198
"DNMT3L",0.934,0.780678040303788
"GOLGA9P",1.028,0.780734663394027
"ARL1",1.041,0.780781614363481
"PTPRG",0.983,0.780806395662159
"HCG4",1.012,0.780830849473307
"ASNA1",0.964,0.780930555575191
"SYN2",0.986,0.78095124109446
"BMP4",1.013,0.781052062751004
"SBK2",1.025,0.781062252853624
"ZNF180",0.96,0.781108691391158
"FAM108A1",1.035,0.781109774150098
"MAPK3",0.961,0.781137461468219
"LEAP2",0.978,0.781144543007786
"FAM188B",0.972,0.781205620974978
"RNF187",0.956,0.78125008969873
"GABPB2",0.97,0.781299498738259
"LOC154822",0.991,0.781325212402474
"KCNC4",1.024,0.781349988399932
"SLC6A11",1.009,0.781373473052908
"TNS3",0.972,0.781412421059765
"RPS27A",1.033,0.781474466914187
"C1orf59",0.984,0.781478970234452
"ZNF283",1.03,0.781495258894792
"RNF152",0.981,0.781614405532013
"LRRC45",1.028,0.781648624258085
"POLR3H",0.977,0.781684439645667
"SUSD1",1.031,0.78180176544843
"TRPC4AP",1.064,0.782001823883405
"CST4",0.991,0.782088478463609
"DDRGK1",0.97,0.782152486030881
"ELOF1",0.962,0.782249578883558
"ROCK2",1.025,0.782303441018042
"UBE2B",0.96,0.782350834984857
"FAM26E",1.019,0.782356543341026
"C3orf48",0.963,0.78249941421399
"ATP8B5P",1.03,0.782547233469244
"LAMC3",0.986,0.782561366099523
"MRPL38",1.037,0.782631377631935
"CHMP4A",0.961,0.782640774976037
"NGDN",0.961,0.782752455507787
"ABLIM2",0.986,0.782770638112723
"RPS7",0.974,0.782773085806025
"KIAA2013",0.95,0.78281467344169
"TMPRSS15",1.019,0.782908390027014
"METTL1",1.026,0.782926220316247
"ISLR",0.985,0.783003157140505
"C5orf25",0.976,0.783126690633478
"FAM175B",0.946,0.783172101430451
"ECD",1.058,0.783589801037107
"SLC24A2",1.015,0.783619568032128
"ILKAP",0.955,0.783620812771926
"KRT31",1.023,0.783777478425901
"ABCB8",1.037,0.783819608578651
"LOC401397",1.032,0.783892799947675
"DOK7",1.013,0.783985532453747
"IFNGR1",0.974,0.784027013426289
"BLMH",0.973,0.784391977697754
"PLCE1",0.984,0.784620750508772
"CA5A",0.978,0.78477923354485
"GADD45B",1.02,0.784930470153551
"BRF2",1.031,0.784948719474057
"SP8",1.008,0.78500728659821
"TRNP1",1.012,0.7850505587839
"CRHR1",0.988,0.785058563346543
"ZNF215",0.986,0.78510665615744
"NUP133",1.047,0.78513808850371
"CHD7",1.02,0.785236130950656
"SNORD97",0.969,0.785529326602334
"FAM83C",0.981,0.785548843176823
"ZNF365",0.984,0.785581300077017
"GPR56",1.02,0.785627218854228
"MGC70857",0.974,0.785656108027132
"HNRNPH1",0.96,0.78569847158825
"OR51Q1",0.932,0.785720794920262
"ITGB1BP1",1.04,0.78578123479964
"SPINK6",0.983,0.78579217949938
"SPSB2",1.021,0.785801774097406
"TYW1",1.052,0.785813148998931
"KIAA1107",1.029,0.785860544323404
"SNORA23",1.043,0.785954317491466
"C7orf4",1.027,0.785961967489706
"PIP5K1P1",0.975,0.785998188603197
"GATM",1.013,0.786024790263565
"ATF5",0.974,0.786320545262462
"ABCG4",0.978,0.786326489364964
"SLC38A9",0.968,0.786341453435349
"HP1BP3",1.044,0.786818008762046
"RAB12",0.964,0.786821054244375
"ADO",0.95,0.786895459555661
"UNK",0.957,0.787070955371628
"IRS4",0.983,0.787100919033981
"LCN15",1.012,0.787218549298845
"UQCC",1.044,0.787359507521351
"RDH14",1.056,0.787461124387143
"PTF1A",0.969,0.78747461178654
"C9orf5",1.03,0.787648787182605
"PCA3",0.961,0.788127338993702
"SCML1",1.021,0.78818997821616
"SNX17",0.953,0.788279010138866
"DLL1",0.985,0.788555845891773
"NME7",1.034,0.788581337885897
"MAPKSP1",0.958,0.78863348149911
"GBP6",0.991,0.78864151167119
"CHST15",1.022,0.788900652888641
"DPH3B",1.028,0.788915476869536
"TBC1D15",1.037,0.789018808431003
"ELP2P",1.024,0.789030985694984
"ROBLD3",1.032,0.789088019015537
"CENPJ",0.975,0.789106036590667
"CNOT6",1.039,0.789316371492004
"MPI",1.041,0.789330409890205
"CYB5R3",0.966,0.789358821532329
"ATP5O",1.034,0.789434313734105
"DOCK3",1.011,0.789448738323636
"C7orf40",0.978,0.789536469455841
"CCNJ",0.969,0.789651052907156
"MSN",0.976,0.789680213908963
"C16orf90",1.046,0.789879208271267
"EFR3A",0.969,0.789914824564568
"APOL6",1.025,0.790064482013658
"PSMA7",1.033,0.790196414778495
"SFMBT1",0.973,0.790252866739186
"LAGE3",0.975,0.790293965778497
"RYBP",0.958,0.790369939561988
"GUK1",1.027,0.790547122359772
"POP4",1.033,0.790754357707394
"RPS27",1.011,0.790798188341816
"LOC654433",0.991,0.79095798587185
"SLC39A6",1.025,0.79106399183047
"UBA3",0.959,0.791075587781556
"RPL31",1.026,0.79109214814049
"GDI1",0.96,0.791240086244268
"CLPB",0.968,0.791246201621009
"SUMF1",1.034,0.791283090493847
"C8orf33",0.969,0.791325515429238
"PARP2",1.032,0.791382693416968
"LOC100130238",0.99,0.791455756608091
"RNF222",1.015,0.791631034708084
"TBR1",1.019,0.791773603652913
"LAPTM4A",0.961,0.79200689547305
"CHST6",1.01,0.792076200961009
"TSPAN13",1.024,0.792183042329269
"SAMD7",1.049,0.792290565547229
"SCG3",0.991,0.792340991493759
"CDYL",1.04,0.792353075048487
"GJA4",0.981,0.792378779579996
"FBRS",0.964,0.792411854004437
"PLAC8L1",1.024,0.792450049563524
"PCSK5",1.014,0.792475160995402
"CNDP2",1.036,0.792486648638373
"MARCH7",1.05,0.79255204051123
"GNLY",0.988,0.792696013865172
"TMEM54",1.026,0.79273820587643
"COG6",0.963,0.792943942258829
"TTC30A",0.974,0.792975898860872
"CD274",1.012,0.79312929596419
"GALNT12",1.019,0.793394809938913
"CCDC136",1.016,0.793739499894695
"CHMP4B",1.047,0.793803438437704
"ZDHHC17",0.961,0.794005428031387
"X..653553",0.98,0.794582808032066
"ACCN2",1.014,0.7947148792464
"HULC",0.963,0.795034070238296
"GM2A",0.974,0.795054048300717
"APOA1BP",1.027,0.795106783313142
"MFRP",0.978,0.795148464330086
"GALR3",1.03,0.795375419361274
"TSPO2",1.018,0.795513036786442
"RAB26",0.988,0.795592576028701
"NTAN1",0.966,0.795718029411434
"STRA6",1.008,0.795855961124431
"LOC148189",1.027,0.796170479645545
"SAGE1",0.989,0.796393535876621
"ZC3H8",0.969,0.796459793445299
"USP45",1.037,0.796477555598448
"FLJ39582",0.983,0.796519241332508
"ADORA2B",1.017,0.79653515062791
"MTERFD2",0.959,0.796685823207674
"RECQL5",0.971,0.796699591227296
"FAM198B",0.984,0.796729435164891
"DTNA",1.013,0.796741747944981
"FAM59A",0.982,0.796772722364212
"TMPPE",0.974,0.797008916487803
"SMG1",0.971,0.79722025069571
"SEMA4F",0.975,0.797238494062045
"SAR1B",1.029,0.797339950592557
"PPP1R11",1.05,0.797514258221414
"THAP7",1.03,0.797552207891616
"OR5K2",1.032,0.797647455164591
"RFX6",0.989,0.797657937136373
"ZSCAN29",1.037,0.797791660687036
"EIF3CL",0.968,0.797863325391461
"DGCR14",1.037,0.797972527324447
"INTS3",0.967,0.798009381326061
"ECEL1",1.008,0.798010422247209
"RABAC1",1.027,0.798228918411404
"C3orf14",0.983,0.798240630990819
"NLRP6",0.983,0.798361822052265
"PGRMC2",1.044,0.798411795327083
"PINX1",1.033,0.798547478660078
"PCDHGA11",1.015,0.798625431389417
"THAP11",0.953,0.798628809082176
"GAD1",1.009,0.798654590026519
"BOD1",1.032,0.798766624730569
"EPHA5",0.986,0.798890904006038
"KIAA0391",1.027,0.798912848771314
"ETS1",1.021,0.798944997284866
"CLASP1",0.964,0.798984678098134
"SAR1A",0.95,0.79932672152513
"METTL2B",1.035,0.799359475157004
"DRGX",0.99,0.799450286524726
"DDHD2",0.972,0.799487707063075
"PAXIP1",1.035,0.799804454219259
"M6PR",0.96,0.799860986608296
"CD200",0.981,0.79990251910117
"ZMIZ2",1.028,0.799944232710674
"ADAM28",0.987,0.79997734323816
"C20orf94",1.021,0.800186177910696
"CSMD2",1.012,0.80038405235524
"C21orf62",0.979,0.80043933832229
"SUPV3L1",1.045,0.800530535329993
"C17orf62",0.963,0.800615975794789
"TTC1",1.037,0.80063964745391
"SRPX",1.015,0.80074146519616
"IL1F8",1.031,0.80076453122681
"FAM189A1",0.989,0.800891502127102
"ZNF618",1.022,0.800974497579851
"MTMR11",1.016,0.801118921724767
"IFNB1",0.971,0.80117450259899
"PRKRIR",0.967,0.801261401829895
"CLCN4",0.984,0.801477324299519
"PPY",1.038,0.801614869935757
"C16orf3",0.984,0.801833784122141
"AHSP",0.969,0.801894677853658
"TRIM43",1.028,0.801951045206413
"SGPP2",1.014,0.801982472570766
"TRAK1",1.034,0.80226522235837
"AQP11",1.021,0.802503186831488
"RPH3A",0.985,0.802548992497708
"PJA2",0.971,0.802638883489238
"RPRM",0.991,0.802711555581324
"TDRD5",0.993,0.802733562131293
"GNPDA2",1.033,0.802736380236156
"MRS2P2",0.98,0.802824294039504
"ITGB3BP",1.024,0.802827544104843
"LOC389458",0.989,0.802991269284233
"POLG2",0.965,0.802999327643742
"ANAPC5",0.96,0.803072890271768
"XPO4",1.036,0.803096605111512
"PGA4",0.985,0.803133380223108
"PPP1R3B",0.981,0.80316555412521
"VPS29",1.032,0.803274664794427
"DAXX",1.052,0.803394168608354
"GEM",1.013,0.803397505063679
"FAM171A1",0.985,0.803778930380603
"PAEP",1.004,0.80382576620342
"C17orf61",1.021,0.80382758873083
"C11orf67",0.973,0.803883010734451
"TASP1",0.968,0.803936368547367
"PTGIS",0.987,0.804069354991587
"MRPL2",0.969,0.804081808719436
"BAT3",0.964,0.804099132335915
"NOL6",1.035,0.804100572876734
"FAM111A",1.029,0.804109294333171
"TAS2R8",1.089,0.804340431574736
"DHFRL1",0.972,0.804369791264158
"MEG3",0.991,0.804588802747389
"OSTF1",0.963,0.804660307009002
"LGR6",0.991,0.804724159273873
"RASIP1",0.981,0.804837096448415
"MANBA",1.031,0.804960086564428
"SLC16A9",1.008,0.805023028696448
"ZNF235",1.031,0.805092395884787
"C6orf120",0.967,0.8050967646658
"TST",1.018,0.805266275042641
"COMMD9",0.963,0.805267212624941
"ZFPM1",1.018,0.805369786982178
"RBM22",0.951,0.805448602513865
"BEAN",1.01,0.805489220281675
"SLITRK4",1.011,0.805495081301379
"VPS13B",0.971,0.805584059201664
"ODF3L2",0.983,0.805764212498311
"PRPF38A",0.954,0.805958749698666
"AMD1",0.963,0.806487122046291
"C22orf30",1.032,0.806918807314474
"SH3D19",0.97,0.806947314080083
"SPATA2L",1.027,0.806947525744144
"POGZ",0.97,0.807022866765993
"PTCHD3",0.985,0.807094489917681
"C19orf63",0.972,0.807101433232894
"RNF169",1.029,0.807170494255728
"TIMM17B",1.026,0.807225840893766
"ZC3H12B",0.981,0.807234614857996
"TSTA3",1.022,0.807245474512325
"TRIM34",1.023,0.807379693403245
"C22orf13",0.962,0.807416382095825
"AMIGO2",0.988,0.807417045297969
"SLC30A1",1.025,0.80756932207054
"CGB7",1.012,0.807858966295453
"ASPHD2",0.985,0.807870318972092
"RPAP3",1.042,0.807943202614153
"ALDH8A1",0.985,0.807945072114856
"TP53AIP1",0.988,0.808019307420169
"MARS2",0.969,0.808020035767476
"RIC8B",1.043,0.808114519902096
"CCBE1",0.991,0.808145599102545
"LOC100128788",1.019,0.808186877571954
"SULT1A3",1.019,0.808194084915244
"PANX2",1.012,0.808228841018286
"ANXA9",0.985,0.808312438247849
"P2RY4",1.016,0.808421269041184
"SUPT6H",1.035,0.80843861142675
"YIPF1",0.964,0.808460591548502
"ZNF616",0.965,0.80853463302785
"PNPLA2",1.026,0.808545919196737
"CARD11",1.013,0.808570496515402
"ZNF234",1.03,0.808630801320646
"NONO",0.961,0.808631147856329
"SETD1A",0.968,0.808733390364863
"KLF12",0.983,0.808802763273452
"USH1G",0.99,0.808830578731041
"C17orf95",1.04,0.808889085239681
"SMARCC1",0.968,0.809002074593081
"OR10H1",1.018,0.809011058652978
"TMPRSS9",1.015,0.809151834132387
"NIN",1.029,0.809288910645076
"SUPT4H1",0.964,0.809291766126341
"LRRC23",0.98,0.809351531314351
"TRIB1",0.976,0.809434092360426
"RGNEF",1.013,0.809462965199926
"OBFC1",0.975,0.809464799315208
"C22orf9",0.97,0.809506739486886
"PCOLCE",1.016,0.809557154430398
"C10orf57",1.029,0.809565201484734
"C5orf33",0.97,0.809764665290917
"RPS18",0.98,0.80991493688276
"CDC5L",0.961,0.810034989870272
"RAB3IP",1.017,0.810232527784423
"GNASAS",0.984,0.810248825648531
"CNBP",1.044,0.810275340901383
"C1orf113",0.982,0.810453858640954
"SGMS1",0.978,0.810537448842598
"C21orf7",0.978,0.810612001514434
"AAA1",0.974,0.810628389869919
"ZNF415",0.985,0.810717342631198
"VRK3",1.046,0.810813829719498
"TUBA8",0.978,0.810828628741038
"RPS29",1.023,0.810839277478365
"RAI1",0.976,0.810923044018243
"ZFR",1.043,0.810943507359838
"C19orf29",1.036,0.811038743872619
"SSX5",1.012,0.811042346064921
"GALC",1.025,0.81114861676362
"NDST4",0.983,0.81125203758446
"ZNRF2",0.969,0.811410043118233
"GRIP2",1.013,0.81154769541873
"C6orf10",1.044,0.811801082053034
"C15orf54",1.016,0.812024087304624
"EDF1",0.969,0.812107905954142
"FAM86B2",1.011,0.812128540887399
"DMRTC1",1.013,0.812170952255368
"KHNYN",1.034,0.812293305565731
"TRAPPC10",0.962,0.812331015107459
"C17orf71",1.039,0.812429138273569
"TUSC5",1.023,0.812620770918933
"ATXN7L1",1.022,0.812634935410792
"KIF2A",1.023,0.812669562817129
"HCFC1R1",1.023,0.812672251735936
"MTG1",1.028,0.812683539953622
"C9orf129",1.021,0.812753000118272
"SPEM1",0.962,0.812773596652769
"HMGB3L1",1.036,0.812812839193137
"CYTH1",0.966,0.812817123012672
"RPLP1",0.975,0.812822016818788
"SPTAN1",1.031,0.812939957336568
"RPL7L1",1.037,0.81294827138389
"GNAQ",0.972,0.813190841929789
"FMO9P",0.986,0.813284565036214
"LOC90246",1.01,0.813304426175994
"C1orf144",1.052,0.813439882454166
"RPUSD2",0.964,0.813605802249162
"WDR20",1.048,0.813621806242079
"REPS1",1.035,0.814162942661066
"FAM26F",1.011,0.814172169540384
"HTRA1",0.984,0.814212977431705
"DTWD2",0.974,0.814219510915283
"C6orf208",1.017,0.814273885059845
"PEX12",0.966,0.81428081847983
"UBE2QL1",1.011,0.814525307106093
"SOHLH2",0.993,0.814842314453645
"NSL1",1.032,0.814969160951746
"PIGT",0.972,0.815499080417109
"C14orf118",1.03,0.815593990397799
"IFITM3",1.02,0.815744028044
"TMEM165",1.029,0.815779657291544
"GRHPR",1.036,0.815860939854998
"ARSD",0.984,0.816072422645294
"MRP63",1.026,0.816096270154642
"LOC286467",1.01,0.816197316085535
"GABRP",0.994,0.816299419078182
"OR2H2",1.026,0.81653137725133
"SERHL",1.027,0.817044638723465
"CHRNB2",1.01,0.817097059657345
"PLEKHA1",0.974,0.817193651786346
"IFITM2",0.982,0.81719403479658
"RAB39",0.987,0.817286841349523
"C6orf165",0.991,0.817310758146274
"ISX",1.009,0.817426309605432
"RPL27A",1.023,0.817537085284465
"ACTR5",0.967,0.817567077256674
"TTC5",1.024,0.817635015926475
"ZFP36L1",0.98,0.817812202350075
"C21orf67",1.015,0.818004704224491
"HARBI1",0.966,0.818049772876211
"C1GALT1C1",0.968,0.818209810121268
"AKR1C1",1.005,0.818214976008396
"CYorf15A",1.005,0.818523270395788
"MAN1B1",0.965,0.818592529608161
"NBR1",1.04,0.818629060614859
"TARSL2",0.974,0.818745604494976
"EBF1",0.984,0.818843365304455
"ZEB1",0.982,0.818891116318825
"CBWD1",0.975,0.818913245046307
"STT3B",1.026,0.819151193644149
"TRIM5",0.971,0.819214389129263
"PDS5A",0.959,0.819229226813153
"ALG1L2",0.983,0.819241301396538
"CPT1C",0.989,0.819337236279914
"ANKRD13B",0.985,0.819348929347799
"SP7",0.983,0.819394094234873
"FDFT1",0.977,0.819568346219557
"LOC100133669",1.011,0.81963401747596
"C13orf31",1.022,0.819666185441688
"VPS8",0.962,0.819667462671041
"FAM127B",0.974,0.819717482079324
"RRAGC",0.975,0.819738881095191
"ACTL7A",0.928,0.819811160809914
"ACADM",1.028,0.819841125920445
"VAT1",1.027,0.819919608999591
"C19orf2",0.97,0.820062905150452
"ITGA10",0.989,0.820169892598296
"KLF17",1.016,0.820482764217144
"SMU1",0.958,0.820503042417813
"CDH12",0.989,0.820513815112271
"SYT14",1.009,0.820566591777089
"ALG12",0.969,0.820575339875352
"CBLB",0.973,0.820637176328654
"IQCD",1.015,0.820741171494319
"TRABD",0.974,0.820981108523291
"EXD1",0.984,0.821123945007346
"SLC12A3",1.013,0.821158966344461
"SCNM1",1.027,0.821550593742359
"EPHB6",0.989,0.821627818026332
"ZNF766",1.038,0.821680252800465
"TMEM200A",0.986,0.821826319564392
"CLDN11",0.989,0.821859979345316
"CHIC2",1.035,0.822168565832219
"CNIH3",1.011,0.822244237222564
"FAM84B",1.019,0.822462851116357
"PCDHA5",0.99,0.822502577706091
"MTA3",0.972,0.8226674661886
"PPP1R10",0.965,0.822741115318599
"ASL",0.978,0.822762355344166
"CFLAR",0.976,0.822767153915156
"ARHGEF12",1.027,0.822794912477694
"CCDC144NL",0.984,0.822958025719104
"ZBED2",0.989,0.822990088621654
"EHD3",0.98,0.822998486872875
"TLX2",1.014,0.823037947468719
"FOXN4",0.991,0.823252960116965
"CCL8",0.991,0.823301183787755
"KCNJ16",1.007,0.823344439652575
"C3orf67",1.013,0.823406317364571
"ATF7IP",0.974,0.823497941660489
"PFKFB4",1.015,0.823854628324179
"NARF",0.972,0.824158281147688
"UNC50",0.965,0.824200905623231
"NCRNA00093",1.011,0.824214343345966
"RPL13P5",0.978,0.824403620185736
"ALDH9A1",0.969,0.824518817201222
"FABP4",0.992,0.824566060096749
"LOC100128554",0.978,0.824626103088006
"C11orf75",1.024,0.824709757590534
"RNASEK",0.969,0.824794498048444
"C6orf127",1.013,0.824852696635553
"GNL2",0.965,0.824980951416588
"STAB2",0.99,0.825010634742688
"HIST1H2AB",0.974,0.825303854108205
"C17orf102",0.968,0.825344556427401
"PSMG4",1.025,0.825349579010248
"FECH",1.023,0.825349843590249
"RIMBP3",0.986,0.825601120403744
"FAM131A",1.03,0.825753710721744
"DOC2A",0.993,0.825779170114956
"ACOT4",1.019,0.825837354235771
"JOSD2",1.022,0.82585146139953
"CLK3",0.965,0.825898581006389
"KRT12",1.016,0.825903427479361
"ZNF717",0.982,0.825929548732098
"OR2C3",0.964,0.826153758088955
"KDSR",1.037,0.82620554792517
"NDUFB6",0.974,0.82621593223148
"POLR2F",1.024,0.826466850005608
"RNF44",1.031,0.82668588846957
"IRGQ",0.975,0.826765186918963
"C2orf14",1.022,0.826897819210523
"AQP12A",0.968,0.826960674819194
"CASKIN1",1.009,0.826964611331697
"ORAI3",0.975,0.827348892549747
"NTN1",0.99,0.827466357078001
"TEX101",0.987,0.827548060869209
"HMSD",1.011,0.827689128115337
"RBM18",0.963,0.827800919289833
"NAT15",0.965,0.827869117902599
"CDKN2C",0.982,0.827910467468915
"C2orf69",1.035,0.827953272140003
"C6orf204",0.984,0.828055253806812
"CHN1",0.984,0.828227705974805
"C3orf63",1.039,0.828266161503428
"MIER3",1.031,0.82833869978889
"BTBD10",1.035,0.828352514094562
"MSRB3",0.986,0.82838220533924
"OR10H2",1.041,0.828445835100538
"STK11",1.02,0.828457620566628
"NDUFC2",1.03,0.828571809923337
"DGAT1",1.021,0.828605051763121
"ZYG11A",0.993,0.828706905606982
"PARK7",1.034,0.828730032683602
"OCRL",1.033,0.829070909387579
"USP47",1.034,0.829149639296744
"WDR78",0.99,0.829239340435252
"UBAC1",0.966,0.82931849672859
"X..645851",0.986,0.829322699039443
"VASN",1.014,0.829432594896892
"MED10",1.025,0.829449368212306
"GPR182",0.983,0.829508910072017
"ZNF423",0.987,0.829543762859448
"CSGALNACT2",0.973,0.829599703612977
"NAGA",0.968,0.829646575361485
"C16orf13",1.022,0.829796962253441
"PMF1",0.975,0.829797077188319
"PRPS1L1",0.978,0.830082967034248
"SUSD5",1.011,0.830229318633217
"GIGYF2",1.032,0.830272014566363
"SIRPB1",1.011,0.830530080515264
"TAAR1",0.975,0.83075479343405
"RNF170",0.974,0.830819713694097
"ALKBH7",0.979,0.830974919391933
"BTF3L4",0.972,0.831176200018933
"RBM23",0.957,0.831244716571533
"PCSK7",0.975,0.831408633485542
"CCDC52",0.974,0.831690703485704
"CCDC54",1.028,0.831720572762705
"PYGO1",1.013,0.831776157479073
"MAGEA12",1.005,0.831779292862441
"ZNF267",0.974,0.83178927238201
"CRISPLD2",1.016,0.831893246284686
"AP4M1",0.971,0.83201585682348
"MCHR2",0.981,0.832152689819065
"FAM123C",0.987,0.832244074561991
"ERAS",1.017,0.832319591907293
"TUBGCP2",0.963,0.832325521939338
"FKSG29",1.041,0.83242546260223
"SSPO",1.01,0.832455814323464
"KAT5",0.961,0.83264483155186
"CTDP1",1.032,0.832681785199932
"SLC27A5",1.017,0.832800800123712
"HEBP1",1.031,0.832843817533619
"C16orf92",1.073,0.832858129900296
"PTCHD2",0.992,0.833004317176673
"PNCK",1.008,0.833004369731149
"DCUN1D3",0.976,0.833140445198753
"MLANA",0.976,0.833226823328186
"MORC1",0.971,0.833255092183704
"AP3D1",0.971,0.833308560332539
"FAM107B",1.02,0.833377517182741
"HTR6",1.018,0.833399258641994
"ZFAND3",1.041,0.833512428631166
"GJC3",1.012,0.833524681808613
"TPTE2P1",0.987,0.833657861379505
"PLAC4",0.993,0.833722158239475
"GABRB1",0.985,0.8337281975726
"ESRP1",0.975,0.833814341468272
"KIAA0100",1.03,0.833825714832262
"CDKN2AIP",0.968,0.83404543041022
"KDM4DL",1.023,0.834099240938101
"N6AMT2",1.022,0.83426671772233
"RDH13",1.023,0.834271493103788
"NCKIPSD",1.032,0.834273812415817
"VCAM1",0.989,0.834305439894695
"SLMO1",1.018,0.83433819135444
"ZNF385D",0.988,0.834340024736523
"PRDX2",0.981,0.834341851885913
"IL1F10",1.03,0.834387862182478
"MYBL1",0.987,0.834506788308283
"ARFIP2",0.972,0.83467974181948
"TMPRSS12",0.97,0.834754850283957
"FOXO3B",0.974,0.834970294522151
"PSEN2",0.969,0.835009322578397
"FOXD3",1.009,0.835066650099267
"POLR1D",0.971,0.835115715351725
"RPS15A",1.02,0.835155682657273
"DLK1",1.005,0.83519120993828
"PNPLA8",1.031,0.835269955517872
"C1orf115",0.988,0.835285831424361
"STAT2",0.972,0.8354048449432
"DKKL1",0.989,0.83541163820566
"ST14",1.021,0.835515821302066
"MAGEB16",1.011,0.835913986418735
"UNKL",0.978,0.836042042677623
"BTNL3",0.986,0.8361206132392
"LAMP1",1.027,0.83618799019561
"MYO10",0.981,0.836225648001335
"C15orf21",1.02,0.836238805508621
"SLC39A2",0.986,0.836402713615234
"DOLK",1.038,0.83650118513797
"SLC7A6OS",0.968,0.836642434712998
"SMN1",1.013,0.836654574205799
"SHISA3",0.995,0.836753198865285
"LEPROTL1",0.969,0.83713731072905
"FAM163B",0.977,0.837161806910112
"AIF1L",1.012,0.83723792092192
"B3GALT4",0.979,0.837240303026038
"MX2",1.013,0.837292534427563
"CCDC155",1.01,0.837297799908883
"SRPR",1.034,0.837377758541146
"CST1",1.005,0.837380680556225
"ZNF646",0.973,0.837559325142669
"LOC283761",0.968,0.837564159917789
"FAM71E2",1.012,0.837645586987162
"POU3F2",0.994,0.837663360819525
"BRE",1.035,0.837812476215562
"ANKS6",1.025,0.837945349707636
"UTP3",1.04,0.837971040737106
"C6orf52",1.01,0.837989782492001
"C12orf41",0.97,0.837994949886585
"COPB1",0.965,0.838018462748961
"ZDHHC6",0.965,0.838022112879309
"NAT8L",1.008,0.838035837297573
"MGC23270",0.986,0.838134695928869
"H3F3A",0.978,0.838203433082986
"SLC38A11",1.01,0.838231839932963
"WNT9A",0.988,0.838252828328615
"ACY3",0.991,0.838328631908505
"ATP6AP1L",0.984,0.838399141989304
"RNF103",1.03,0.838436311018164
"HSPA14",1.026,0.838545957317912
"OSBP2",0.984,0.838757158274214
"OR5B12",1.084,0.838897793775029
"SERF2",0.979,0.839323966633223
"C7orf36",1.023,0.83939923327634
"TMPRSS6",0.994,0.839478758973625
"LRIT2",0.958,0.83948062162847
"LOC147804",1.019,0.839592755738825
"ZCCHC12",0.992,0.839625943591187
"PPBPL2",0.928,0.839790294535687
"MAML1",1.031,0.840057228011178
"ACY1",1.02,0.840196156785034
"TARS2",1.03,0.840302181317667
"NBPF4",1.009,0.840354089008391
"KIFC3",0.982,0.840442278147266
"ZNF805",0.97,0.840556774361328
"SELV",1.024,0.840621356703006
"ZBTB20",0.983,0.840641182071589
"ISM1",0.991,0.840764183715186
"PPP1R16A",1.018,0.840791268652538
"SOX4",0.983,0.840817081328937
"HIPK3",0.984,0.841103967763032
"NDUFC1",1.027,0.841151277159578
"ELAVL3",0.989,0.841224401926211
"PMPCA",0.971,0.841245130272296
"C6orf129",1.018,0.841301476267353
"FBXL4",1.031,0.841325313272351
"PLEKHN1",1.012,0.841450668358108
"ANAPC10",0.97,0.841509619647911
"ZNF12",1.031,0.84165561130558
"ADCK2",1.028,0.841661969637672
"GNG11",1.012,0.841662372045823
"RPS20",1.021,0.841775707297957
"LOC143666",0.984,0.842039456863619
"DIP2A",0.975,0.842114262432303
"FAM46D",0.978,0.8425120537489
"OGFRL1",0.984,0.842519198385422
"C11orf42",0.977,0.842573640484949
"GJD4",1.022,0.842607527995034
"FAM35A",0.97,0.842645109056315
"TRIM67",0.988,0.842655187444347
"C22orf40",0.975,0.84265529335215
"GCC1",1.031,0.842813206179441
"MYADML2",0.986,0.842828025117694
"TDGF3",1.015,0.842876434259424
"ZNF775",1.022,0.843045208690122
"ZBTB11",0.964,0.843078499437999
"JTB",0.975,0.843237122202517
"LGSN",1.005,0.843355914965251
"SMARCA5",1.032,0.843376448673812
"TBC1D2B",0.977,0.843457608409959
"KIAA0020",1.024,0.843466830000889
"ZBED1",1.023,0.843504522587683
"C4orf52",1.023,0.843579562355788
"ATP6V1E1",1.032,0.843768738482584
"APTX",1.031,0.84384070456498
"SLC39A4",0.986,0.843847159597572
"LOC284100",0.988,0.843909485722172
"NPHS2",1.041,0.844056286098877
"TMEM199",0.965,0.844095659724204
"PCDHGC4",1.012,0.844184908763494
"HIRA",0.976,0.844225616277757
"HYOU1",0.98,0.844242281850758
"WWC1",0.982,0.844279051136735
"CD7",1.012,0.844362172689278
"ESRRG",0.992,0.844387099328551
"HS6ST2",1.008,0.844426753149576
"QRICH2",0.987,0.844452999095474
"GLIS3",0.987,0.844657190094499
"IL6",1.008,0.844763451632926
"C8orf47",1.007,0.844855793994255
"TMEM115",1.038,0.844869493682072
"MYH10",0.985,0.845027558132883
"UBE2Q2",1.023,0.845063894709915
"EP300",1.025,0.845394365722876
"SERINC4",1.013,0.84545798307815
"GHSR",1.062,0.845476621917285
"APEX1",1.028,0.845509009086648
"PRDM5",1.013,0.845536849131515
"OGG1",0.971,0.845604446842902
"DBC1",1.005,0.845900135055868
"TCTN1",0.98,0.845952571377279
"KCTD13",1.021,0.845964002489027
"TMOD4",1.02,0.846392054214359
"NEK1",1.021,0.846779625711808
"GPR157",1.014,0.84681289805844
"SNPH",0.986,0.846889414923966
"ATP7B",0.99,0.846936493451026
"C1orf69",0.977,0.84703783995736
"SNX31",0.988,0.847054325350595
"AGA",0.984,0.847163974504008
"MED12L",1.01,0.8472384679436
"ELOVL5",0.977,0.847251920523706
"WDR88",0.984,0.847327691008886
"ASMT",1.017,0.847541613010676
"FLJ40292",0.983,0.847648287897521
"PRR4",0.991,0.847683188363217
"PRH1",1.017,0.84774362124018
"C20orf112",1.022,0.847931593060648
"CD2BP2",0.964,0.848139937619418
"XKR9",1.008,0.848386899493468
"GNB2",1.029,0.848571502078824
"TUBB4",0.989,0.848604799249962
"FOXO1",1.016,0.848653567860273
"LARS",1.031,0.848780069951051
"MRGPRF",0.989,0.848888711656036
"SMPX",1.009,0.849027039733044
"BCKDHA",1.023,0.849061092394633
"SNAPC2",0.976,0.849247121893257
"CLEC2L",0.992,0.849257348274702
"ZNF592",0.975,0.849346890153331
"LOC728875",1.01,0.849387237237953
"PIGP",1.02,0.849486859301111
"SSH1",0.978,0.849670559454819
"CHST2",1.011,0.849676693118219
"KIAA0415",0.979,0.849824829332571
"SNAPIN",0.975,0.850000591127387
"C5orf22",0.975,0.850054048067354
"PLAC1",1.007,0.850056553074904
"C20orf118",0.988,0.850094754876839
"FRAT2",1.021,0.850433021324146
"SNX16",1.02,0.850867464854541
"OPTN",1.02,0.850896630996871
"AXIN1",0.975,0.850903289073902
"COX7B",1.018,0.851097807737459
"ZNF75A",1.021,0.851159342005755
"ZNF585B",0.984,0.851340469559718
"SLC8A2",1.007,0.851352693642626
"FGL1",0.996,0.851374081823848
"LSM2",0.98,0.851375565394779
"FAM75C1",0.977,0.85146121205005
"C2orf74",0.987,0.851534024121103
"TULP1",0.986,0.851783722607664
"IFI27L1",0.984,0.852016549673349
"GDI2",1.027,0.852098750449351
"GNB1",1.04,0.852203420323474
"GNA15",0.984,0.852208307063919
"FAM70A",1.009,0.852304909525787
"NDRG3",0.968,0.852334431037148
"BTBD7",1.028,0.852403783913478
"GNRHR",1.016,0.852491075187996
"ADCY10",0.984,0.852532613923363
"CCDC142",0.979,0.852578555892294
"ZFP91.CNTF",1.015,0.852601846375247
"MATR3",0.962,0.85261614321214
"EVPL",0.989,0.852750403924438
"KCNE2",0.987,0.852985339133155
"INSIG1",0.983,0.853079421486073
"SELS",0.977,0.853086622519007
"ARHGEF1",0.981,0.853352413274059
"ODF2",0.976,0.853395218900892
"VPS41",1.029,0.853429585126817
"SYT6",1.011,0.8534959720299
"SCAP",0.97,0.853975412438307
"MLXIP",1.018,0.853980751713602
"LOC285627",1.057,0.854010241388886
"RPS12",1.02,0.854057564177623
"AUP1",1.026,0.854060198013576
"CDCA7L",1.014,0.854089864063835
"TGFB1",0.984,0.854107079176547
"MYL6",1.021,0.854158692239715
"CDC42SE2",1.024,0.854262893318819
"ADAMTSL4",1.01,0.854459775636193
"CYGB",0.984,0.854571560154423
"BDKRB2",0.99,0.854589201132314
"C10orf25",0.982,0.854768396123087
"DEPDC7",1.009,0.854842653956943
"ATL1",1.016,0.855054555504052
"CCDC74B",1.008,0.855155359748453
"TXNL4B",0.973,0.855290488633469
"GPRC5D",1.012,0.855428138151192
"C12orf63",0.992,0.855495253344271
"PRSS12",1.006,0.855629853536779
"EXTL1",1.012,0.855703177360984
"ST8SIA3",0.988,0.855740926395968
"EEF1D",0.981,0.85577565323487
"FAM115C",1.014,0.856046204386435
"P2RY6",1.009,0.856082326655404
"GAMT",0.989,0.856142074977501
"HAR1B",1.009,0.85621377079894
"RNF32",0.986,0.856232264728991
"DAD1L",0.981,0.856335299685839
"RHOG",0.974,0.856400114481612
"MYOM1",1.01,0.856426204915482
"TRMT112",1.023,0.856455215262769
"CCIN",1.013,0.856571524361813
"TNFSF13B",0.99,0.856834910314644
"ZNF467",0.987,0.856857067394475
"GZMB",0.992,0.856866211300527
"FAM98C",0.979,0.856868086110705
"LATS1",1.019,0.856920885505926
"C20orf111",0.976,0.856921457398471
"IKBKAP",0.971,0.857012728548929
"TSC22D1",0.983,0.857045120815968
"ZDHHC20",0.988,0.857097894771912
"HIST1H4K",0.972,0.857132386520532
"OR5AU1",0.969,0.857311447067021
"KIF3B",0.976,0.857513410224701
"AQP12B",1.01,0.857637450390718
"ARSF",1.025,0.857769170621498
"GLI4",1.013,0.857771032956348
"CDC26",1.024,0.85795752211116
"SF3A1",1.031,0.857971889342502
"SPTLC3",0.992,0.857982651822233
"MRPL55",0.982,0.858121891762641
"C8orf39",0.985,0.858148483213665
"PLA2G12A",0.974,0.858157243486303
"FOXJ2",1.025,0.858198801822195
"CSAG3",1.004,0.858200542323597
"PPP1CB",1.028,0.85834322877928
"NPRL3",1.026,0.858436438764061
"SLC9A3R1",1.015,0.858482819963094
"PAX2",0.987,0.858742634344328
"GRIK5",1.007,0.858901379773175
"INHBB",0.991,0.859232635678751
"C1orf126",1.011,0.859267677030606
"LRPAP1",1.021,0.859367316188607
"BEX1",0.994,0.85944974154818
"LOC731789",0.992,0.859571837732656
"PPP4R1",1.025,0.859641093445833
"C10orf58",0.975,0.85965195826722
"SIGLEC15",1.01,0.859751704171844
"YY1AP1",0.969,0.860284148064135
"CYS1",0.992,0.860315174632322
"QRFPR",1.014,0.860458568397022
"OSM",0.991,0.860486279569212
"BCMO1",1.007,0.860523005023699
"RIOK1",1.025,0.860527583331515
"RNF182",1.008,0.860794255869742
"KRT13",0.995,0.860864959780395
"HDAC7",0.976,0.860940571700028
"C15orf5",1.024,0.861150734392156
"KCNK4",0.983,0.861208346877972
"LHX3",0.986,0.861249637557696
"APLP1",0.993,0.861488744773856
"SHANK2",0.988,0.861738095597738
"RHEB",0.979,0.861780696890263
"CXorf57",0.991,0.861783315360231
"ETV7",0.989,0.862089701360348
"TACSTD2",1.011,0.862156571660185
"ANKRD33",1.011,0.862192843301076
"MRPS18B",0.977,0.862193912484618
"X..391714",1.044,0.862220280759254
"RAB41",0.985,0.862268163461624
"MBLAC1",0.985,0.862291393081089
"MORC4",0.98,0.862443613324901
"USP37",1.026,0.862475133180705
"APLNR",1.01,0.862583548456778
"CXCL10",0.993,0.86261093680615
"REXO1",1.023,0.862755828378605
"ANXA3",1.01,0.862764991656653
"CASKIN2",0.982,0.862777871467851
"GLE1",1.03,0.862820836719786
"CTNNB1",0.981,0.862950569578774
"LRRIQ3",1.01,0.862971555773454
"PLEKHB2",1.027,0.863030549694225
"MIER1",0.977,0.863473625257383
"TMEM49",1.022,0.863522716489826
"SLC38A10",1.022,0.863557057955087
"WFIKKN1",1.009,0.863559789523845
"ZPBP",1.045,0.863643160918345
"MAGOH",0.977,0.863697252841008
"TPO",0.988,0.863742295848507
"BET3L",0.981,0.863910381428999
"RBPJL",0.984,0.863982918465586
"R3HDML",1.01,0.864007973643469
"SDC4",0.984,0.864088808264982
"GMCL1L",0.986,0.864147069703435
"HMGN2",0.977,0.864207390837507
"SUGT1P1",1.012,0.864223121391224
"HSP90AB4P",1.015,0.864362639304184
"XAGE1D",1.003,0.864469436501237
"MANEAL",0.99,0.864501463743374
"RPL36A",1.014,0.864571056145312
"BPTF",1.02,0.864619364730181
"GOLGA2",1.022,0.864697701639369
"IL17RC",1.021,0.864778679471
"BRWD3",1.014,0.864983091114055
"NPTXR",1.008,0.865029733076209
"SHBG",1.014,0.865047673586129
"DCTN5",0.971,0.865109751181847
"FFAR1",0.966,0.865117472055949
"FSD1",1.008,0.865156484989579
"JAG2",1.011,0.865169392374568
"LMF2",0.979,0.865294694169475
"TINAGL1",0.989,0.865343124881571
"SOX13",0.987,0.865413514383803
"THSD7A",1.009,0.865479080480018
"ZNF142",1.025,0.865509601645102
"TMEM97",1.015,0.865583018536908
"GDF6",0.992,0.865958674700784
"YBX2",1.005,0.866133356017179
"LOC389705",1.013,0.866438169145002
"RPL13AP3",1.013,0.866494653606345
"UBR4",1.022,0.866821386697952
"CPSF4",1.022,0.866824319638614
"DPY19L2P2",0.992,0.866892694156598
"MLL4",1.019,0.866915688819454
"FAF1",0.972,0.867171383306238
"MAP3K4",0.976,0.86724005783361
"HCG4P6",0.989,0.86725697958438
"MAT1A",0.994,0.867589260540456
"HBM",0.956,0.867627839105783
"RAB14",1.029,0.867646580136468
"MGAT4C",0.989,0.867659923919547
"LOC402377",0.986,0.86770893923534
"HS3ST3B1",0.99,0.867780114684582
"HOXA4",1.01,0.867910092060355
"HSD17B10",0.978,0.867919728369462
"RHOBTB1",1.014,0.868101290508215
"C10orf27",0.962,0.868135632705174
"IKBKG",0.979,0.868241580903229
"SNX33",1.023,0.868501253201928
"TRPM8",0.996,0.868659309617501
"ZBTB10",0.987,0.868673213262229
"BPGM",0.982,0.868794563133448
"GRAMD1C",1.013,0.868858179474023
"KIAA1383",0.99,0.868863004418589
"RAVER2",1.014,0.868911081162584
"ANTXR1",0.99,0.869070286003657
"CHRNA9",1.004,0.869144376691917
"C12orf77",1.029,0.869266323258783
"GMDS",1.015,0.869283706437751
"FAM193A",0.975,0.86931909308329
"MOSC1",1.008,0.869333025103457
"LOC100134868",1.009,0.869457817785344
"RPL29",1.016,0.869697836312003
"NF1",0.981,0.869705284890889
"TMEM69",0.975,0.869750554363421
"TBL3",1.024,0.869912752128279
"TBC1D2",0.988,0.869968607016708
"C1orf86",0.984,0.869972770319533
"EPHA10",0.994,0.869992473285801
"CENPV",1.009,0.870183816439857
"SNORA48",0.974,0.870220582691918
"ABCB5",0.99,0.870477312791487
"SLC22A9",1.022,0.87057664312772
"ARIH1",1.029,0.870597913271627
"RANBP10",0.983,0.870626299746153
"AGPAT3",1.024,0.870755049573976
"HIST1H3F",0.986,0.870821527391737
"XKR7",0.989,0.871019441351838
"NKX2.3",1.007,0.871067580169653
"AVPR1A",0.993,0.871087821095656
"PSMG1",1.017,0.871257322034832
"SCO2",0.984,0.871271225652381
"C20orf7",0.984,0.871275886789722
"ARL15",0.982,0.871318029292698
"SNORD15B",1.021,0.871332770121708
"CEPT1",0.975,0.871426750361139
"GBP4",0.99,0.871454313783867
"C14orf182",0.987,0.871894244912645
"GALK1",1.016,0.871992745050702
"PIAS4",0.975,0.87201365900231
"SLC39A7",0.979,0.872212472887212
"CHRNA4",1.015,0.872258657055666
"BAT2L1",0.983,0.872373911890704
"RNF113B",1.018,0.872392643401987
"TFAP2D",0.995,0.87246597688702
"LPPR2",0.982,0.872943181437914
"CDKL3",0.984,0.872944533950045
"LOC100133985",1.009,0.873002704196234
"PRDM11",0.986,0.873099821860392
"CNN2",0.983,0.873130576690049
"NDUFB2",0.98,0.87315240718987
"LRTOMT",0.985,0.873407723312451
"GCNT2",0.986,0.873438741996237
"DSN1",1.016,0.873496887540738
"AGPAT4",0.988,0.873565685391421
"AKR1E2",1.007,0.873602371384856
"MOV10L1",1.008,0.873770161615363
"SPPL2A",1.021,0.873916573967332
"EFHA1",0.976,0.873956291970195
"FAM157A",0.991,0.874002251441901
"GSTM1",1.003,0.874126421716816
"SEC23B",0.982,0.874134255233562
"ARHGEF16",1.016,0.874347073915747
"ZNF48",0.981,0.874466305091379
"BEND3",0.983,0.874466760246956
"PRKAR1A",0.978,0.874482243477874
"EXOSC1",1.024,0.874550332237921
"C9orf119",1.02,0.874670418048994
"C16orf11",0.97,0.874711783017735
"RPL39",1.012,0.874721878887677
"PITPNM1",1.017,0.874741332665274
"MED16",0.979,0.875127178153902
"CACNA2D1",1.006,0.875395525239259
"ZMAT4",0.995,0.875406455936202
"TMEM159",0.988,0.875421066843291
"ZNF518A",0.98,0.875477304627811
"YAF2",1.023,0.875582310738576
"OPN4",0.984,0.875593076732808
"CWC15",1.024,0.875637981869521
"CUX2",0.989,0.875679997093682
"MECR",1.025,0.87585122968913
"FSD1L",0.989,0.876110134563668
"SHOC2",1.026,0.876216540494048
"RTP3",0.966,0.876356623332279
"PRKAA1",1.02,0.876416797785581
"DDN",1.008,0.876452398718428
"FEZF2",1.021,0.87652891081689
"EPHA1",0.99,0.876579593071416
"LRRC16A",0.981,0.876585786177254
"CEBPD",0.989,0.876641214517317
"FLJ43950",0.978,0.876706609328812
"NR4A3",0.993,0.876763994432298
"RPL37",0.984,0.876813656571848
"C17orf70",0.98,0.876851470948348
"SPCS2",0.977,0.876867828540532
"TPP2",0.978,0.877085272113501
"HMG20A",0.967,0.877136154478881
"TADA3",1.029,0.8771751408879
"KCTD17",0.987,0.877417437735713
"MSL1",1.025,0.87742729674871
"LOC148824",0.988,0.877486614656781
"VPS4A",0.972,0.877524919000465
"SEC14L1",1.016,0.877534029546141
"TGOLN2",0.98,0.877557872043235
"LOC642846",0.99,0.877574427960799
"KHDC1",0.989,0.87768150348174
"MLEC",0.984,0.877689932671719
"LGALS7",0.994,0.877729395347319
"CLEC11A",0.988,0.877772366496023
"C1orf201",1.017,0.877802010156999
"CYHR1",1.019,0.877908362925822
"ECE1",1.015,0.877925876774458
"FAM171A2",1.007,0.877963413916633
"MARCH3",0.989,0.878143318991479
"RDBP",1.021,0.878227189669378
"C10orf46",0.973,0.878254321507364
"LIPF",0.984,0.878506584193813
"DFNA5",1.009,0.87851439760853
"GTPBP10",1.023,0.878546994182333
"RPL17",0.985,0.878677128758464
"STX7",1.024,0.878727313005007
"DOC2B",1.007,0.878875644994043
"C6orf58",1.008,0.878945941603197
"ABI1",0.972,0.878954952403455
"PPP2R2A",0.982,0.878989612659345
"NXT2",0.985,0.879062502848838
"RASSF6",1.009,0.879098527243078
"LOC100130933",0.993,0.879131474827363
"CCDC67",0.994,0.87914429558151
"CILP",1.005,0.879243651691921
"C11orf51",0.982,0.879377413742455
"DLX6AS",1.006,0.879505188740288
"FZD4",1.014,0.8795368421495
"DERL2",1.021,0.879567721242723
"FAM157B",1.011,0.879616063075857
"C8orf41",1.024,0.879782220816781
"RAB3D",1.016,0.879881044735897
"TNFSF14",1.008,0.879891795702966
"TSPAN5",1.01,0.879905293911912
"RPL18A",1.013,0.880003784162011
"PIN1L",0.988,0.88033764980367
"CCDC83",0.965,0.880363530920971
"C11orf95",1.016,0.880442649260474
"ALG14",1.021,0.880454180247506
"EIF4E2",1.03,0.880545133876878
"BCO2",1.008,0.880603636416153
"LMO4",0.988,0.880650930777504
"LYPLAL1",1.017,0.880691583492697
"TMEM169",1.009,0.880702607086152
"C19orf43",1.022,0.880782683666618
"ULK4",0.989,0.88084795771026
"MARS",1.018,0.881110561015149
"SYNJ2BP",1.024,0.881189565627827
"HIST1H3J",1.012,0.88135037378748
"PREP",0.977,0.881689448316232
"CNIH4",0.985,0.881758820770156
"PARD6G",1.013,0.881853517685884
"MRPL43",0.98,0.881909562032019
"ZNF407",1.018,0.88192577995323
"C20orf43",0.971,0.881962186167113
"KRT77",0.981,0.882202829768941
"MUC1",0.992,0.882362113245708
"C15orf58",1.017,0.882384991769416
"CDKN2BAS",0.993,0.882589696132283
"OR10A3",0.953,0.882630614586252
"ANXA7",0.974,0.88266687924606
"ZNF883",0.993,0.882739022666446
"FAM19A2",0.991,0.882850372652664
"RP1",1.005,0.882964565346286
"CACNA1A",1.008,0.882989179748307
"CPPED1",0.988,0.883013534705892
"SLC25A2",1.015,0.883014898076416
"TNMD",0.992,0.883044617469222
"GATAD1",1.023,0.883049160122933
"ACAA2",0.987,0.883113059477432
"NEURL2",0.986,0.883155420286545
"RGS7",1.005,0.883218280333733
"SF3B3",1.022,0.883236700399172
"TRIB2",1.011,0.883247782911456
"SRP14",1.024,0.88354888607181
"THOC6",1.019,0.883577389802429
"CHM",1.018,0.883621633933891
"TOP3A",1.02,0.88377960004081
"MIPEP",1.019,0.883802998401797
"ZDHHC7",0.983,0.884060785540713
"TMEM20",1.01,0.884188517117207
"C10orf75",0.99,0.884222744021051
"OLFM2",1.009,0.884256065378671
"FGD4",1.015,0.884264658552118
"PIP5K1A",0.98,0.88438568067557
"REG3A",1.013,0.884447569899218
"FCHO2",0.987,0.884486196675432
"TRIM36",1.007,0.884612570133873
"TSGA13",0.967,0.88492186793349
"F8A1",1.016,0.8849835988238
"FANK1",0.993,0.885201936411965
"VIL1",1.003,0.885428313667692
"ENPP7",1.017,0.885501384937204
"GPX1",0.986,0.88550264826906
"FCHO1",0.992,0.885680190745014
"GNB2L1",1.016,0.885878631551806
"FOLH1B",0.99,0.885927675971627
"FZD10",1.005,0.885953777506892
"XPA",1.026,0.885998944060317
"PPP1R8",0.972,0.886099457771022
"SFT2D2",1.017,0.8861604335154
"MSC",1.009,0.886208861744232
"SAFB2",0.979,0.886237918515625
"EDNRA",0.99,0.886357792172406
"CSNK2B",1.023,0.886398390592981
"C20orf106",1.014,0.886509213944233
"GLIPR1L1",0.981,0.886569090111441
"SCAMP2",0.978,0.88660774512057
"LPAR4",1.01,0.886903816466972
"CDKL1",0.992,0.886906414892628
"RAB31",1.011,0.886942567137266
"HPS5",0.979,0.886992943710445
"MAGED4",0.993,0.887092649187642
"C3orf30",0.993,0.887345246186129
"DEPDC4",1.012,0.887407532243478
"TNFRSF11B",1.007,0.887573402018588
"PFAS",1.017,0.887619862142103
"SPIRE2",1.009,0.887683103912588
"TCF7",1.011,0.887768837584989
"ARMC3",1.005,0.887826475336536
"FAM174A",0.982,0.887892690110281
"ANK3",0.991,0.887899307891639
"CD163L1",0.993,0.887928039409058
"MRFAP1L1",0.976,0.888008791535289
"RHOXF2B",0.993,0.888079254668655
"RNF214",0.978,0.88827915021993
"C16orf52",0.978,0.888342097029649
"C17orf101",1.018,0.888544835542125
"CALN1",0.99,0.888607101424883
"ALS2CL",0.992,0.888614812675229
"PMS2",0.978,0.888617140927307
"LZIC",1.021,0.888659384170397
"NDUFB8",1.018,0.888764880890835
"SLC25A44",0.977,0.888977410142574
"LDOC1L",1.014,0.889159724133502
"GATSL2",0.992,0.889304331565772
"SERTAD4",0.994,0.889402924093142
"GALE",1.013,0.889495733670028
"AP3S2",1.021,0.889561153214528
"C15orf28",0.991,0.889602172551525
"MDGA1",1.008,0.889743559771171
"DCAF8L1",1.012,0.889765932123855
"LPP",0.989,0.889838435447457
"CMTM2",0.99,0.88993702539727
"PEAR1",1.009,0.889938457342992
"RPL23AP82",0.984,0.889963713276504
"C19orf50",1.028,0.890039103289415
"ROPN1L",0.995,0.890115322691096
"LIMS3",0.993,0.890139096303349
"LOC84856",0.993,0.890180086988806
"ARHGAP36",1.013,0.890206385056419
"VIPAR",1.027,0.890616191231422
"CARD6",1.012,0.890744992474972
"RNF111",0.978,0.89075304750473
"RAB40C",1.013,0.890933082885052
"AKR1B1",0.992,0.891510401850661
"ATP13A2",0.983,0.891588565264244
"TMEM14E",1.014,0.891606448560022
"ELFN2",1.004,0.891666097706841
"NCOA2",0.991,0.891701268020832
"KRTAP5.8",1.013,0.891704266899404
"FAM22G",0.988,0.891913809364803
"SPIRE1",1.012,0.891928351509383
"ZNFX1",1.016,0.891939139472602
"PLAA",1.019,0.892021589130597
"API5",0.974,0.892023149423989
"DCAF4L1",0.991,0.892119486138579
"STOM",0.988,0.892140971507754
"NAA40",0.984,0.892393810380555
"RPS24",1.015,0.892422812472067
"SNORA65",1.044,0.892443184265302
"ANKRD34A",0.992,0.892473393356815
"PDGFA",1.009,0.892835172741024
"SEC63",0.978,0.892925946844179
"ATXN2",1.019,0.892942099645763
"CSK",1.02,0.893341739053416
"CAP1",1.023,0.893429754912625
"GUCY2GP",1.023,0.893601003672577
"RAX",0.993,0.893637053099168
"BAGE",0.993,0.893658552003579
"AHR",1.01,0.893717572134237
"DAZ1",0.993,0.893731409644359
"FAHD2A",1.016,0.893866763943953
"CYP4F11",1.003,0.893929544794493
"NUP43",1.023,0.894187022170691
"DPM1",0.982,0.89420163399143
"PRH2",1.008,0.894213005656476
"HCP5",1.009,0.894294720185906
"THPO",1.004,0.89443518366339
"CRY1",0.984,0.894441493059349
"SLC9A10",0.987,0.894466527194826
"FAM131B",1.009,0.89453142872743
"ZBTB9",1.022,0.894597302382521
"PHF16",1.018,0.894621019744752
"TRIM14",0.987,0.89477497135238
"IQCK",0.986,0.894968382459026
"PROS1",0.991,0.895154674058667
"DLL4",1.011,0.895182620392027
"NPAS4",1.012,0.895231606534485
"MED24",1.019,0.895290367291338
"FAM5C",1.007,0.89538673318177
"PLUNC",1.002,0.895440949531635
"FAM164A",1.011,0.895549138277634
"TAOK1",1.009,0.895682870000991
"FBXL15",0.987,0.89577441536391
"C3orf75",0.979,0.895813971070657
"C6orf168",0.993,0.895851645925396
"UFSP2",0.979,0.895886320714786
"NDOR1",1.015,0.895901258393209
"CDK14",1.009,0.895903411988546
"FSIP1",1.01,0.895903877017548
"SIVA1",1.014,0.895928018642879
"SMYD5",1.024,0.895930458404498
"SNORA39",0.991,0.896005399596181
"RPL23P8",0.988,0.89613607897632
"LOC285740",1.023,0.89627813156115
"NFKBIE",1.013,0.896544955129781
"BNIP2",0.98,0.896582538283039
"NBPF7",0.986,0.896710336634577
"C1orf151",0.982,0.896913367407721
"SNORD22",1.023,0.896983250301001
"RASD2",1.007,0.897029651783661
"CYorf15B",1.003,0.89705733402183
"EPDR1",0.993,0.897070694392385
"E4F1",0.984,0.897122807607325
"MINK1",0.982,0.897294194608744
"NEK7",0.984,0.897369829193413
"LRTM2",1.01,0.89741942074813
"ZSWIM6",0.986,0.897471899223921
"PPCDC",1.015,0.897518157355079
"TCEA2",0.988,0.897519233040645
"C10orf82",1.006,0.897642366887251
"MGC2752",0.979,0.89771556202203
"CERCAM",0.991,0.89777125742092
"TAS2R43",0.983,0.897792919479571
"HEY1",0.992,0.897948387025235
"COX4I1",0.986,0.897971312519787
"NIPSNAP1",1.014,0.898014170989531
"TIMM16",1.012,0.898154367137572
"ZCCHC2",1.013,0.898162341210627
"C3orf36",0.993,0.898256500787921
"C9orf46",1.011,0.898369883390576
"PSME1",1.016,0.898456365632572
"CAPG",1.012,0.898512673195465
"MRPL49",0.982,0.898663396712672
"PLA2G2F",1.006,0.898669133353969
"C3",0.994,0.898723341410017
"MXRA8",1.008,0.898963630836171
"MGST2",0.985,0.898993750445463
"SOS1",0.981,0.899097527690834
"ZNF519",1.012,0.899105103818151
"DMBX1",0.996,0.899116700608314
"OSMR",1.009,0.899280409654126
"NSMAF",1.019,0.899334425469031
"CTAGE6",0.991,0.899513245019424
"PAX3",1.01,0.899662240923435
"B3GALNT2",0.984,0.899668166459093
"C3orf31",0.98,0.89968124934303
"SMAP1",0.981,0.899719484101708
"SNORA40",1.037,0.899823348068808
"CDR2",1.014,0.899923778550417
"COX7A2L",0.984,0.900037535904484
"RAB28",1.022,0.900047985826436
"C11orf87",0.991,0.900078782101989
"CD5L",1.008,0.900079513899867
"C20orf135",1.01,0.900174952600177
"FAIM",1.018,0.900420783251768
"MIER2",1.017,0.900449712967707
"GNL3L",0.983,0.900485212281817
"C7orf47",1.011,0.900486950632905
"SFXN4",1.014,0.900547570550389
"FBXL7",1.009,0.90057962941008
"CBR3",0.994,0.900825980784014
"SMAD5",1.018,0.90086478178281
"CCL11",0.995,0.900897819130013
"CCNI",0.985,0.900921568019725
"PGRMC1",0.983,0.901011876840999
"HIST1H3C",0.99,0.90102398079469
"MLH1",0.976,0.901323035416252
"MINA",0.98,0.901364048750815
"FOXA3",1.004,0.901468860388017
"PPA2",0.984,0.901598738785306
"NOS2",1.006,0.901628841121467
"KCNG3",0.995,0.901643587227578
"FAM18A",0.992,0.901703779261559
"PSMD5",0.98,0.901785772243968
"DGKQ",0.987,0.901891828222585
"NT5C2",1.019,0.902294320034185
"ZDHHC24",1.016,0.902375331209346
"PDCD7",1.029,0.902433854242687
"SLC35D3",1.006,0.902496160932688
"SCAMP4",1.019,0.902496829713922
"SYNE2",1.01,0.902770217088528
"ZFYVE1",0.981,0.90281804822445
"CLEC6A",0.994,0.902941061770394
"TBC1D8",0.991,0.902959586696332
"KLKB1",1.007,0.903037215705464
"IFI16",1.008,0.903081220133795
"CACNG3",1.017,0.903097169789698
"C19orf26",0.994,0.903103308539058
"C11orf1",0.989,0.903114814304437
"IKZF2",1.012,0.903132742560593
"ATP5L",1.015,0.90320689078857
"KIAA0649",0.987,0.90327783809172
"HLX",1.011,0.903406236140232
"HIAT1",0.98,0.903437019664481
"CPNE1",0.989,0.90352138577838
"NEXN",1.008,0.903589194781643
"SEC16A",0.985,0.903645004295454
"RBM17",1.02,0.903763757095943
"PRKRA",1.021,0.904044068091345
"RNF212",1.004,0.904063412288062
"TERF2",1.022,0.904091725153212
"COPS4",0.983,0.904199598046928
"MT1E",0.994,0.904219641552781
"GPAA1",1.014,0.904476290886374
"SMARCB1",1.02,0.904575778542657
"PCNT",0.988,0.904617357055008
"SLC26A6",1.01,0.904684696480588
"RAD51L1",0.988,0.904715921520804
"GFER",0.982,0.904798009185362
"C17orf42",1.016,0.904897552913544
"THAP8",0.986,0.905031813737726
"LIAS",0.986,0.905129486986147
"EIF4G3",0.983,0.905175634761224
"C14orf162",0.993,0.905186250116682
"DUS3L",1.014,0.905223589580553
"RPL36",1.011,0.905287116063087
"FTHL3",1.012,0.90551046887621
"TNNI1",0.992,0.905589260577425
"KRT10",0.989,0.905589420410179
"USP53",1.014,0.905712101767945
"C22orf26",1.012,0.905736847384718
"CEP250",1.011,0.905758348852643
"EHBP1L1",0.987,0.905816944900743
"MTERF",1.017,0.905832225117974
"ANKRD13C",0.982,0.9058433462055
"ZNF155",0.986,0.905879444413272
"MATN3",0.994,0.905910150037254
"ZNF532",1.013,0.905928904535566
"SDC2",1.008,0.905969478263208
"MAST1",0.994,0.906197018951601
"TRRAP",1.012,0.90621768227087
"CDH10",1.006,0.906220093096895
"CHL1",1.004,0.90622035536902
"MTAP",0.991,0.90633361857043
"KCNH5",1.006,0.906486875441256
"GABPA",1.018,0.906632171103337
"DUSP1",0.994,0.906712342054875
"ATP1A3",1.005,0.90681999825467
"PGA5",0.991,0.906828418109669
"GTF2IRD1",0.986,0.906833668842907
"PRPF3",1.016,0.906842324252996
"MRPL41",1.011,0.906898374466067
"LOXL1",1.008,0.906949807666964
"CACNG6",1.004,0.906974540349358
"PDGFRB",1.009,0.907052871473485
"ZNF479",1.01,0.907062844662182
"ALAS2",0.992,0.907071796556014
"FAM19A4",0.992,0.907390814704199
"SPIN2A",0.991,0.907419330775062
"TAOK3",0.985,0.907420606683445
"MCTS1",1.018,0.907733171297483
"C21orf99",1.009,0.90777211299204
"LRP3",0.992,0.907795826467615
"PDE7B",0.993,0.908065142908132
"HIST1H2AH",1.01,0.908236271616346
"IFIT1B",0.981,0.908245614712493
"PPL",1.008,0.908933627838284
"PSMD6",1.023,0.909048822762095
"ERCC6",1.014,0.909397163765587
"PPP2R3A",0.99,0.909510471580929
"FAM22F",1.01,0.909663161750712
"ZNF713",1.009,0.909834767695946
"LASS1",1.005,0.910109836666356
"MIOS",1.019,0.910148161132718
"TMEM71",0.994,0.910163549944766
"E2F3",1.013,0.910232892464534
"NDST3",0.993,0.910355174704774
"PRND",0.996,0.910365767107065
"KIFAP3",0.984,0.910419491764103
"FOXH1",0.995,0.910453977956355
"BLOC1S2",1.016,0.910518473832871
"MED13",0.986,0.910522501250033
"ACTBL2",1.005,0.910541048093412
"SCARNA17",1.009,0.910598090798787
"TAPBPL",1.009,0.910947208317886
"ADH5",1.015,0.910967279448147
"PAK1IP1",0.987,0.910983629697479
"TSPAN10",1.006,0.911079944139453
"PORCN",1.012,0.91116109309281
"IL12RB2",1.005,0.911357409564545
"HLCS",1.017,0.911363330355485
"CLEC4E",0.995,0.911721057376301
"SAA2",1.003,0.91177013505009
"EPHA7",1.004,0.91177504732833
"FAM136B",0.987,0.911833490183755
"PHF15",0.989,0.911833856467143
"C7orf33",0.982,0.911977252803574
"FKBP1AP1",1.006,0.912259014223441
"MAF1",1.016,0.912368566341403
"X..340602",0.994,0.912543558516367
"PHTF1",1.016,0.912580596261046
"TMEM191A",1.008,0.91263180983588
"CDK4",1.01,0.912645428114351
"GSC",0.995,0.912729139702887
"SDHB",0.983,0.912795866303976
"ALS2CR4",1.014,0.912847132118049
"WBP5",1.011,0.913009506427894
"STK11IP",1.013,0.913013174075277
"INO80D",1.015,0.913127702380467
"LASS5",1.022,0.913161532889917
"TSEN34",1.017,0.913162226048416
"PLRG1",1.018,0.913224456281554
"KLF9",0.99,0.913256532946501
"ZBTB25",0.986,0.913285946933764
"CMTM6",0.984,0.913332102800331
"NEFH",0.997,0.913351120252385
"LCN2",0.997,0.913514476546659
"EXOC2",1.018,0.913550873932309
"SLC36A3",0.973,0.91355119606588
"KRTCAP2",1.012,0.91359886815046
"LIPT2",0.99,0.913601439900695
"PRR24",1.012,0.913639086129641
"ISCA1",0.983,0.913812884324183
"ZNF428",1.012,0.913945075941415
"SLC10A6",0.992,0.913991424035968
"RTBDN",1.004,0.914044085585036
"NT5C3L",0.988,0.914086699249906
"HAUS1",0.989,0.914125463481744
"ZNF148",1.019,0.914448575884951
"LAMB4",1.008,0.914485794474329
"RPL29P2",0.989,0.914519851502533
"C6orf130",0.984,0.914543608102394
"PARP10",1.009,0.914569522314591
"FTH1",0.989,0.914619655490295
"ZDHHC3",0.986,0.914661924135907
"ZMYM1",0.986,0.914718412541155
"GPR128",1.005,0.914836647039337
"QSOX1",0.991,0.91489942944818
"ANKRD28",0.984,0.914932881038572
"VGLL2",0.994,0.915115303371008
"SPSB4",0.994,0.915200826647681
"RPL32",1.011,0.915348846158354
"BUD13",1.02,0.915350391879973
"FAM108B1",1.016,0.915354978635451
"STON1.GTF2A1L",1.006,0.915376307647072
"NTN4",0.993,0.915400217466729
"NRG1",1.005,0.915498514076279
"C3orf64",0.987,0.915662790597537
"ORAI1",0.986,0.915685954608787
"ATP1A1",1.011,0.915821849718652
"TCP10L",1.007,0.915968427639286
"COPS7B",0.982,0.916112834874468
"PSMB10",1.008,0.916198029341268
"SLC25A31",1.022,0.916210184668729
"RAB8B",0.99,0.916245970944062
"NMUR2",0.995,0.916393858457664
"FGFR4",1.005,0.916440434855322
"R3HDM2",0.985,0.916507789521484
"PI4KAP2",0.994,0.916553701529142
"CASP5",1.006,0.916568119624696
"NOS1",1.004,0.916598283838938
"SNORA8",1.01,0.916603010594453
"ILDR2",1.006,0.916608149041999
"GPR64",0.995,0.916628650974938
"PFKFB3",0.992,0.916893094255671
"CEP290",0.989,0.916997614290249
"ELF1",1.014,0.917086406782567
"MED14",1.016,0.917593664611533
"ASPHD1",0.996,0.917647156845937
"SULT1E1",0.996,0.917724346152128
"MCART2",0.989,0.917768168877959
"SIPA1L3",0.989,0.917856771513579
"GAS1",1.005,0.918022027408619
"TMEM84",1.007,0.918128096597261
"NUAK1",0.993,0.918237713448827
"NIPSNAP3A",0.989,0.918246218623904
"ZBTB8OS",1.014,0.918256882111681
"WHSC1L1",1.013,0.918384276671725
"C3orf17",0.979,0.918406584569987
"FLJ23867",1.007,0.918550183598732
"TMEM179B",1.013,0.9185852993933
"PPIG",1.018,0.918591261939984
"TBX10",0.995,0.918686404051097
"PPIH",1.012,0.918711184182225
"BCL2L14",0.995,0.918951074717542
"SLC10A1",1.013,0.919006594378551
"RPL7A",1.011,0.919047622003702
"DDX20",0.982,0.919153988663586
"SLC30A10",1.005,0.919332621859405
"TRIM21",1.012,0.919556521502164
"TP53BP1",1.012,0.919972928247492
"GIPC2",0.995,0.920029820089724
"DYSFIP1",1.011,0.920264673264516
"NPPB",1.009,0.920400766416632
"CER1",1.011,0.920419066983571
"VSIG8",0.994,0.920428774603731
"TSNAX.DISC1",0.992,0.920449592302937
"PLSCR4",0.992,0.920490105097578
"OLFM4",1.003,0.920507208981505
"SAMD8",0.989,0.92057742297625
"NME1.NME2",0.993,0.920750148594899
"KRT33B",1.01,0.920891906278391
"CYB5R4",0.99,0.92099424735242
"AKT3",0.993,0.92101686104728
"BAT2",1.012,0.921055046453035
"LOC152217",1.011,0.921181990311136
"HLA.H",1.007,0.921187390942563
"TMEM89",0.987,0.921193051299868
"EFNB1",1.007,0.921630696122773
"SCARNA9",1.007,0.921633325087265
"ILK",0.984,0.921693546563724
"OXT",1.006,0.92185251696084
"GDPD4",1.008,0.921983406528164
"ECSIT",1.013,0.922108602742791
"ZNHIT3",1.016,0.922119894371112
"KLRC4",1.005,0.922159716019496
"ROCK1",0.988,0.922233137153497
"CMTM4",0.992,0.922426272222308
"PAIP1",1.012,0.922542443975376
"DLGAP3",1.005,0.922632879639968
"ZNF131",0.988,0.922660139035127
"PCDHGB5",1.004,0.922861799932454
"PFKFB1",1.008,0.922869188803369
"PIP5K1C",1.014,0.922990198256034
"MCM3AP",1.016,0.923191144213763
"ERP44",0.983,0.923197889230444
"CRMP1",0.993,0.923262603225212
"TLN1",0.989,0.923357642410041
"DNAJC8",0.983,0.923499804795136
"FAM86B1",1.006,0.923513081626869
"AURKAPS1",1.007,0.923528918651445
"NPFFR2",0.997,0.923606104541832
"NARFL",0.987,0.923937595284307
"RNF20",0.984,0.923947002926742
"SRBD1",0.984,0.924017486676608
"C11orf59",0.986,0.924031684417281
"TMEM107",1.011,0.924048954544701
"C3orf50",1.007,0.924199062815796
"LOC340074",1.027,0.924199082971419
"KLHL36",1.012,0.924211690260741
"AFF1",0.989,0.924240881174687
"FAM57B",1.005,0.924366413393245
"ARSH",0.994,0.924428644309814
"HIST3H2A",1.004,0.924438166663212
"C14orf178",1.012,0.92445795044317
"RIPPLY1",0.99,0.924576519969462
"TMEM8A",0.989,0.924583423343167
"SLTM",1.015,0.924660706650725
"CD46",0.989,0.924679117585564
"FAM120B",0.985,0.92470046202992
"MYD88",1.013,0.925407131519603
"HDHD1A",0.991,0.92557578319914
"THRSP",1.008,0.925599485097944
"SFXN3",0.992,0.925604210903169
"FMNL1",1.008,0.925640337258038
"STX8",1.012,0.925644724429053
"ADAMTS14",1.005,0.925696909711415
"CCND3",1.008,0.925762449910207
"HS3ST1",0.995,0.92586681400035
"TBX15",0.997,0.925920480388011
"ZBTB39",0.99,0.92601054477585
"UGT8",0.997,0.926194617897696
"SYN1",1.005,0.926263013790222
"C9orf89",1.01,0.926425084247453
"LRAT",1.003,0.926473355619826
"GRIN1",1.004,0.926541305437238
"MED25",0.988,0.926558530422354
"LOC158696",1.006,0.926648322814361
"EGFLAM",1.006,0.926651960303796
"CCNI2",0.995,0.926669975899465
"FLJ44606",0.993,0.926897973942104
"LOC100129534",0.994,0.926933799717986
"APOBEC3C",0.993,0.927057641372219
"MPV17",1.013,0.927059480182833
"LIPC",1.005,0.927070284610685
"RCN3",1.005,0.927073400113877
"SLITRK5",0.997,0.927287407714942
"CYR61",0.994,0.927309722298457
"OR1K1",1.025,0.927345461190688
"LOC100188947",0.992,0.927516713212515
"TMEM189.UBE2V1",0.996,0.927640795526886
"LIN28A",1.004,0.927771706369547
"TMSB4Y",1.003,0.927789630372281
"PANK1",1.007,0.92794963682333
"SMG5",1.012,0.928053602387836
"RPL41",1.01,0.928106456156996
"CALML4",0.991,0.928182988076032
"DCAF10",0.987,0.928212689489514
"PIK3C2G",0.998,0.928286719623714
"AKR1D1",1.008,0.928287265721552
"KIAA1539",1.011,0.928386464808825
"CWF19L2",0.988,0.928422957438152
"TPD52",1.008,0.92850721933925
"DPY30",0.989,0.928552253997897
"HTT",1.011,0.928602018189643
"WDR82",0.983,0.928708431768833
"MRPL34",0.99,0.928847687409552
"LEPREL1",1.003,0.928851763303189
"NDFIP1",0.987,0.928877197896776
"SDC3",0.992,0.929040343499168
"TRPV5",1.02,0.929047697699726
"NCRNA00160",0.995,0.929387181872428
"VPS28",1.01,0.929414096434967
"C5",1.004,0.929417041265889
"C1QL3",1.004,0.929557700778957
"PTCHD1",1.004,0.929610520212262
"TTC30B",0.99,0.929686027466956
"MRPL40",1.011,0.929817120492848
"ZBTB1",0.985,0.929895481843336
"MPHOSPH10",0.983,0.929957698744306
"MESP2",1.004,0.930012461346523
"RPS4Y2",0.984,0.930018342282108
"PRL",0.994,0.930026620593651
"BAZ1A",1.009,0.930125079379595
"RINT1",0.988,0.930185816672683
"CEP76",1.01,0.930267028590945
"PPP1R2P1",0.991,0.930347298718123
"TKT",0.992,0.930535445593619
"HERC3",0.991,0.930696680139407
"C4orf41",1.016,0.93073624707513
"MT1H",1.003,0.931014757515761
"TXK",0.995,0.931176697149688
"PIGZ",1.007,0.931445544494303
"DCAF4L2",0.997,0.93148436947371
"DDX53",1.005,0.93154790467392
"DTD1",0.99,0.931560821207542
"GC",0.995,0.931663902145046
"RFPL4A",0.991,0.931693982108558
"BBS10",0.989,0.931814288886172
"AMELY",1.012,0.932067145180911
"RAB3C",1.005,0.932168711094449
"GNG13",1.006,0.932262031994114
"SNORA74B",0.985,0.932361367593956
"POU4F2",0.984,0.932409190383292
"C20orf199",1.007,0.932431334816832
"S100A14",1.004,0.932469449189143
"SMAD5OS",1.008,0.932548647633306
"CTSC",1.008,0.932615201699085
"SDF4",1.013,0.932753592990703
"RFESD",1.008,0.932972445714766
"HIF3A",1.003,0.933040486978311
"C6orf115",1.008,0.933116810701202
"COL20A1",1.011,0.933140101615439
"ACOT11",1.007,0.933369912595959
"ZNF644",0.988,0.9336689233661
"CSF3",1.003,0.933803517515236
"ALDH7A1",1.01,0.933850767457713
"TERF1",1.013,0.9339145313861
"GK5",0.991,0.933947127310739
"GUCY2E",0.996,0.933962302730081
"INSRR",1.006,0.933980388994087
"C19orf71",1.006,0.934301822637604
"INE2",0.996,0.93432263188995
"SHANK1",1.006,0.934426611842748
"SRCAP",1.015,0.934496386919697
"DHX57",0.986,0.934603373930883
"PPP1R15A",0.991,0.934619124814762
"STMN3",1.005,0.934672925394017
"HEATR6",0.987,0.934690639163541
"CABP7",0.996,0.934727882473533
"CRYAA",1.008,0.934945645184397
"ILVBL",1.01,0.935083951479308
"TRIM69",0.994,0.93520502818254
"CALCB",0.997,0.935237944596264
"GNAT1",1.009,0.935727209064577
"GBAP1",1.009,0.935779752843228
"OR1B1",0.968,0.935849018785971
"PRSS42",1.016,0.935886906923477
"DLG2",0.995,0.935903029468077
"PKN1",0.989,0.935970676781784
"GPR20",1.005,0.936204639491291
"ACCN5",0.989,0.93621747971418
"PCDHB19P",1.006,0.936332397267751
"KRT32",0.996,0.936373492984652
"FLNA",1.006,0.936399170400147
"PARP6",1.008,0.936421948593081
"PLD2",1.012,0.936618538621098
"MAMLD1",0.996,0.936702205409255
"C1orf170",1.005,0.936747180403354
"PCSK4",0.996,0.936807732735804
"BCAP29",0.99,0.936888673279278
"C11orf70",0.996,0.936944426203198
"DIAPH2",1.006,0.937060848633618
"XRN1",0.989,0.937177199666173
"ST3GAL1",1.005,0.937276875219328
"PAPPA",0.997,0.937453904338266
"CCDC27",0.982,0.937508433174154
"FLJ10357",1.007,0.9375124427052
"PCYT2",1.009,0.937535315260095
"SH3BP2",1.009,0.937538332145392
"NDUFB1",0.992,0.937545667921919
"ARHGAP19",0.99,0.93759417414701
"SPRY3",1.005,0.937621965548271
"RPL13A",1.008,0.937648949345064
"HOXA5",1.005,0.937688569502194
"LRRC17",0.995,0.937844858869032
"RHOXF1",0.995,0.93786343766977
"MED31",1.008,0.93800969143332
"NCRNA00087",0.994,0.938142939479437
"APOBEC3A",0.996,0.93833175325456
"COMMD3",1.009,0.938338428612234
"POTEG",0.991,0.938451075288224
"PRPF8",1.01,0.938517431304948
"RARRES1",1.004,0.938547707818814
"PAX6",1.007,0.938757544779508
"RPS2P32",0.995,0.938847766160884
"USP31",1.009,0.938894108873011
"ADAM29",0.995,0.939044372679907
"LOC441455",1.005,0.939108481416177
"RBMX",0.983,0.939456668281887
"C7orf31",0.993,0.939498996738117
"SSR1",0.989,0.939633624440151
"LOC344967",0.993,0.939766177869301
"HIST1H2AK",1.006,0.939965463251384
"FXYD4",0.998,0.939977664411088
"ACCN3",1.003,0.94022551721524
"PLCB4",1.003,0.940229010386805
"TAS2R1",1.016,0.940304847914721
"DGCR9",0.997,0.940471616524599
"ASPN",1.004,0.940512573965917
"TNFRSF18",0.997,0.940545111117497
"HIST2H3D",1.006,0.940701579948145
"C17orf67",1.006,0.940734855849216
"KCNA1",0.996,0.940934249162096
"SLC5A11",0.997,0.941021313770392
"LOC100130386",0.994,0.941023845268999
"SPATA2",1.012,0.941198537104539
"STX6",0.986,0.941207168698764
"YWHAH",1.011,0.94121910725022
"NGLY1",0.986,0.941391758600071
"MAP3K2",1.009,0.941456241798139
"LOC154761",1.005,0.941507760950271
"LMTK3",0.995,0.941642775829473
"MBNL3",1.004,0.94168861831407
"LOC100130148",0.985,0.941754018188181
"MMP28",1.002,0.941920205564974
"CGN",1.005,0.942088402721945
"TMEM177",1.009,0.942113764970948
"TMEM200C",0.996,0.942519451472212
"PLAGL1",1.005,0.942574447132036
"DCHS1",1.005,0.942699132058301
"SH3BGRL3",1.007,0.942736448562838
"RAD52",1.008,0.942891504917351
"C9orf4",0.993,0.94294819675483
"USP39",1.012,0.943028547970372
"GPSM1",1.006,0.943033604565633
"CDH11",1.004,0.943076946955393
"ZNF92",1.009,0.943082515812163
"CTDSP1",1.012,0.943169816758781
"HAO2",0.989,0.943211661548844
"OXSM",1.01,0.943373013544777
"KIAA1191",1.01,0.943427866340808
"CNNM2",0.991,0.943446258506573
"LGI1",1.006,0.94370565172105
"KCNK12",0.997,0.943792671915963
"SSX1",1.003,0.944117008907968
"GCOM1",1.004,0.944117348759996
"LMX1B",0.998,0.944184606304132
"ZNF827",1.006,0.944250748423496
"PROKR1",1.005,0.944408986971373
"PCDHB16",0.996,0.94460595711322
"DHX40P1",0.996,0.944667651934769
"RBMXL1",0.989,0.944684661968715
"TMEM39A",1.01,0.944938247489167
"LEMD2",1.011,0.944999343280937
"TGFB3",1.005,0.945052059913531
"ARHGEF11",1.009,0.945168722959549
"CYP26B1",1.004,0.945175358312383
"CEP170L",0.994,0.945208118628144
"EGF",0.997,0.9452085812306
"FAM66D",1.003,0.94529670162341
"MKRN2",1.014,0.94530475428838
"MCHR1",1.003,0.94533691185799
"MTPAP",0.99,0.945505767539708
"CDRT15P",0.995,0.945576954065377
"AKAP10",0.99,0.945599149444248
"ZNF414",0.992,0.945764176974177
"NGFR",0.997,0.945885990112138
"SPERT",1.002,0.946022365240452
"ADD3",0.995,0.946027553343057
"NIPAL2",1.005,0.946071394612513
"CCDC87",1.004,0.946071549214445
"CBL",1.007,0.946093904228678
"LGTN",1.009,0.946109356933361
"TP53I13",1.007,0.946115779322863
"C5AR1",1.004,0.94616103201521
"GPR89A",0.99,0.946364628239198
"SPINK9",1.011,0.94655692998441
"RPL7",0.994,0.946605743568656
"SHISA9",1.003,0.946620979820634
"ZBTB7A",1.009,0.946743423467896
"RTP4",1.004,0.946860685968609
"IFT27",0.994,0.94688797556367
"HECW1",1.003,0.946953401395171
"WDR61",1.008,0.946971230891618
"SPNS1",0.99,0.946985491585054
"PNMA6A",0.997,0.94711204448982
"DDT",0.993,0.947158235480265
"BDP1",1.008,0.947189826987173
"INO80B",0.993,0.947210794679698
"MT1DP",1.004,0.94722533775344
"RASGEF1A",1.003,0.947338146430844
"GPR179",1.004,0.947412958913436
"C14orf119",0.992,0.947448103052037
"POU4F1",0.998,0.947483521051167
"ABLIM1",0.996,0.947507757245948
"TIMM44",0.991,0.947516390995082
"CXCL1",0.997,0.947530764604118
"KDM4B",0.991,0.947742467052756
"FSD2",1.007,0.947752861837125
"FAM58B",0.992,0.947758045748155
"IGBP1",0.991,0.947780134596544
"SCAND1",1.006,0.947906370420896
"FLRT3",1.003,0.947912486917966
"CREB3L4",1.006,0.948162864769582
"ALDH1L2",1.003,0.94816490285485
"MEFV",1.004,0.94856545222726
"BCORL2",0.997,0.948647681641813
"SUFU",1.01,0.948649686947868
"TRAPPC4",1.009,0.949049895717253
"SPAG16",0.994,0.94910319823969
"SLC4A10",1.004,0.949126861347684
"C21orf119",0.995,0.949143894473793
"RPL21",0.996,0.949404823283626
"SEPHS2",0.993,0.949501046694068
"HECTD1",1.008,0.949516879479965
"CTSB",0.994,0.949581254855966
"TAS2R30",0.987,0.949893695781792
"SLCO6A1",0.996,0.949920938877223
"C12orf52",1.01,0.949922243931171
"ZNF845",0.992,0.950152671286581
"SLN",1.003,0.950339003374862
"CAMK2A",0.996,0.950357855168712
"FAM134B",0.997,0.95040069855496
"RIMBP3C",0.995,0.950440651853165
"CCDC102B",1.005,0.950544450434522
"GXYLT2",0.997,0.950560330346975
"STAG3L4",0.994,0.950746151668262
"ANGPTL1",0.997,0.950868235743554
"FUT6",0.998,0.950909242340306
"MAN2B2",0.992,0.951063225286728
"EFHD1",0.997,0.951165140049073
"PPP2R3B",0.995,0.951369336129185
"IFIT2",0.996,0.951385998524532
"B2M",1.005,0.951454319531328
"DIRC3",1.004,0.951633346273444
"VPS52",1.01,0.951761436897204
"PLP1",0.997,0.951779209318676
"CEP164",1.007,0.951826705463089
"MGAM",0.997,0.951836365297944
"CHEK2",1.005,0.951837230826272
"FAM127A",0.993,0.951892176067255
"NR1D1",0.995,0.951947738937573
"IGDCC3",1.003,0.952085150800933
"LOC146336",0.997,0.952097102855598
"AOX1",1.003,0.952202676738329
"LEKR1",0.996,0.952356663183918
"TMCO6",0.992,0.952493224230398
"C17orf74",1.01,0.952608122066226
"ATN1",1.007,0.952770417021717
"RXFP3",1.009,0.952797107937472
"LTBP4",0.996,0.9528901490695
"NDUFA3",0.994,0.952911701132174
"MRPS18A",1.007,0.952915138750875
"TRIM41",0.993,0.953021154998723
"PGF",1.003,0.953114609025608
"UGT1A5",1.008,0.953114619666957
"PDE8A",0.993,0.953165457059728
"MFN1",0.992,0.953438345659926
"MED27",1.007,0.953454994518466
"UTP11L",1.011,0.953600417519635
"ARHGAP27",0.994,0.953689911739386
"FAM47A",1.011,0.954169015258647
"DUSP13",0.998,0.954212642511929
"KLK15",1.006,0.954252092989907
"MPZL3",1.004,0.954358056296473
"WRN",1.007,0.954375535866515
"C12orf75",1.003,0.954480850132994
"C2orf44",1.009,0.954542976438936
"IL22",0.988,0.95479256696521
"CEP97",1.005,0.954849644518945
"RIN3",0.995,0.954995718167334
"C1orf35",0.994,0.955163190084477
"COQ10B",0.99,0.955237718587905
"WDR55",1.01,0.955239428051935
"SLC30A4",1.005,0.955574466060112
"TFR2",0.997,0.955634236661658
"C5orf24",1.008,0.955664063095111
"DGKB",1.002,0.955859820089988
"CATSPER2P1",0.994,0.955928307591641
"CEACAM3",0.997,0.956128571840199
"ACE2",0.998,0.956191508445702
"RASSF7",0.996,0.956228583788016
"MB",1.002,0.956229710053068
"BMPR1A",1.008,0.956357541316873
"MYO7A",0.996,0.956450031105459
"PNLIPRP2",0.99,0.956485653633876
"USP50",0.982,0.956583160964361
"LOC647859",0.998,0.956630493978663
"LRRCC1",0.994,0.956633481335881
"LOC653113",0.996,0.956645325993389
"FCGR3B",1.002,0.956708760362889
"REST",0.996,0.95672781203952
"CTU2",0.994,0.956855369162121
"SRRM3",1.003,0.956928315126822
"C10orf62",0.992,0.956941805127399
"INO80C",0.994,0.957149434365896
"PHF20",1.008,0.957185337302928
"TREX2",1.004,0.957214934771534
"EED",0.992,0.957216635476104
"TAF1B",1.007,0.957239525266389
"DSTN",1.006,0.957322290883012
"RNF115",1.008,0.957347361102043
"PQLC3",0.994,0.957495267443783
"DPEP3",0.997,0.957558490638685
"HECTD2",0.994,0.95764176443173
"ARX",1.002,0.957783985295039
"C5orf54",0.994,0.957805615918175
"FAM113B",1.004,0.957843339321855
"C5orf60",1.008,0.957965095745001
"RAB11B",0.992,0.958050626013004
"APH1A",0.991,0.958065363168828
"KRTAP3.2",1.007,0.958145710597759
"VPS72",1.007,0.958265036696363
"IL1F9",1.002,0.958309068495455
"SF1",1.012,0.958470467607003
"DCAF7",0.992,0.958516560080723
"MED30",1.006,0.95865841288705
"AMDHD2",1.005,0.958669465875504
"TPST1",1.005,0.958691655688478
"C19orf60",1.005,0.958703126220076
"CDK9",0.991,0.958878069521877
"SLC16A2",1.003,0.958908060960037
"WNT10A",1.002,0.959140408213158
"SEMA3B",0.998,0.959258383546995
"PAFAH1B1",1.009,0.95929487107978
"C9orf153",0.995,0.959399606271654
"PRPSAP2",1.007,0.959429274632535
"IQSEC3",1.003,0.959453605069156
"TUBB4Q",1.004,0.959464933783236
"CSNK1G2",0.993,0.959527920794829
"DICER1",1.007,0.959577570880226
"DUXA",1.008,0.96006255085138
"GUCA1B",1.003,0.96008435673983
"VSTM2L",1.002,0.960207924620554
"DPH3",1.007,0.960345453151174
"MKLN1",1.009,0.960440265236461
"LOC149134",1.003,0.960816731238982
"THRAP3",0.99,0.960935469622849
"SLC6A2",1.002,0.96096782795585
"EXD2",1.008,0.961011298871033
"LPO",0.997,0.961033859258635
"LOC441601",1.003,0.961120000935043
"DMRT1",0.997,0.961307921006867
"C2orf28",0.995,0.961320108762831
"PEMT",0.995,0.96145101240702
"PPARGC1A",1.002,0.961459561627875
"CHERP",1.007,0.961542515942079
"DEFA1B",0.997,0.961754832340562
"ZSCAN20",0.994,0.961815654115099
"GLTPD2",1.001,0.961993349501334
"SGK494",1.003,0.96214737378415
"CCDC127",1.006,0.962286987805378
"LIN37",0.995,0.962335603214129
"MMP7",1.002,0.962384265515583
"FOXD4L2",0.996,0.962414117645475
"GPR109B",0.998,0.962445539360258
"ACN9",1.005,0.96248576036804
"KC6",0.998,0.96256969727839
"STK16",1.007,0.962578765921327
"PTK6",0.998,0.962688346668759
"ACTA2",1.003,0.962733320969644
"ZNF121",1.005,0.962775432858836
"PPP1R2P9",0.991,0.962968282980173
"HPYR1",1.013,0.962970381221359
"CEACAM5",1.001,0.963007780262415
"DPYSL5",0.998,0.963015554888593
"ACYP1",0.996,0.963038745219433
"TMEM170A",0.992,0.963157676344657
"NEK11",1.004,0.963192042779168
"RPL19",0.994,0.963345537785132
"C12orf53",0.998,0.963407524646436
"KLF6",1.004,0.963565095844041
"NXPH2",1.003,0.963776587606355
"RPS10",0.996,0.963839784839422
"LOC100190939",1.005,0.963878900894626
"NARG2",0.992,0.963951264049514
"ENOX2",1.006,0.964094606513096
"EN2",1.002,0.964221259569129
"PCSK1N",0.999,0.964410431243858
"FAM70B",0.997,0.964529762457072
"JMJD8",0.995,0.964612452976818
"CXorf1",0.989,0.96477001762649
"LAS1L",0.993,0.964787059331173
"NDUFA5",0.993,0.964919481660357
"GSG1",0.995,0.964946877952154
"HAUS3",1.008,0.964955141544071
"CLDN5",1.003,0.96504628562329
"DHRS9",1.002,0.965059817219509
"GPR152",0.997,0.965114474073062
"P2RY1",0.997,0.965141078635886
"PRR25",0.989,0.96516182185689
"SCN8A",1.002,0.965218389890746
"BDNFOS",1.003,0.965600983275268
"TSIX",1.001,0.965653985765283
"DCST1",1.003,0.965710615702512
"TBX1",0.998,0.965817555313976
"C16orf80",0.993,0.965852688422088
"ARL9",0.998,0.96592489790489
"AFAP1L2",0.998,0.966029323758739
"CCBP2",0.998,0.966066524314037
"HAUS8",1.005,0.966078870566534
"PPIP5K2",1.007,0.966097176132712
"C7orf29",0.996,0.966127467338539
"CTGF",0.997,0.966220302238088
"CD151",1.004,0.966246097373839
"TMEM154",1.003,0.966381367464778
"RPL12",1.004,0.966416212576519
"C12orf47",1.006,0.966587426515054
"AIM2",0.999,0.966644313507116
"ACPL2",0.995,0.966704953699325
"DKFZp566F0947",1.004,0.966736949738602
"SPAST",1.006,0.966996269336568
"HSD17B12",1.005,0.967063644967214
"SEZ6L2",0.998,0.967063976455721
"LRRN2",1.002,0.967067027149647
"ATP5I",1.004,0.967095112505749
"RSAD2",1.002,0.96723398964308
"DGCR11",0.996,0.96733221452504
"ZNF239",1.003,0.967525303126829
"GRB2",0.992,0.967831303255422
"VTI1A",1.008,0.967946349186775
"DCUN1D4",1.006,0.967952284611167
"NEB",0.999,0.96816502772546
"TRAPPC5",0.996,0.968263228841088
"CHST12",0.995,0.968323600544901
"LOC642587",0.999,0.96838115340542
"SPDEF",1.002,0.968386090816715
"POLR3E",0.994,0.968406539667964
"LRWD1",0.996,0.968413288611071
"HEXIM2",0.996,0.96871425364127
"PRSS30P",0.998,0.969095287975411
"SNORA68",0.988,0.969150995427462
"EVC2",1.003,0.969368642519261
"VASH2",0.998,0.969431821358367
"SIL1",1.004,0.969821518437036
"SNHG1",1.003,0.970080745431127
"PPP2R5C",0.993,0.970438444061602
"NRADDP",1.003,0.970443821738944
"C6orf57",1.003,0.970506972023963
"ENSA",0.994,0.970631746021735
"FTHL17",0.998,0.970750491035556
"LOC100132354",0.998,0.970854740678002
"RNF160",1.005,0.971106447038268
"DUS2L",1.006,0.971276671164421
"NUBP2",0.996,0.971308741453704
"MPPED2",0.998,0.971558309842611
"HAPLN4",1.002,0.971562116172315
"GOLGA7",0.996,0.97175651970852
"LOC440925",1.002,0.97179416440891
"CEP170",1.004,0.97180136959482
"HHLA2",0.999,0.971859361126617
"SH3GL3",1.002,0.971978244981851
"DMGDH",0.999,0.972026749308185
"LOC219347",1.002,0.972177167346623
"TRIM8",0.996,0.972232879744944
"DDOST",1.006,0.97223565691922
"SRRT",1.005,0.972429243847549
"ALDH3B1",0.998,0.972472950548725
"MUC6",1.001,0.972542534543364
"NXPH4",1.001,0.972590796938541
"PEX7",1.004,0.972819113882251
"TP53BP2",0.995,0.972947229636462
"RFX1",1.005,0.972949385625695
"NHLRC2",1.003,0.972964571407884
"AMZ1",1.002,0.973200497182018
"TOR1AIP1",0.995,0.973380387001101
"RPS23",0.996,0.97344508600012
"GTF2A1",1.003,0.973473136675696
"PLCB1",0.998,0.973653426301625
"C19orf51",1.001,0.973779833390923
"SRRM2",0.997,0.973874426495566
"GPM6A",0.999,0.973914700099258
"ZNF622",1.005,0.974137803714245
"PCNP",1.005,0.974141853866219
"SIGLEC14",0.999,0.974287936044348
"IK",0.994,0.974307884118317
"ROPN1",0.998,0.974417849121319
"CHD4",0.995,0.974463690100883
"IAH1",1.004,0.974501667366356
"VAPB",0.996,0.974698917500256
"SFRS13A",0.993,0.974769919217507
"MTCP1",0.997,0.97478922363819
"TELO2",0.997,0.975053444507093
"FAM21A",0.998,0.975107690414451
"RPA4",0.997,0.975109106021572
"TRIM4",0.996,0.975110085859869
"SPG20",0.996,0.975164125236428
"FEM1C",1.004,0.975420343386175
"OC90",1.003,0.975518216334778
"HLA.G",0.999,0.975601697295645
"CCNT1",1.002,0.975612724839202
"CYTH2",1.005,0.975617817802203
"ANKRD19",0.997,0.975688551030485
"C1orf156",1.004,0.975832076266541
"WDR45L",0.996,0.975848338084514
"DUSP16",0.997,0.976019498291758
"CXorf38",0.996,0.976132252529895
"CALML6",0.998,0.976209747927472
"NCRNA00202",1.002,0.976273192445239
"SUN3",0.999,0.976319485044679
"PPFIA1",0.995,0.976372532914184
"C6orf72",0.996,0.976381072296824
"LOC100132832",0.998,0.976592527700196
"MRPS33",0.997,0.976604440451604
"PCDH12",1.002,0.97664390068381
"OAZ3",1.002,0.976660594588924
"GOLGA8DP",0.997,0.976734248334426
"GPR109A",1.001,0.976812735499949
"ADAT1",0.997,0.977009752107589
"PLS3",1.002,0.97702389998229
"CDK5",1.004,0.97707076987631
"MED28",1.004,0.977357886908281
"ZNF358",0.997,0.977443179945938
"IL1RL2",0.998,0.977697010270352
"RER1",0.995,0.977735331820068
"C8orf31",0.999,0.977747285136304
"TTLL8",0.996,0.977765715132488
"EP400",1.003,0.97806805853197
"LOC284009",1.003,0.978491996162604
"CCDC62",0.998,0.978540610589264
"C6orf191",1.006,0.978552397941874
"LRRC57",1.005,0.978700971565425
"TAGLN",1.002,0.97873953900447
"NOMO2",1.002,0.978754130864748
"TNFAIP2",0.999,0.979080603545847
"GAK",1.003,0.979151162372347
"FBF1",0.998,0.97915296144219
"TNK1",0.997,0.979237799886101
"TCAM1P",0.999,0.979247221509455
"RABGEF1",0.995,0.979451155493081
"COIL",1.004,0.979475035392278
"CHGB",0.999,0.979612866537209
"GRM7",1.001,0.979623793263022
"APOBEC3B",1.001,0.979691544230059
"ANPEP",0.999,0.979723256421587
"ANTXRL",0.997,0.979874835917223
"TSPAN18",1.002,0.979996637314711
"LAYN",0.998,0.980019757905605
"HFM1",1.001,0.980083927551347
"SEP15",1.003,0.980244105299125
"POU3F4",0.995,0.980295741993641
"KLHL15",1.004,0.980415436491811
"LOC647309",1.001,0.98043648071481
"ACVR1",1.003,0.980458025836154
"SLC22A7",1.005,0.980496809715147
"OST4",0.997,0.980501335766853
"NANOG",0.998,0.98064836124482
"GGNBP1",1.006,0.980680256357644
"CYBASC3",1.004,0.980788497336553
"CAMKV",0.998,0.980824312243955
"POLR3A",1.003,0.980850919852458
"EBI3",0.999,0.980859515997045
"PPIB",1.002,0.980906130885883
"CYP2A7",0.998,0.981015209028065
"POLG",1.004,0.981068475874118
"NOTCH2",1.002,0.981123174440693
"LYPLA2",0.997,0.981214695597254
"BOLA1",0.998,0.98131605514916
"TRMT61A",0.997,0.981379431662144
"C22orf45",0.999,0.981428658299201
"ZNF562",0.997,0.981573419134696
"CYB5D2",1.002,0.981672758559031
"MCM3APAS",1.002,0.981715823205828
"PMS2L2",0.998,0.982240453879625
"TXLNG",0.998,0.982580917069979
"STON1",1.002,0.982667213433388
"ZFP112",0.997,0.982679122175853
"KLK4",0.999,0.98275466465773
"SLC22A18",0.999,0.982891455349549
"TTLL13",1.001,0.98327717259612
"NHS",0.999,0.983394885185718
"FLJ42289",0.999,0.983467001732732
"ZNF341",0.998,0.9834980105729
"FUT10",0.998,0.983562983940839
"CCDC160",0.999,0.983565699103789
"KTI12",1.003,0.983610256987581
"TACR1",0.999,0.983667984628028
"SRP54",0.998,0.983721674498436
"DAGLB",1.003,0.98395356083189
"RYR3",0.999,0.983989883292708
"KCNMB2",0.999,0.984030253279914
"AMPD2",1.003,0.984099246747492
"UIMC1",0.996,0.984114014600388
"C5orf27",1.001,0.984292813671689
"DUSP23",1.001,0.98438975124897
"CD44",0.999,0.98447359427701
"GOLGA6A",0.997,0.98458477911114
"XG",1.001,0.984672450558719
"AEBP1",0.999,0.984737316045195
"STMN2",0.999,0.984752140529456
"PDE2A",0.999,0.984950024567653
"ZNF22",1.003,0.984956640988176
"SOX11",1.001,0.985039771396893
"PIAS3",0.998,0.985081695663072
"DCTN2",1.003,0.985086040180853
"CLIC3",0.999,0.985101772557944
"ZFP41",0.998,0.985155285756407
"POFUT2",0.998,0.98516223699381
"CDC14C",1.002,0.985473630914335
"LCOR",0.999,0.98553436731259
"SH2B2",0.999,0.985541372916178
"GCM2",0.995,0.985716189484825
"AMAC1",1.003,0.985757834714284
"TMEM126B",0.998,0.98589229850548
"CLDN15",0.998,0.985967543973495
"PDCL",0.997,0.985972120106228
"X..553137",1.001,0.985997959522523
"VIM",1.001,0.986001892345674
"SLC39A3",1.003,0.986047854606615
"ENAH",1.002,0.98626397766349
"ARHGDIG",0.999,0.986330384967878
"C14orf72",1.001,0.98633357971416
"ZFAND1",1.002,0.986360966200604
"LASS3",0.999,0.986401432597511
"CSNK1D",0.997,0.986777717079417
"HIGD1A",1.002,0.986854561377474
"C14orf115",0.998,0.986926096696319
"RPL31P11",1.001,0.98697096783218
"SPINK7",1.002,0.987037763921641
"RAB5C",0.997,0.987213685766396
"LOC254559",1.001,0.987278863555873
"RFPL2",1.001,0.987283542783066
"UBR1",0.998,0.987362736963352
"NCRNA00185",0.999,0.98741313345063
"CDKN1B",0.998,0.987415018020123
"FIBIN",0.999,0.987549159768286
"IFI27",1.001,0.987607077435278
"CIDECP",0.998,0.987675899362817
"TUBB2A",0.999,0.987919163337575
"NDUFA7",0.998,0.988005933628314
"PLCXD1",1.001,0.988092316123
"ZFP62",1.002,0.988211313593332
"ZNF28",0.998,0.988673391360616
"TSPAN15",1.001,0.988940125872655
"ERAP1",1.001,0.989019781122208
"OXA1L",1.002,0.989059966178069
"LOC400931",1.001,0.989112643824285
"OR51I1",1.003,0.989237970296648
"MCCD1",1.001,0.989289324383768
"TYMP",1.001,0.989413334635473
"PNN",1.001,0.989507304246438
"PMPCB",0.998,0.989563297911998
"LOC100126784",0.999,0.989776070902158
"ZC3H13",0.998,0.989797962375666
"CTXN1",1.001,0.98993076011827
"GAL3ST1",0.999,0.990322183900086
"USF2",1.002,0.990361334128652
"MORN1",0.999,0.990442653316339
"RFWD2",1.002,0.990471812118639
"EIF5",1.002,0.990605944291611
"COG8",1.002,0.990663110688806
"SOX12",1.001,0.990773380528665
"SLC2A5",1.001,0.990814894661716
"TBP",0.998,0.990949207476706
"DACT3",0.999,0.990954850531052
"CCDC63",0.998,0.990957089552121
"CHPF2",1.002,0.99099303640001
"FZD9",1,0.991079829960308
"NUP214",0.998,0.991161000760148
"POLDIP3",1.002,0.991169663845514
"RABL3",1.002,0.991194141023087
"TMEM14C",0.999,0.991202507256695
"LGALS4",1,0.991245148365644
"FRMD4B",1.001,0.991396751368083
"CYP3A4",0.999,0.99141137621957
"KIRREL2",1,0.991545874010929
"DHX8",0.998,0.991625012445342
"ARHGAP39",0.999,0.991651096357621
"DNAJA2",0.998,0.991846430836536
"CCDC47",0.998,0.991954526691903
"TMEM208",0.999,0.992022232600247
"PIGF",0.999,0.992163862861674
"RGS10",0.999,0.992215702103936
"SLC7A5P2",1.001,0.992218560527321
"CIZ1",1.002,0.992284452857754
"ANKLE1",1,0.992416972228145
"EFCAB2",0.999,0.992478840807945
"MOCS2",1.001,0.992600082913497
"TMEM68",0.999,0.99264688183871
"POLR2L",0.999,0.992671036973783
"COX8C",0.999,0.992700865239474
"NCR1",0.999,0.992733352237196
"KRTDAP",1.001,0.993103988044942
"DDI1",1.003,0.993105078157539
"QDPR",1.001,0.993169855304969
"CCNH",0.999,0.99328415180274
"ZNF534",0.999,0.993326802032512
"PRAMEF8",1.001,0.993463309970303
"PPP3R2",1.002,0.993543514583785
"NDUFS8",1.001,0.993582480205727
"FLJ43860",1.001,0.993686980862732
"TAF11",1.001,0.993860642684404
"BLCAP",1.001,0.99405705845175
"C9orf114",1.001,0.994169878087493
"PTENP1",0.999,0.994183782701937
"TMEM88B",1,0.994231970171201
"LOC285954",0.999,0.994353616999036
"NPAS3",1,0.994388393695514
"FRG1",0.999,0.994455284649145
"STARD13",0.999,0.994466940491517
"LASS2",0.999,0.994496206646447
"IMPDH2",1.001,0.994502631950985
"CBLN2",1,0.994599868409917
"GABRD",1,0.994771538408934
"NUDT9",0.999,0.99478838592246
"MAGEF1",0.999,0.994821226536183
"FBXO21",1.001,0.9948810770311
"TFIP11",1.001,0.994962543282997
"CACNA1B",1,0.994970897277006
"PITRM1",0.999,0.994996439196429
"MAP3K15",1,0.995356095228064
"CYP11A1",1,0.995427134799946
"LBX1",0.999,0.995523475858183
"MYT1L",1,0.995589636084311
"GOLPH3L",0.999,0.995762109741926
"HPGD",1,0.995815016411304
"SHPK",0.999,0.995826518799572
"NCRNA00169",1,0.995855844585501
"C3orf23",1.001,0.995892399139843
"TMTC4",1,0.996004086613347
"COL10A1",1,0.996049333140856
"LOC100132111",1,0.996079783998186
"C13orf1",1.001,0.996237377763734
"CARS2",0.999,0.996359891576965
"CBS",1,0.996499625876182
"MMP13",1,0.996542587603115
"KCNC2",1,0.996631131045045
"PHACTR3",1,0.996685803643676
"C9orf78",1.001,0.996686143804219
"ATF4",1.001,0.996984132712649
"SLC28A2",1,0.997316361830336
"PMS2L11",1,0.997481086421102
"RNF25",1.001,0.997483427192007
"ASXL2",1,0.997510827445351
"RNF148",1,0.997643271471661
"LOC285768",1,0.997648679031977
"SNORA34",0.999,0.997660206388474
"KIAA0754",1,0.997680136614202
"LIPJ",1,0.997743994133468
"UBXN1",1,0.997977744281775
"KCNU1",1,0.998355650259566
"TMED5",1,0.998490772511049
"C18orf22",1,0.998597281366515
"CRABP1",1,0.998728811234145
"SLC38A4",1,0.998787510998216
"DLGAP4",1,0.998814744790918
"PSKH1",1,0.998821341112869
"C14orf179",1,0.998912003047943
"TPM1",1,0.998969402487424
"PPARGC1B",1,0.999140618263066
"RAB34",1,0.999184327748673
"C3orf70",1,0.99920868501814
"GPR111",1,0.999214972308669
"ARHGAP29",1,0.999239212166948
"DBNL",1,0.99934808830243
"USP26",1,0.999362848470989
"DDTL",1,0.99958539411799
"DNM1",1,0.999751459400109
"UPF3B",1,0.999883850059638
